placeid,night,morning,noon,evening
47752,0.03896103896103896,0.2932551319648094,0.25806451612903225,0.4097193129451194
12904,0.09567496723460026,0.1258191349934469,0.37745740498034075,0.40104849279161203
60638,0.03940886699507389,0.21018062397372742,0.31527093596059114,0.4351395730706076
304153,0.0,0.125,0.375,0.5
69675,0.06015037593984962,0.20300751879699247,0.3157894736842105,0.42105263157894735
282468,0.1111111111111111,0.3333333333333333,0.2222222222222222,0.3333333333333333
57279,0.06403940886699508,0.22988505747126436,0.24630541871921183,0.45977011494252873
131998,0.2236842105263158,0.06578947368421052,0.039473684210526314,0.6710526315789473
271964,0.17365269461077845,0.1437125748502994,0.33532934131736525,0.3473053892215569
282243,0.16666666666666666,0.3333333333333333,0.08333333333333333,0.4166666666666667
290715,0.08791208791208792,0.12087912087912088,0.23076923076923078,0.5604395604395604
259304,0.047619047619047616,0.19047619047619047,0.2857142857142857,0.47619047619047616
55866,0.08,0.19333333333333333,0.25333333333333335,0.47333333333333333
285904,0.06,0.1,0.26,0.58
285358,0.1,0.1,0.3,0.5
55096,0.024390243902439025,0.1524390243902439,0.34146341463414637,0.4817073170731707
75112,0.0136986301369863,0.0547945205479452,0.5068493150684932,0.4246575342465753
49538,0.03333333333333333,0.17916666666666667,0.32916666666666666,0.4583333333333333
121067,0.041044776119402986,0.2462686567164179,0.30597014925373134,0.40671641791044777
968242,0.06896551724137931,0.3103448275862069,0.2413793103448276,0.3793103448275862
223306,0.0784313725490196,0.2549019607843137,0.3137254901960784,0.35294117647058826
406572,0.0975609756097561,0.12195121951219512,0.5121951219512195,0.2682926829268293
246646,0.0375,0.1125,0.35,0.5
87199,0.05384615384615385,0.14615384615384616,0.3923076923076923,0.4076923076923077
901200,0.06382978723404255,0.10638297872340426,0.425531914893617,0.40425531914893614
7231639,0.03571428571428571,0.03571428571428571,0.7142857142857143,0.21428571428571427
1025745,0.14285714285714285,0.14285714285714285,0.21428571428571427,0.5
5142683,0.125,0.125,0.375,0.375
6603765,0.2222222222222222,0.2222222222222222,0.1111111111111111,0.4444444444444444
944697,0.0,0.2,0.35,0.45
1023313,0.1789709172259508,0.2371364653243848,0.20134228187919462,0.3825503355704698
6381304,0.09090909090909091,0.0,0.18181818181818182,0.7272727272727273
73640,0.06521739130434782,0.19082125603864733,0.3188405797101449,0.4251207729468599
36602,0.043222003929273084,0.12966601178781925,0.30844793713163066,0.518664047151277
938215,0.0,0.1111111111111111,0.4444444444444444,0.4444444444444444
960628,0.09090909090909091,0.045454545454545456,0.5454545454545454,0.3181818181818182
117724,0.056818181818181816,0.14772727272727273,0.375,0.42045454545454547
66170,0.14893617021276595,0.06382978723404255,0.2553191489361702,0.5319148936170213
307298,0.037037037037037035,0.3333333333333333,0.14814814814814814,0.48148148148148145
12977,0.0847457627118644,0.11581920903954802,0.4915254237288136,0.307909604519774
976302,0.18181818181818182,0.09090909090909091,0.36363636363636365,0.36363636363636365
317526,0.038461538461538464,0.0673076923076923,0.3942307692307692,0.5
1198121,0.2222222222222222,0.1111111111111111,0.1111111111111111,0.5555555555555556
241099,0.0,0.15,0.25,0.6
1073205,0.18181818181818182,0.09090909090909091,0.45454545454545453,0.2727272727272727
245609,0.1724137931034483,0.06896551724137931,0.4482758620689655,0.3103448275862069
514591,0.015151515151515152,0.12121212121212122,0.30303030303030304,0.5606060606060606
545914,0.11764705882352941,0.0,0.29411764705882354,0.5882352941176471
849778,0.14285714285714285,0.19047619047619047,0.42857142857142855,0.23809523809523808
338783,0.21052631578947367,0.21052631578947367,0.10526315789473684,0.47368421052631576
63598,0.3835616438356164,0.1232876712328767,0.2328767123287671,0.2602739726027397
6456195,0.058823529411764705,0.058823529411764705,0.4117647058823529,0.47058823529411764
1071654,0.0625,0.125,0.375,0.4375
1334561,0.1,0.5,0.3,0.1
483759,0.16666666666666666,0.3333333333333333,0.19444444444444445,0.3055555555555556
1348118,0.0,0.12903225806451613,0.3225806451612903,0.5483870967741935
62652,0.09090909090909091,0.12727272727272726,0.38181818181818183,0.4
753639,0.07692307692307693,0.07692307692307693,0.2692307692307692,0.5769230769230769
1317293,0.07894736842105263,0.21052631578947367,0.5,0.21052631578947367
634364,0.09701492537313433,0.16417910447761194,0.34328358208955223,0.39552238805970147
1084796,0.125,0.0,0.25,0.625
1099619,0.0,0.0,0.4,0.6
851533,0.1,0.0,0.6,0.3
1125894,0.09090909090909091,0.09090909090909091,0.36363636363636365,0.45454545454545453
71232,0.0,0.125,0.4375,0.4375
472141,0.03333333333333333,0.3,0.08333333333333333,0.5833333333333334
177754,0.014218009478672985,0.13744075829383887,0.38388625592417064,0.46445497630331756
619988,0.06896551724137931,0.20689655172413793,0.3448275862068966,0.3793103448275862
198591,0.013452914798206279,0.14573991031390135,0.5044843049327354,0.336322869955157
59369,0.07615230460921844,0.312625250501002,0.24048096192384769,0.37074148296593185
6501219,0.05454545454545454,0.14545454545454545,0.45454545454545453,0.34545454545454546
46120,0.06055555555555556,0.30444444444444446,0.2511111111111111,0.3838888888888889
49746,0.1875,0.034722222222222224,0.2916666666666667,0.4861111111111111
338403,0.09523809523809523,0.047619047619047616,0.47619047619047616,0.38095238095238093
345723,0.15,0.15,0.275,0.425
484716,0.11627906976744186,0.06976744186046512,0.20930232558139536,0.6046511627906976
430486,0.03225806451612903,0.41935483870967744,0.1935483870967742,0.3548387096774194
219125,0.07692307692307693,0.3076923076923077,0.23076923076923078,0.38461538461538464
282357,0.21428571428571427,0.14285714285714285,0.39285714285714285,0.25
71068,0.03333333333333333,0.3296296296296296,0.17407407407407408,0.46296296296296297
71064,0.09550561797752809,0.3202247191011236,0.1853932584269663,0.398876404494382
1549455,0.06666666666666667,0.25333333333333335,0.3466666666666667,0.3333333333333333
71071,0.046357615894039736,0.31788079470198677,0.2582781456953642,0.37748344370860926
1432402,0.0,0.13793103448275862,0.3103448275862069,0.5517241379310345
1127008,0.04081632653061224,0.22448979591836735,0.42857142857142855,0.30612244897959184
851967,0.0,0.0,0.2727272727272727,0.7272727272727273
77885,0.1048951048951049,0.20279720279720279,0.23076923076923078,0.46153846153846156
1254364,0.08139534883720931,0.1744186046511628,0.32558139534883723,0.4186046511627907
49536,0.059895833333333336,0.23307291666666666,0.2565104166666667,0.4505208333333333
343036,0.13725490196078433,0.3333333333333333,0.2549019607843137,0.27450980392156865
60424,0.16666666666666666,0.16666666666666666,0.18181818181818182,0.48484848484848486
625584,0.023809523809523808,0.07142857142857142,0.4523809523809524,0.4523809523809524
184821,0.04285714285714286,0.22857142857142856,0.34285714285714286,0.38571428571428573
1534282,0.21428571428571427,0.14285714285714285,0.25,0.39285714285714285
1539238,0.4,0.2,0.1,0.3
308693,0.1875,0.125,0.125,0.5625
63705,0.0967741935483871,0.12903225806451613,0.3870967741935484,0.3870967741935484
515504,0.07692307692307693,0.1076923076923077,0.46153846153846156,0.35384615384615387
937623,0.05714285714285714,0.2714285714285714,0.21428571428571427,0.45714285714285713
931999,0.10714285714285714,0.2857142857142857,0.39285714285714285,0.21428571428571427
425165,0.08823529411764706,0.29411764705882354,0.3235294117647059,0.29411764705882354
12978,0.043478260869565216,0.17391304347826086,0.5130434782608696,0.26956521739130435
57346,0.019067796610169493,0.3961864406779661,0.2775423728813559,0.3072033898305085
71347,0.04411764705882353,0.18382352941176472,0.49264705882352944,0.27941176470588236
841903,0.18181818181818182,0.2727272727272727,0.2727272727272727,0.2727272727272727
236308,0.05555555555555555,0.16666666666666666,0.3888888888888889,0.3888888888888889
98612,0.1111111111111111,0.2962962962962963,0.2222222222222222,0.37037037037037035
525580,0.375,0.125,0.0,0.5
1127049,0.0,0.11764705882352941,0.4117647058823529,0.47058823529411764
1191688,0.0,0.06060606060606061,0.48484848484848486,0.45454545454545453
86316,0.18811881188118812,0.25742574257425743,0.1485148514851485,0.40594059405940597
224834,0.2222222222222222,0.0,0.1111111111111111,0.6666666666666666
54813,0.0,0.08333333333333333,0.5,0.4166666666666667
234831,0.0,0.16666666666666666,0.5,0.3333333333333333
1086385,0.0,0.0,0.3333333333333333,0.6666666666666666
124178,0.03081232492997199,0.5294117647058824,0.11204481792717087,0.3277310924369748
714962,0.06666666666666667,0.3333333333333333,0.3333333333333333,0.26666666666666666
147321,0.04477611940298507,0.13432835820895522,0.40298507462686567,0.417910447761194
670902,0.0,0.2,0.4,0.4
400832,0.10526315789473684,0.15789473684210525,0.3157894736842105,0.42105263157894735
680470,0.024390243902439025,0.2926829268292683,0.3902439024390244,0.2926829268292683
124175,0.08071748878923767,0.24663677130044842,0.29596412556053814,0.37668161434977576
483848,0.03968253968253968,0.6547619047619048,0.11904761904761904,0.1865079365079365
975143,0.21052631578947367,0.21052631578947367,0.21052631578947367,0.3684210526315789
744974,0.08,0.24,0.16,0.52
586116,0.125,0.375,0.25,0.25
586132,0.15384615384615385,0.15384615384615385,0.3076923076923077,0.38461538461538464
586281,0.09090909090909091,0.13636363636363635,0.3181818181818182,0.45454545454545453
593052,0.19230769230769232,0.11538461538461539,0.38461538461538464,0.3076923076923077
968830,0.0,0.16666666666666666,0.5,0.3333333333333333
707819,0.02,0.12,0.48,0.38
860204,0.10526315789473684,0.10526315789473684,0.3684210526315789,0.42105263157894735
619310,0.11764705882352941,0.11764705882352941,0.29411764705882354,0.47058823529411764
62247,0.06666666666666667,0.13333333333333333,0.23333333333333334,0.5666666666666667
197904,0.02097902097902098,0.16783216783216784,0.27972027972027974,0.5314685314685315
234477,0.03125,0.11458333333333333,0.3854166666666667,0.46875
1127075,0.0,0.0,0.3157894736842105,0.6842105263157895
1126984,0.047619047619047616,0.14285714285714285,0.3333333333333333,0.47619047619047616
1126942,0.045454545454545456,0.13636363636363635,0.45454545454545453,0.36363636363636365
1126888,0.043478260869565216,0.21739130434782608,0.34782608695652173,0.391304347826087
1126865,0.043478260869565216,0.17391304347826086,0.43478260869565216,0.34782608695652173
1126846,0.041666666666666664,0.2916666666666667,0.25,0.4166666666666667
1125964,0.07142857142857142,0.07142857142857142,0.07142857142857142,0.7857142857142857
789350,0.6785714285714286,0.023809523809523808,0.011904761904761904,0.2857142857142857
349968,0.0,0.15384615384615385,0.3076923076923077,0.5384615384615384
1002197,0.043478260869565216,0.391304347826087,0.43478260869565216,0.13043478260869565
233744,0.06060606060606061,0.18181818181818182,0.4090909090909091,0.3484848484848485
62646,0.016129032258064516,0.1532258064516129,0.4274193548387097,0.4032258064516129
61421,0.03678929765886288,0.11705685618729098,0.11371237458193979,0.7324414715719063
74527,0.15,0.25,0.25,0.35
54815,0.09803921568627451,0.39215686274509803,0.1503267973856209,0.35947712418300654
311403,0.37037037037037035,0.07407407407407407,0.2962962962962963,0.25925925925925924
335315,0.16666666666666666,0.08333333333333333,0.3333333333333333,0.4166666666666667
159413,0.10218978102189781,0.291970802919708,0.24087591240875914,0.36496350364963503
117531,0.06153846153846154,0.2,0.18461538461538463,0.5538461538461539
60642,0.05063291139240506,0.02531645569620253,0.22784810126582278,0.6962025316455697
166847,0.14285714285714285,0.07142857142857142,0.39285714285714285,0.39285714285714285
155209,0.2857142857142857,0.21428571428571427,0.07142857142857142,0.42857142857142855
59195,0.11538461538461539,0.17307692307692307,0.34615384615384615,0.36538461538461536
149050,0.25,0.16666666666666666,0.25,0.3333333333333333
69760,0.13541666666666666,0.07291666666666667,0.21875,0.5729166666666666
117893,0.25,0.25,0.125,0.375
1097611,0.13333333333333333,0.6,0.13333333333333333,0.13333333333333333
211569,0.04225352112676056,0.2676056338028169,0.2535211267605634,0.43661971830985913
307104,0.0,0.5,0.2727272727272727,0.22727272727272727
6787321,0.0,0.07692307692307693,0.6538461538461539,0.2692307692307692
12880,0.053613053613053616,0.15151515151515152,0.4172494172494173,0.3776223776223776
396624,0.023255813953488372,0.023255813953488372,0.3023255813953488,0.6511627906976745
72032,0.2549019607843137,0.13725490196078433,0.0784313725490196,0.5294117647058824
167954,0.14864864864864866,0.16891891891891891,0.22297297297297297,0.4594594594594595
282376,0.022727272727272728,0.20454545454545456,0.4318181818181818,0.3409090909090909
251358,0.13043478260869565,0.13043478260869565,0.34782608695652173,0.391304347826087
251348,0.10526315789473684,0.15789473684210525,0.3157894736842105,0.42105263157894735
283177,0.043478260869565216,0.30434782608695654,0.2608695652173913,0.391304347826087
283076,0.02564102564102564,0.1794871794871795,0.2564102564102564,0.5384615384615384
703461,0.1,0.1625,0.225,0.5125
173049,0.0136986301369863,0.0821917808219178,0.4315068493150685,0.4726027397260274
63857,0.059490084985835696,0.15864022662889518,0.35127478753541075,0.43059490084985835
63868,0.012315270935960592,0.10098522167487685,0.41379310344827586,0.4729064039408867
63865,0.08,0.14,0.26,0.52
173477,0.038461538461538464,0.2692307692307692,0.23076923076923078,0.46153846153846156
273432,0.06666666666666667,0.26666666666666666,0.2,0.4666666666666667
187332,0.07692307692307693,0.07692307692307693,0.38461538461538464,0.46153846153846156
54887,0.05,0.25,0.35,0.35
134781,0.05357142857142857,0.14285714285714285,0.26785714285714285,0.5357142857142857
71035,0.04827586206896552,0.29310344827586204,0.2827586206896552,0.3758620689655172
177452,0.0,0.1,0.4,0.5
138860,0.05,0.2,0.45,0.3
121958,0.0,0.03333333333333333,0.5333333333333333,0.43333333333333335
87157,0.058823529411764705,0.11764705882352941,0.4411764705882353,0.38235294117647056
155504,0.014492753623188406,0.08695652173913043,0.3188405797101449,0.5797101449275363
168630,0.022727272727272728,0.09090909090909091,0.25,0.6363636363636364
535984,0.02702702702702703,0.34234234234234234,0.32432432432432434,0.3063063063063063
1595345,0.02702702702702703,0.43243243243243246,0.40540540540540543,0.13513513513513514
34329,0.04825737265415549,0.19302949061662197,0.36193029490616624,0.3967828418230563
173118,0.032,0.096,0.508,0.364
136792,0.0,0.25,0.25,0.5
76327,0.13953488372093023,0.11627906976744186,0.37209302325581395,0.37209302325581395
54965,0.07692307692307693,0.07692307692307693,0.20512820512820512,0.6410256410256411
299283,0.14285714285714285,0.05714285714285714,0.2,0.6
465594,0.0,0.15,0.35,0.5
876155,0.045454545454545456,0.09090909090909091,0.36363636363636365,0.5
235952,0.06818181818181818,0.06818181818181818,0.25,0.6136363636363636
292791,0.24528301886792453,0.22641509433962265,0.18867924528301888,0.33962264150943394
939652,0.07692307692307693,0.0,0.4230769230769231,0.5
218991,0.09090909090909091,0.13636363636363635,0.1590909090909091,0.6136363636363636
60292,0.08264462809917356,0.09917355371900827,0.38016528925619836,0.4380165289256198
117334,0.03272727272727273,0.18181818181818182,0.4109090909090909,0.37454545454545457
385611,0.023809523809523808,0.0,0.07142857142857142,0.9047619047619048
754741,0.17307692307692307,0.21153846153846154,0.3269230769230769,0.28846153846153844
581586,0.06818181818181818,0.29545454545454547,0.38636363636363635,0.25
288704,0.06896551724137931,0.10344827586206896,0.41379310344827586,0.41379310344827586
946115,0.13333333333333333,0.13333333333333333,0.3333333333333333,0.4
60791,0.023622047244094488,0.11023622047244094,0.38976377952755903,0.4763779527559055
1026126,0.1,0.3333333333333333,0.26666666666666666,0.3
374849,0.0,0.16129032258064516,0.41935483870967744,0.41935483870967744
1210831,0.0,0.17647058823529413,0.4117647058823529,0.4117647058823529
229381,0.0,0.14583333333333334,0.3333333333333333,0.5208333333333334
392657,0.07894736842105263,0.15789473684210525,0.3684210526315789,0.39473684210526316
288731,0.0625,0.15625,0.375,0.40625
205773,0.05042016806722689,0.11764705882352941,0.2857142857142857,0.5462184873949579
184915,0.029411764705882353,0.2647058823529412,0.27941176470588236,0.4264705882352941
638119,0.06976744186046512,0.23255813953488372,0.20930232558139536,0.4883720930232558
400762,0.24390243902439024,0.21951219512195122,0.2926829268292683,0.24390243902439024
256307,0.04529616724738676,0.2857142857142857,0.18466898954703834,0.4843205574912892
150115,0.1111111111111111,0.2222222222222222,0.19444444444444445,0.4722222222222222
634531,0.11538461538461539,0.34615384615384615,0.2692307692307692,0.2692307692307692
87250,0.045454545454545456,0.13636363636363635,0.2727272727272727,0.5454545454545454
12901,0.06451612903225806,0.14516129032258066,0.25806451612903225,0.532258064516129
333951,0.04428904428904429,0.10023310023310024,0.34965034965034963,0.5058275058275058
947898,0.09933774834437085,0.12582781456953643,0.40397350993377484,0.3708609271523179
727619,0.03333333333333333,0.23333333333333334,0.43333333333333335,0.3
117582,0.03125,0.171875,0.390625,0.40625
117590,0.04433497536945813,0.2413793103448276,0.37438423645320196,0.3399014778325123
288739,0.013513513513513514,0.20270270270270271,0.44594594594594594,0.33783783783783783
597951,0.033210332103321034,0.33948339483394835,0.24354243542435425,0.3837638376383764
164206,0.08542713567839195,0.1407035175879397,0.36683417085427134,0.40703517587939697
713460,0.08163265306122448,0.20408163265306123,0.35714285714285715,0.35714285714285715
245326,0.037037037037037035,0.12962962962962962,0.4074074074074074,0.42592592592592593
167780,0.12962962962962962,0.1574074074074074,0.4351851851851852,0.2777777777777778
973509,0.06666666666666667,0.2,0.26666666666666666,0.4666666666666667
1026131,0.09090909090909091,0.18181818181818182,0.36363636363636365,0.36363636363636365
746051,0.13333333333333333,0.23333333333333334,0.13333333333333333,0.5
456763,0.06382978723404255,0.3404255319148936,0.19148936170212766,0.40425531914893614
245307,0.20512820512820512,0.07692307692307693,0.3247863247863248,0.39316239316239315
51215,0.013333333333333334,0.14666666666666667,0.5066666666666667,0.3333333333333333
80643,0.04819277108433735,0.10843373493975904,0.25903614457831325,0.5843373493975904
136487,0.031914893617021274,0.09574468085106383,0.4148936170212766,0.4574468085106383
89032,0.015625,0.3359375,0.484375,0.1640625
1288442,0.041666666666666664,0.20833333333333334,0.375,0.375
343490,0.18181818181818182,0.3181818181818182,0.22727272727272727,0.2727272727272727
74660,0.03225806451612903,0.2903225806451613,0.3870967741935484,0.2903225806451613
4028217,0.14285714285714285,0.21428571428571427,0.2857142857142857,0.35714285714285715
137665,0.043478260869565216,0.30434782608695654,0.34782608695652173,0.30434782608695654
3123825,0.0625,0.1875,0.5,0.25
1242034,0.14285714285714285,0.14285714285714285,0.5,0.21428571428571427
580673,0.05,0.45,0.375,0.125
307177,0.05555555555555555,0.1111111111111111,0.3333333333333333,0.5
321491,0.2702702702702703,0.10810810810810811,0.2702702702702703,0.35135135135135137
79775,0.04395604395604396,0.2087912087912088,0.3956043956043956,0.3516483516483517
165636,0.3076923076923077,0.19230769230769232,0.23076923076923078,0.2692307692307692
91084,0.08571428571428572,0.02857142857142857,0.42857142857142855,0.45714285714285713
594235,0.16,0.12,0.08,0.64
1253828,0.17647058823529413,0.17647058823529413,0.17647058823529413,0.47058823529411764
71684,0.03773584905660377,0.018867924528301886,0.5849056603773585,0.3584905660377358
299960,0.42857142857142855,0.14285714285714285,0.14285714285714285,0.2857142857142857
384974,0.011764705882352941,0.023529411764705882,0.21176470588235294,0.7529411764705882
2459804,0.09090909090909091,0.36363636363636365,0.36363636363636365,0.18181818181818182
1174876,0.0,0.26666666666666666,0.26666666666666666,0.4666666666666667
436219,0.06153846153846154,0.33076923076923076,0.33076923076923076,0.27692307692307694
554981,0.018796992481203006,0.45864661654135336,0.30451127819548873,0.21804511278195488
933084,0.2727272727272727,0.18181818181818182,0.18181818181818182,0.36363636363636365
937495,0.0,0.5393258426966292,0.2808988764044944,0.1797752808988764
875609,0.0,0.14285714285714285,0.19047619047619047,0.6666666666666666
66625,0.14705882352941177,0.20588235294117646,0.3235294117647059,0.3235294117647059
48441,0.0,0.13043478260869565,0.717391304347826,0.15217391304347827
750605,0.05128205128205128,0.358974358974359,0.3076923076923077,0.28205128205128205
161376,0.18181818181818182,0.2727272727272727,0.18181818181818182,0.36363636363636365
728221,0.07317073170731707,0.24390243902439024,0.3170731707317073,0.36585365853658536
357436,0.2,0.0,0.36,0.44
273012,0.09090909090909091,0.0,0.36363636363636365,0.5454545454545454
150625,0.1836734693877551,0.04081632653061224,0.10204081632653061,0.673469387755102
550275,0.0847457627118644,0.2033898305084746,0.576271186440678,0.13559322033898305
168800,0.0,0.0,0.4,0.6
805258,0.0,0.14285714285714285,0.7142857142857143,0.14285714285714285
302431,0.0,0.05555555555555555,0.4444444444444444,0.5
7230675,0.0,0.46511627906976744,0.46511627906976744,0.06976744186046512
6593972,0.0,0.1,0.2,0.7
7225861,0.0,0.4,0.3090909090909091,0.2909090909090909
60558,0.2692307692307692,0.038461538461538464,0.23076923076923078,0.46153846153846156
218908,0.09523809523809523,0.09523809523809523,0.2619047619047619,0.5476190476190477
600550,0.24242424242424243,0.15151515151515152,0.3181818181818182,0.2878787878787879
195043,0.13125,0.14375,0.3875,0.3375
995819,0.1,0.0,0.6,0.3
950466,0.0,0.41025641025641024,0.46153846153846156,0.1282051282051282
306890,0.043478260869565216,0.08695652173913043,0.2608695652173913,0.6086956521739131
98306,0.11764705882352941,0.058823529411764705,0.23529411764705882,0.5882352941176471
208192,0.02702702702702703,0.22972972972972974,0.3783783783783784,0.36486486486486486
499645,0.054945054945054944,0.3956043956043956,0.3516483516483517,0.1978021978021978
1204505,0.1388888888888889,0.027777777777777776,0.3055555555555556,0.5277777777777778
1154155,0.0,0.1,0.2,0.7
877899,0.45454545454545453,0.09090909090909091,0.2727272727272727,0.18181818181818182
470678,0.2727272727272727,0.09090909090909091,0.36363636363636365,0.2727272727272727
4672111,0.029411764705882353,0.29411764705882354,0.3235294117647059,0.35294117647058826
3593915,0.034482758620689655,0.10344827586206896,0.13793103448275862,0.7241379310344828
1818280,0.18181818181818182,0.18181818181818182,0.2727272727272727,0.36363636363636365
1390038,0.0,0.3333333333333333,0.16666666666666666,0.5
3872978,0.0625,0.25,0.3125,0.375
1544619,0.2857142857142857,0.35714285714285715,0.21428571428571427,0.14285714285714285
384748,0.125,0.2916666666666667,0.16666666666666666,0.4166666666666667
454842,0.15384615384615385,0.3076923076923077,0.38461538461538464,0.15384615384615385
58839,0.02040816326530612,0.22448979591836735,0.4897959183673469,0.2653061224489796
6695019,0.0,0.7652173913043478,0.21739130434782608,0.017391304347826087
6491364,0.0,0.09090909090909091,0.36363636363636365,0.5454545454545454
6692889,0.016666666666666666,0.8,0.10833333333333334,0.075
6402728,0.03333333333333333,0.26666666666666666,0.23333333333333334,0.4666666666666667
7082503,0.1111111111111111,0.16666666666666666,0.3333333333333333,0.3888888888888889
74526,0.0,0.46153846153846156,0.3076923076923077,0.23076923076923078
752559,0.2727272727272727,0.18181818181818182,0.2727272727272727,0.2727272727272727
294985,0.20833333333333334,0.08333333333333333,0.2916666666666667,0.4166666666666667
1545751,0.18181818181818182,0.45454545454545453,0.09090909090909091,0.2727272727272727
1390278,0.2,0.3,0.3,0.2
285586,0.24,0.16,0.24,0.36
6135701,0.08333333333333333,0.08333333333333333,0.5,0.3333333333333333
1526564,0.09090909090909091,0.18181818181818182,0.2727272727272727,0.45454545454545453
193003,0.09090909090909091,0.2727272727272727,0.3939393939393939,0.24242424242424243
869085,0.15625,0.125,0.40625,0.3125
1526586,0.2,0.3,0.2,0.3
418473,0.2222222222222222,0.14814814814814814,0.25925925925925924,0.37037037037037035
953636,0.2222222222222222,0.1111111111111111,0.2222222222222222,0.4444444444444444
4157652,0.25,0.125,0.25,0.375
1271792,0.07407407407407407,0.14814814814814814,0.4074074074074074,0.37037037037037035
609083,0.15,0.1,0.6,0.15
1266178,0.1111111111111111,0.2222222222222222,0.3333333333333333,0.3333333333333333
1470702,0.16666666666666666,0.16666666666666666,0.08333333333333333,0.5833333333333334
576442,0.0,0.2777777777777778,0.4444444444444444,0.2777777777777778
5337170,0.09090909090909091,0.09090909090909091,0.36363636363636365,0.45454545454545453
744727,0.09523809523809523,0.19047619047619047,0.19047619047619047,0.5238095238095238
789037,0.0,0.36363636363636365,0.45454545454545453,0.18181818181818182
6449103,0.03571428571428571,0.2857142857142857,0.17857142857142858,0.5
578404,0.04878048780487805,0.2682926829268293,0.21951219512195122,0.4634146341463415
6263345,0.1,0.2,0.1,0.6
620004,0.043478260869565216,0.2826086956521739,0.2391304347826087,0.43478260869565216
358785,0.038461538461538464,0.3717948717948718,0.1282051282051282,0.46153846153846156
5901452,0.25,0.375,0.125,0.25
613891,0.09803921568627451,0.2549019607843137,0.27450980392156865,0.37254901960784315
6393159,0.0625,0.1875,0.171875,0.578125
1097421,0.03636363636363636,0.5454545454545454,0.2,0.21818181818181817
597088,0.045454545454545456,0.36363636363636365,0.18181818181818182,0.4090909090909091
190788,0.07142857142857142,0.2857142857142857,0.22448979591836735,0.41836734693877553
1028201,0.04081632653061224,0.22448979591836735,0.14285714285714285,0.5918367346938775
961133,0.18181818181818182,0.2727272727272727,0.18181818181818182,0.36363636363636365
219041,0.061224489795918366,0.22448979591836735,0.30612244897959184,0.40816326530612246
5161884,0.0,0.1,0.2,0.7
6284100,0.07692307692307693,0.23076923076923078,0.23076923076923078,0.46153846153846156
374190,0.05405405405405406,0.2972972972972973,0.2972972972972973,0.35135135135135137
7029764,0.1,0.2,0.2,0.5
3376788,0.07142857142857142,0.14285714285714285,0.35714285714285715,0.42857142857142855
374059,0.05405405405405406,0.32432432432432434,0.24324324324324326,0.3783783783783784
1497282,0.07142857142857142,0.07142857142857142,0.21428571428571427,0.6428571428571429
1486917,0.08,0.24,0.28,0.4
4310641,0.08333333333333333,0.25,0.16666666666666666,0.5
1190663,0.125,0.125,0.25,0.5
1432341,0.04,0.42,0.18,0.36
1525256,0.09722222222222222,0.3333333333333333,0.2361111111111111,0.3333333333333333
954108,0.047619047619047616,0.2857142857142857,0.09523809523809523,0.5714285714285714
6835442,0.0,0.3076923076923077,0.38461538461538464,0.3076923076923077
6572872,0.16666666666666666,0.25,0.25,0.3333333333333333
6518014,0.04,0.24,0.36,0.36
1115310,0.14285714285714285,0.14285714285714285,0.2857142857142857,0.42857142857142855
807507,0.13333333333333333,0.3333333333333333,0.3333333333333333,0.2
397769,0.3076923076923077,0.07692307692307693,0.23076923076923078,0.38461538461538464
713432,0.3333333333333333,0.16666666666666666,0.16666666666666666,0.3333333333333333
928916,0.125,0.0,0.375,0.5
382780,0.5111111111111111,0.0,0.022222222222222223,0.4666666666666667
1267003,0.08695652173913043,0.2608695652173913,0.21739130434782608,0.43478260869565216
575971,0.2,0.3,0.0,0.5
227957,0.06060606060606061,0.06060606060606061,0.7575757575757576,0.12121212121212122
406591,0.13636363636363635,0.3181818181818182,0.36363636363636365,0.18181818181818182
1052144,0.25,0.3333333333333333,0.3333333333333333,0.08333333333333333
714324,0.03571428571428571,0.5357142857142857,0.32142857142857145,0.10714285714285714
139574,0.45454545454545453,0.045454545454545456,0.22727272727272727,0.2727272727272727
2145208,0.2,0.2,0.2,0.4
1472489,0.3333333333333333,0.0,0.1111111111111111,0.5555555555555556
1312548,0.09523809523809523,0.19047619047619047,0.6666666666666666,0.047619047619047616
1479391,0.4444444444444444,0.2222222222222222,0.0,0.3333333333333333
67646,0.15384615384615385,0.15384615384615385,0.0,0.6923076923076923
578730,0.5,0.1,0.2,0.2
137090,0.13043478260869565,0.043478260869565216,0.6086956521739131,0.21739130434782608
47254,0.09090909090909091,0.09090909090909091,0.5454545454545454,0.2727272727272727
1258593,0.14285714285714285,0.07142857142857142,0.42857142857142855,0.35714285714285715
476301,0.06666666666666667,0.23333333333333334,0.4666666666666667,0.23333333333333334
1050454,0.5,0.0,0.07142857142857142,0.42857142857142855
619516,0.19047619047619047,0.09523809523809523,0.2857142857142857,0.42857142857142855
328429,0.3333333333333333,0.06666666666666667,0.2,0.4
494169,0.18181818181818182,0.09090909090909091,0.18181818181818182,0.5454545454545454
288691,0.25,0.1875,0.125,0.4375
1577803,0.3,0.2,0.1,0.4
55177,0.21052631578947367,0.21052631578947367,0.10526315789473684,0.47368421052631576
571415,0.23076923076923078,0.38461538461538464,0.07692307692307693,0.3076923076923077
864577,0.16129032258064516,0.12903225806451613,0.0967741935483871,0.6129032258064516
1097496,0.25,0.3333333333333333,0.25,0.16666666666666666
635506,0.3076923076923077,0.3076923076923077,0.07692307692307693,0.3076923076923077
1094895,0.08108108108108109,0.3783783783783784,0.21621621621621623,0.32432432432432434
589298,0.08,0.16,0.36,0.4
5436057,0.23076923076923078,0.15384615384615385,0.23076923076923078,0.38461538461538464
1561925,0.15384615384615385,0.0,0.23076923076923078,0.6153846153846154
650094,0.05,0.08333333333333333,0.31666666666666665,0.55
959360,0.08695652173913043,0.21739130434782608,0.2608695652173913,0.43478260869565216
1050512,0.4,0.06666666666666667,0.06666666666666667,0.4666666666666667
635042,0.15384615384615385,0.07692307692307693,0.38461538461538464,0.38461538461538464
297209,0.4166666666666667,0.08333333333333333,0.08333333333333333,0.4166666666666667
714302,0.2,0.06666666666666667,0.26666666666666666,0.4666666666666667
5133844,0.26666666666666666,0.06666666666666667,0.2,0.4666666666666667
4676204,0.11764705882352941,0.17647058823529413,0.29411764705882354,0.4117647058823529
1595199,0.1111111111111111,0.6666666666666666,0.0,0.2222222222222222
1300330,0.15384615384615385,0.3076923076923077,0.23076923076923078,0.3076923076923077
368176,0.09523809523809523,0.38095238095238093,0.19047619047619047,0.3333333333333333
1456607,0.13333333333333333,0.13333333333333333,0.4,0.3333333333333333
3059451,0.14285714285714285,0.35714285714285715,0.14285714285714285,0.35714285714285715
515648,0.058823529411764705,0.2647058823529412,0.35294117647058826,0.3235294117647059
6501941,0.05970149253731343,0.1791044776119403,0.373134328358209,0.3880597014925373
679204,0.045454545454545456,0.36363636363636365,0.22727272727272727,0.36363636363636365
1401073,0.047619047619047616,0.38095238095238093,0.19047619047619047,0.38095238095238093
789367,0.2,0.26666666666666666,0.2,0.3333333333333333
822156,0.17647058823529413,0.35294117647058826,0.17647058823529413,0.29411764705882354
1324984,0.05,0.3,0.35,0.3
1139825,0.11428571428571428,0.34285714285714286,0.3142857142857143,0.22857142857142856
1298604,0.2,0.26666666666666666,0.2,0.3333333333333333
1586987,0.10526315789473684,0.21052631578947367,0.05263157894736842,0.631578947368421
6472424,0.17647058823529413,0.058823529411764705,0.0,0.7647058823529411
1998143,0.1111111111111111,0.2777777777777778,0.3333333333333333,0.2777777777777778
245093,0.0784313725490196,0.35294117647058826,0.29411764705882354,0.27450980392156865
1440477,0.23529411764705882,0.17647058823529413,0.058823529411764705,0.5294117647058824
1038365,0.0673076923076923,0.21153846153846154,0.3076923076923077,0.41346153846153844
707504,0.1111111111111111,0.2222222222222222,0.1111111111111111,0.5555555555555556
6024569,0.125,0.125,0.25,0.5
4588388,0.10526315789473684,0.3157894736842105,0.2631578947368421,0.3157894736842105
2076994,0.14285714285714285,0.5,0.07142857142857142,0.2857142857142857
4121952,0.14285714285714285,0.14285714285714285,0.2857142857142857,0.42857142857142855
6466265,0.1,0.1,0.45,0.35
505958,0.08823529411764706,0.17647058823529413,0.2647058823529412,0.47058823529411764
995981,0.11764705882352941,0.47058823529411764,0.11764705882352941,0.29411764705882354
3455224,0.08333333333333333,0.16666666666666666,0.0,0.75
789323,0.12244897959183673,0.30612244897959184,0.1836734693877551,0.3877551020408163
775573,0.2727272727272727,0.36363636363636365,0.18181818181818182,0.18181818181818182
1203789,0.26666666666666666,0.13333333333333333,0.13333333333333333,0.4666666666666667
688856,0.3076923076923077,0.23076923076923078,0.15384615384615385,0.3076923076923077
750630,0.14285714285714285,0.21428571428571427,0.2857142857142857,0.35714285714285715
2292861,0.09090909090909091,0.2727272727272727,0.2727272727272727,0.36363636363636365
3719184,0.2857142857142857,0.2857142857142857,0.0,0.42857142857142855
184863,0.09523809523809523,0.19047619047619047,0.3333333333333333,0.38095238095238093
791611,0.18181818181818182,0.0,0.09090909090909091,0.7272727272727273
401771,0.1,0.25,0.2,0.45
277402,0.08333333333333333,0.125,0.4166666666666667,0.375
1960524,0.18181818181818182,0.2727272727272727,0.18181818181818182,0.36363636363636365
1960470,0.2,0.2,0.2,0.4
4108909,0.07142857142857142,0.07142857142857142,0.14285714285714285,0.7142857142857143
647312,0.16666666666666666,0.08333333333333333,0.25,0.5
1017087,0.1,0.0,0.3,0.6
117620,0.22727272727272727,0.045454545454545456,0.2727272727272727,0.45454545454545453
875899,0.09090909090909091,0.36363636363636365,0.2727272727272727,0.2727272727272727
1442465,0.1,0.4,0.2,0.3
1285458,0.2222222222222222,0.1111111111111111,0.3333333333333333,0.3333333333333333
241421,0.07142857142857142,0.42857142857142855,0.07142857142857142,0.42857142857142855
1357472,0.09090909090909091,0.36363636363636365,0.18181818181818182,0.36363636363636365
1357443,0.06666666666666667,0.6,0.06666666666666667,0.26666666666666666
117653,0.2857142857142857,0.07142857142857142,0.14285714285714285,0.5
117673,0.18181818181818182,0.0,0.2727272727272727,0.5454545454545454
117687,0.0,0.0,0.4444444444444444,0.5555555555555556
3197375,0.41935483870967744,0.0967741935483871,0.1935483870967742,0.2903225806451613
250390,0.06060606060606061,0.21212121212121213,0.18181818181818182,0.5454545454545454
272411,0.08333333333333333,0.16666666666666666,0.16666666666666666,0.5833333333333334
2914168,0.0,0.16666666666666666,0.3333333333333333,0.5
4328622,0.09090909090909091,0.18181818181818182,0.18181818181818182,0.5454545454545454
1518438,0.0,0.3333333333333333,0.16666666666666666,0.5
374101,0.14285714285714285,0.17857142857142858,0.25,0.42857142857142855
145263,0.010869565217391304,0.13043478260869565,0.40217391304347827,0.45652173913043476
5021291,0.0,0.25,0.4166666666666667,0.3333333333333333
2421039,0.1,0.3,0.4,0.2
944491,0.01694915254237288,0.288135593220339,0.23728813559322035,0.4576271186440678
1248803,0.0,0.2727272727272727,0.36363636363636365,0.36363636363636365
2793226,0.0,0.07692307692307693,0.5384615384615384,0.38461538461538464
1780507,0.045454545454545456,0.2727272727272727,0.45454545454545453,0.22727272727272727
999626,0.043478260869565216,0.21739130434782608,0.30434782608695654,0.43478260869565216
4592881,0.1,0.2,0.5,0.2
3835642,0.045454545454545456,0.36363636363636365,0.18181818181818182,0.4090909090909091
2419279,0.0,0.39473684210526316,0.13157894736842105,0.47368421052631576
4684333,0.05555555555555555,0.1111111111111111,0.5,0.3333333333333333
2420303,0.0,0.3902439024390244,0.12195121951219512,0.4878048780487805
2419951,0.05555555555555555,0.2777777777777778,0.3333333333333333,0.3333333333333333
597900,0.058823529411764705,0.17647058823529413,0.47058823529411764,0.29411764705882354
597908,0.1,0.25,0.3,0.35
948017,0.025974025974025976,0.09090909090909091,0.4675324675324675,0.4155844155844156
322183,0.0,0.2647058823529412,0.4264705882352941,0.3088235294117647
747056,0.0,0.13636363636363635,0.18181818181818182,0.6818181818181818
940839,0.08571428571428572,0.17142857142857143,0.05714285714285714,0.6857142857142857
3775348,0.09090909090909091,0.18181818181818182,0.45454545454545453,0.2727272727272727
1076284,0.0,0.12903225806451613,0.3870967741935484,0.4838709677419355
1295647,0.0,0.16666666666666666,0.25,0.5833333333333334
379698,0.043478260869565216,0.13043478260869565,0.5652173913043478,0.2608695652173913
720290,0.0,0.0641025641025641,0.8333333333333334,0.10256410256410256
531584,0.18181818181818182,0.045454545454545456,0.4090909090909091,0.36363636363636365
409303,0.09090909090909091,0.18181818181818182,0.3181818181818182,0.4090909090909091
1675444,0.08333333333333333,0.4166666666666667,0.16666666666666666,0.3333333333333333
1250291,0.0,0.07142857142857142,0.35714285714285715,0.5714285714285714
6374276,0.3,0.0,0.1,0.6
1078161,0.043478260869565216,0.21739130434782608,0.2608695652173913,0.4782608695652174
2419535,0.0,0.23529411764705882,0.29411764705882354,0.47058823529411764
2929306,0.06666666666666667,0.1,0.36666666666666664,0.4666666666666667
950368,0.0,0.3333333333333333,0.14814814814814814,0.5185185185185185
593973,0.09523809523809523,0.19047619047619047,0.2857142857142857,0.42857142857142855
517810,0.13513513513513514,0.13513513513513514,0.2702702702702703,0.4594594594594595
3498930,0.0,0.36363636363636365,0.2727272727272727,0.36363636363636365
1312046,0.03571428571428571,0.14285714285714285,0.32142857142857145,0.5
1521221,0.05405405405405406,0.10810810810810811,0.43243243243243246,0.40540540540540543
357140,0.04838709677419355,0.12903225806451613,0.3548387096774194,0.46774193548387094
3509987,0.038461538461538464,0.34615384615384615,0.07692307692307693,0.5384615384615384
3379683,0.034482758620689655,0.13793103448275862,0.3448275862068966,0.4827586206896552
245302,0.24,0.05333333333333334,0.29333333333333333,0.41333333333333333
544715,0.09523809523809523,0.047619047619047616,0.42857142857142855,0.42857142857142855
3454664,0.06666666666666667,0.3333333333333333,0.26666666666666666,0.3333333333333333
373213,0.037383177570093455,0.19626168224299065,0.514018691588785,0.2523364485981308
985840,0.0,0.1875,0.4375,0.375
1106574,0.0,0.37254901960784315,0.13725490196078433,0.49019607843137253
649200,0.037037037037037035,0.35185185185185186,0.2777777777777778,0.3333333333333333
2420111,0.0,0.3181818181818182,0.2727272727272727,0.4090909090909091
2420063,0.0,0.3181818181818182,0.2727272727272727,0.4090909090909091
2865772,0.0,0.32,0.36,0.32
136387,0.033783783783783786,0.33783783783783783,0.2635135135135135,0.36486486486486486
1760694,0.0,0.2608695652173913,0.43478260869565216,0.30434782608695654
3836223,0.0,0.36,0.32,0.32
2865862,0.0625,0.375,0.1875,0.375
3442504,0.07142857142857142,0.21428571428571427,0.35714285714285715,0.35714285714285715
3837287,0.07142857142857142,0.14285714285714285,0.2857142857142857,0.5
951434,0.06666666666666667,0.2,0.2,0.5333333333333333
4641814,0.2631578947368421,0.21052631578947367,0.15789473684210525,0.3684210526315789
1499730,0.08333333333333333,0.4166666666666667,0.0,0.5
417984,0.125,0.125,0.3125,0.4375
418012,0.11428571428571428,0.02857142857142857,0.2,0.6571428571428571
1326918,0.0,0.2727272727272727,0.2727272727272727,0.45454545454545453
4727610,0.05263157894736842,0.21052631578947367,0.15789473684210525,0.5789473684210527
3369934,0.14285714285714285,0.21428571428571427,0.14285714285714285,0.5
690791,0.2222222222222222,0.1111111111111111,0.3333333333333333,0.3333333333333333
690788,0.0,0.3333333333333333,0.4444444444444444,0.2222222222222222
4727581,0.0,0.2857142857142857,0.42857142857142855,0.2857142857142857
1505058,0.06666666666666667,0.2,0.3333333333333333,0.4
2291931,0.0,0.25,0.16666666666666666,0.5833333333333334
6353259,0.08333333333333333,0.0,0.6666666666666666,0.25
235969,0.0,0.06666666666666667,0.3333333333333333,0.6
6403570,0.0,0.1,0.5,0.4
2586952,0.11764705882352941,0.11764705882352941,0.17647058823529413,0.5882352941176471
2287865,0.1875,0.15625,0.1875,0.46875
1154473,0.0,0.1875,0.25,0.5625
829966,0.0,0.2,0.3,0.5
1549479,0.0,0.625,0.25,0.125
741726,0.0,0.18181818181818182,0.18181818181818182,0.6363636363636364
3103946,0.0,0.09090909090909091,0.6363636363636364,0.2727272727272727
1220962,0.1,0.2,0.5,0.2
63712,0.016129032258064516,0.20967741935483872,0.5161290322580645,0.25806451612903225
815402,0.05263157894736842,0.21052631578947367,0.42105263157894735,0.3157894736842105
1189769,0.0,0.07692307692307693,0.6153846153846154,0.3076923076923077
323065,0.09090909090909091,0.22727272727272727,0.2727272727272727,0.4090909090909091
4577408,0.0,0.06666666666666667,0.26666666666666666,0.6666666666666666
2766845,0.0,0.2727272727272727,0.18181818181818182,0.5454545454545454
1111777,0.06060606060606061,0.24242424242424243,0.3333333333333333,0.36363636363636365
5209528,0.07142857142857142,0.21428571428571427,0.14285714285714285,0.5714285714285714
1077316,0.03571428571428571,0.17857142857142858,0.42857142857142855,0.35714285714285715
824618,0.125,0.125,0.3125,0.4375
2492401,0.0,0.09090909090909091,0.36363636363636365,0.5454545454545454
1062328,0.09090909090909091,0.2727272727272727,0.45454545454545453,0.18181818181818182
4624344,0.08333333333333333,0.08333333333333333,0.5,0.3333333333333333
2248933,0.1111111111111111,0.1111111111111111,0.4444444444444444,0.3333333333333333
327198,0.037383177570093455,0.16822429906542055,0.45794392523364486,0.3364485981308411
639818,0.07692307692307693,0.3076923076923077,0.23076923076923078,0.38461538461538464
1600771,0.0,0.16666666666666666,0.3888888888888889,0.4444444444444444
1131449,0.05263157894736842,0.05263157894736842,0.2631578947368421,0.631578947368421
792341,0.08333333333333333,0.20833333333333334,0.25,0.4583333333333333
1292871,0.08333333333333333,0.375,0.25,0.2916666666666667
5117791,0.0,0.3157894736842105,0.21052631578947367,0.47368421052631576
1012788,0.058823529411764705,0.20588235294117646,0.3235294117647059,0.4117647058823529
952752,0.15,0.15,0.4,0.3
343946,0.08333333333333333,0.0,0.25,0.6666666666666666
1590497,0.08333333333333333,0.16666666666666666,0.3333333333333333,0.4166666666666667
1353749,0.045454545454545456,0.18181818181818182,0.36363636363636365,0.4090909090909091
1544973,0.125,0.1875,0.375,0.3125
5096666,0.05263157894736842,0.15789473684210525,0.2631578947368421,0.5263157894736842
890113,0.045454545454545456,0.18181818181818182,0.36363636363636365,0.4090909090909091
301346,0.08695652173913043,0.13043478260869565,0.2608695652173913,0.5217391304347826
1555140,0.0,0.15555555555555556,0.35555555555555557,0.4888888888888889
1507189,0.0,0.08333333333333333,0.2916666666666667,0.625
3108178,0.0,0.08695652173913043,0.391304347826087,0.5217391304347826
382014,0.37037037037037035,0.037037037037037035,0.1111111111111111,0.48148148148148145
2954570,0.18181818181818182,0.09090909090909091,0.09090909090909091,0.6363636363636364
989786,0.0,0.18181818181818182,0.36363636363636365,0.45454545454545453
1113616,0.0,0.25,0.08333333333333333,0.6666666666666666
1457953,0.1,0.4,0.1,0.4
960090,0.023255813953488372,0.13953488372093023,0.2558139534883721,0.5813953488372093
940817,0.024390243902439025,0.1951219512195122,0.2682926829268293,0.5121951219512195
2865904,0.030303030303030304,0.3939393939393939,0.18181818181818182,0.3939393939393939
4592929,0.043478260869565216,0.2608695652173913,0.5217391304347826,0.17391304347826086
3835684,0.0,0.4,0.35,0.25
3835789,0.05,0.35,0.35,0.25
3835726,0.0,0.42105263157894735,0.42105263157894735,0.15789473684210525
3835873,0.0625,0.25,0.5,0.1875
3837679,0.0,0.42857142857142855,0.2857142857142857,0.2857142857142857
6370217,0.08695652173913043,0.17391304347826086,0.30434782608695654,0.43478260869565216
3837595,0.05,0.35,0.3,0.3
3836671,0.058823529411764705,0.4117647058823529,0.29411764705882354,0.23529411764705882
4684086,0.07142857142857142,0.2857142857142857,0.5,0.14285714285714285
2421519,0.04,0.4,0.1,0.46
2422543,0.125,0.25,0.3125,0.3125
3837511,0.03125,0.34375,0.1875,0.4375
707345,0.0125,0.2875,0.35,0.35
3836447,0.0625,0.25,0.375,0.3125
2421711,0.045454545454545456,0.3181818181818182,0.3181818181818182,0.3181818181818182
2421983,0.0625,0.3125,0.4375,0.1875
3837413,0.10526315789473684,0.3157894736842105,0.2631578947368421,0.3157894736842105
2422095,0.1111111111111111,0.1111111111111111,0.2777777777777778,0.5
2422159,0.14285714285714285,0.2857142857142857,0.35714285714285715,0.21428571428571427
3837217,0.058823529411764705,0.23529411764705882,0.058823529411764705,0.6470588235294118
6372870,0.14285714285714285,0.19047619047619047,0.3333333333333333,0.3333333333333333
245185,0.03804347826086957,0.29347826086956524,0.30434782608695654,0.3641304347826087
1084839,0.10714285714285714,0.14285714285714285,0.32142857142857145,0.42857142857142855
835176,0.09302325581395349,0.11627906976744186,0.46511627906976744,0.32558139534883723
2936106,0.14285714285714285,0.21428571428571427,0.07142857142857142,0.5714285714285714
6369793,0.18181818181818182,0.09090909090909091,0.45454545454545453,0.2727272727272727
4687600,0.14285714285714285,0.21428571428571427,0.2857142857142857,0.35714285714285715
2751822,0.16666666666666666,0.2777777777777778,0.3888888888888889,0.16666666666666666
3492672,0.07692307692307693,0.46153846153846156,0.23076923076923078,0.23076923076923078
136551,0.06896551724137931,0.25862068965517243,0.35344827586206895,0.31896551724137934
6111894,0.1111111111111111,0.3333333333333333,0.3333333333333333,0.2222222222222222
5927311,0.09090909090909091,0.18181818181818182,0.5,0.22727272727272727
6347351,0.1111111111111111,0.2777777777777778,0.2222222222222222,0.3888888888888889
564502,0.06666666666666667,0.06666666666666667,0.7333333333333333,0.13333333333333333
723531,0.16,0.28,0.32,0.24
610715,0.06666666666666667,0.26666666666666666,0.4,0.26666666666666666
828678,0.08333333333333333,0.36904761904761907,0.27380952380952384,0.27380952380952384
1463307,0.05555555555555555,0.2777777777777778,0.5,0.16666666666666666
524750,0.08695652173913043,0.30434782608695654,0.2608695652173913,0.34782608695652173
634168,0.16666666666666666,0.5,0.25,0.08333333333333333
869373,0.043478260869565216,0.4782608695652174,0.17391304347826086,0.30434782608695654
1235842,0.08695652173913043,0.17391304347826086,0.34782608695652173,0.391304347826087
403259,0.05,0.2,0.1,0.65
592819,0.10526315789473684,0.15789473684210525,0.3684210526315789,0.3684210526315789
413230,0.1,0.3,0.15,0.45
693814,0.1111111111111111,0.16666666666666666,0.4444444444444444,0.2777777777777778
403811,0.08,0.16,0.32,0.44
1495404,0.06666666666666667,0.2,0.4666666666666667,0.26666666666666666
403317,0.14285714285714285,0.2857142857142857,0.21428571428571427,0.35714285714285715
403793,0.10526315789473684,0.21052631578947367,0.2631578947368421,0.42105263157894735
1235494,0.15789473684210525,0.2631578947368421,0.3684210526315789,0.21052631578947367
720164,0.2,0.4,0.2,0.2
1118666,0.14285714285714285,0.35714285714285715,0.35714285714285715,0.14285714285714285
401959,0.037037037037037035,0.2962962962962963,0.37037037037037035,0.2962962962962963
1206616,0.1111111111111111,0.2222222222222222,0.5,0.16666666666666666
1082674,0.03508771929824561,0.22807017543859648,0.5087719298245614,0.22807017543859648
438489,0.11538461538461539,0.2692307692307692,0.2692307692307692,0.34615384615384615
1010851,0.0,0.26666666666666666,0.2,0.5333333333333333
938993,0.29411764705882354,0.058823529411764705,0.4117647058823529,0.23529411764705882
996655,0.0,0.1111111111111111,0.6666666666666666,0.2222222222222222
1095039,0.0,0.3125,0.25,0.4375
684879,0.14285714285714285,0.07142857142857142,0.42857142857142855,0.35714285714285715
586365,0.07142857142857142,0.10714285714285714,0.35714285714285715,0.4642857142857143
647024,0.11428571428571428,0.3142857142857143,0.42857142857142855,0.14285714285714285
1073951,0.15789473684210525,0.10526315789473684,0.3157894736842105,0.42105263157894735
227893,0.023255813953488372,0.32558139534883723,0.3023255813953488,0.3488372093023256
1517417,0.0,0.1111111111111111,0.5555555555555556,0.3333333333333333
1067267,0.14285714285714285,0.21428571428571427,0.35714285714285715,0.2857142857142857
630188,0.125,0.0625,0.5625,0.25
978597,0.1875,0.25,0.3125,0.25
1413478,0.13333333333333333,0.26666666666666666,0.4,0.2
470961,0.07575757575757576,0.3333333333333333,0.2878787878787879,0.30303030303030304
1141943,0.043478260869565216,0.43478260869565216,0.21739130434782608,0.30434782608695654
397617,0.1875,0.1875,0.25,0.375
1161548,0.06666666666666667,0.0,0.4666666666666667,0.4666666666666667
581107,0.0625,0.0625,0.5625,0.3125
1405114,0.0,0.18181818181818182,0.45454545454545453,0.36363636363636365
938302,0.05263157894736842,0.10526315789473684,0.47368421052631576,0.3684210526315789
944333,0.06666666666666667,0.06666666666666667,0.4,0.4666666666666667
108025,0.13043478260869565,0.08695652173913043,0.5652173913043478,0.21739130434782608
66176,0.058823529411764705,0.3333333333333333,0.3137254901960784,0.29411764705882354
946189,0.0,0.07142857142857142,0.42857142857142855,0.5
954576,0.06666666666666667,0.0,0.13333333333333333,0.8
946128,0.08333333333333333,0.0,0.5,0.4166666666666667
148898,0.17647058823529413,0.17647058823529413,0.4117647058823529,0.23529411764705882
124377,0.11764705882352941,0.23529411764705882,0.4117647058823529,0.23529411764705882
995844,0.08333333333333333,0.25,0.4166666666666667,0.25
1396558,0.0,0.2,0.2,0.6
148988,0.0625,0.125,0.375,0.4375
1171670,0.15384615384615385,0.23076923076923078,0.23076923076923078,0.38461538461538464
277869,0.0,0.23076923076923078,0.3076923076923077,0.46153846153846156
93186,0.0,0.1,0.55,0.35
195627,0.07142857142857142,0.07142857142857142,0.35714285714285715,0.5
1196025,0.125,0.3125,0.25,0.3125
912053,0.0,0.4528301886792453,0.37735849056603776,0.16981132075471697
861830,0.08333333333333333,0.08333333333333333,0.25,0.5833333333333334
1503373,0.0,0.09090909090909091,0.36363636363636365,0.5454545454545454
835491,0.0,0.04,0.4,0.56
896969,0.125,0.075,0.45,0.35
394938,0.08333333333333333,0.16666666666666666,0.4166666666666667,0.3333333333333333
349890,0.1,0.2,0.2,0.5
632059,0.2,0.0,0.3,0.5
792754,0.20833333333333334,0.041666666666666664,0.16666666666666666,0.5833333333333334
301020,0.025,0.025,0.325,0.625
298021,0.06666666666666667,0.06666666666666667,0.26666666666666666,0.6
167675,0.041666666666666664,0.041666666666666664,0.5416666666666666,0.375
64819,0.02564102564102564,0.02564102564102564,0.28205128205128205,0.6666666666666666
67511,0.0,0.125,0.75,0.125
557662,0.1,0.0,0.8,0.1
1071707,0.2,0.1,0.2,0.5
1071676,0.2857142857142857,0.07142857142857142,0.42857142857142855,0.21428571428571427
784806,0.14285714285714285,0.0,0.2857142857142857,0.5714285714285714
1179510,0.11764705882352941,0.058823529411764705,0.35294117647058826,0.47058823529411764
365185,0.1,0.2,0.2,0.5
466364,0.0,0.3,0.5,0.2
1345477,0.0,0.0,0.4,0.6
1480774,0.125,0.3125,0.25,0.3125
817363,0.1,0.4,0.2,0.3
530028,0.125,0.25,0.25,0.375
666497,0.23076923076923078,0.15384615384615385,0.5384615384615384,0.07692307692307693
1360212,0.058823529411764705,0.29411764705882354,0.11764705882352941,0.5294117647058824
742729,0.25,0.0,0.5,0.25
1206607,0.07692307692307693,0.23076923076923078,0.15384615384615385,0.5384615384615384
815711,0.05555555555555555,0.2777777777777778,0.5555555555555556,0.1111111111111111
606421,0.0,0.25,0.125,0.625
134617,0.06896551724137931,0.4559386973180077,0.12643678160919541,0.3486590038314176
1368705,0.05263157894736842,0.3157894736842105,0.42105263157894735,0.21052631578947367
606279,0.045454545454545456,0.09090909090909091,0.36363636363636365,0.5
606621,0.0,0.15384615384615385,0.23076923076923078,0.6153846153846154
564515,0.0,0.0,0.2727272727272727,0.7272727272727273
395273,0.0,0.08333333333333333,0.25,0.6666666666666666
606284,0.0,0.2,0.25,0.55
297436,0.14285714285714285,0.14285714285714285,0.14285714285714285,0.5714285714285714
155115,0.07352941176470588,0.19117647058823528,0.20588235294117646,0.5294117647058824
508707,0.16666666666666666,0.1111111111111111,0.3888888888888889,0.3333333333333333
1005154,0.16666666666666666,0.16666666666666666,0.1111111111111111,0.5555555555555556
698043,0.20833333333333334,0.20833333333333334,0.16666666666666666,0.4166666666666667
1108922,0.08,0.32,0.28,0.32
869951,0.058823529411764705,0.17647058823529413,0.23529411764705882,0.5294117647058824
1012240,0.08,0.24,0.24,0.44
277639,0.14285714285714285,0.21428571428571427,0.07142857142857142,0.5714285714285714
860352,0.05714285714285714,0.07142857142857142,0.21428571428571427,0.6571428571428571
435816,0.15,0.25,0.35,0.25
1062150,0.18181818181818182,0.2727272727272727,0.45454545454545453,0.09090909090909091
661415,0.1111111111111111,0.1111111111111111,0.0,0.7777777777777778
296631,0.06896551724137931,0.06896551724137931,0.2413793103448276,0.6206896551724138
789289,0.09523809523809523,0.23809523809523808,0.14285714285714285,0.5238095238095238
746651,0.25,0.0625,0.0625,0.625
1302758,0.3333333333333333,0.0,0.14285714285714285,0.5238095238095238
1062147,0.36363636363636365,0.09090909090909091,0.36363636363636365,0.18181818181818182
553995,0.15384615384615385,0.07692307692307693,0.23076923076923078,0.5384615384615384
1402737,0.3076923076923077,0.0,0.23076923076923078,0.46153846153846156
582389,0.14285714285714285,0.07142857142857142,0.2857142857142857,0.5
723675,0.06976744186046512,0.18604651162790697,0.32558139534883723,0.4186046511627907
737384,0.07407407407407407,0.1111111111111111,0.25925925925925924,0.5555555555555556
816736,0.08333333333333333,0.08333333333333333,0.5416666666666666,0.2916666666666667
647968,0.15384615384615385,0.07692307692307693,0.46153846153846156,0.3076923076923077
1374246,0.15384615384615385,0.15384615384615385,0.38461538461538464,0.3076923076923077
628002,0.15789473684210525,0.15789473684210525,0.15789473684210525,0.5263157894736842
168526,0.09090909090909091,0.09090909090909091,0.2727272727272727,0.5454545454545454
843681,0.13043478260869565,0.17391304347826086,0.391304347826087,0.30434782608695654
816886,0.2,0.04,0.12,0.64
796614,0.0625,0.125,0.375,0.4375
1486201,0.13333333333333333,0.2,0.3333333333333333,0.3333333333333333
1164394,0.15,0.35,0.3,0.2
1084833,0.1,0.4,0.3,0.2
715727,0.08333333333333333,0.2916666666666667,0.2916666666666667,0.3333333333333333
1462545,0.14285714285714285,0.0,0.14285714285714285,0.7142857142857143
1300433,0.2682926829268293,0.024390243902439025,0.0975609756097561,0.6097560975609756
1316516,0.125,0.25,0.375,0.25
1443823,0.3333333333333333,0.0,0.16666666666666666,0.5
1243413,0.09090909090909091,0.2727272727272727,0.18181818181818182,0.45454545454545453
690343,0.1,0.3,0.15,0.45
134627,0.08771929824561403,0.2631578947368421,0.10526315789473684,0.543859649122807
145314,0.07317073170731707,0.14634146341463414,0.1951219512195122,0.5853658536585366
1364116,0.14285714285714285,0.14285714285714285,0.21428571428571427,0.5
343062,0.1875,0.1875,0.1875,0.4375
462922,0.15384615384615385,0.23076923076923078,0.07692307692307693,0.5384615384615384
1244665,0.3,0.2,0.1,0.4
252984,0.13709677419354838,0.0967741935483871,0.14516129032258066,0.6209677419354839
1349903,0.3,0.2,0.2,0.3
726593,0.030848329048843187,0.5372750642673522,0.02056555269922879,0.41131105398457585
1539259,0.14285714285714285,0.21428571428571427,0.21428571428571427,0.42857142857142855
1327642,0.21428571428571427,0.07142857142857142,0.2857142857142857,0.42857142857142855
557526,0.08695652173913043,0.21739130434782608,0.17391304347826086,0.5217391304347826
1303531,0.4,0.13333333333333333,0.13333333333333333,0.3333333333333333
559695,0.17647058823529413,0.11764705882352941,0.17647058823529413,0.5294117647058824
524450,0.16666666666666666,0.16666666666666666,0.08333333333333333,0.5833333333333334
867029,0.375,0.125,0.0,0.5
1004551,0.25,0.16666666666666666,0.25,0.3333333333333333
768207,0.18181818181818182,0.18181818181818182,0.18181818181818182,0.45454545454545453
1003862,0.13333333333333333,0.3333333333333333,0.13333333333333333,0.4
1220072,0.00904977375565611,0.7601809954751131,0.14027149321266968,0.09049773755656108
835558,0.13333333333333333,0.26666666666666666,0.06666666666666667,0.5333333333333333
883071,0.2,0.26666666666666666,0.06666666666666667,0.4666666666666667
703814,0.034482758620689655,0.06896551724137931,0.3103448275862069,0.5862068965517241
1072591,0.08695652173913043,0.043478260869565216,0.391304347826087,0.4782608695652174
557620,0.058823529411764705,0.058823529411764705,0.23529411764705882,0.6470588235294118
804610,0.13333333333333333,0.13333333333333333,0.26666666666666666,0.4666666666666667
551587,0.13333333333333333,0.13333333333333333,0.2,0.5333333333333333
1358638,0.14285714285714285,0.21428571428571427,0.21428571428571427,0.42857142857142855
933732,0.13333333333333333,0.13333333333333333,0.23333333333333334,0.5
875635,0.08,0.32,0.28,0.32
1078202,0.13333333333333333,0.13333333333333333,0.26666666666666666,0.4666666666666667
1539435,0.0,0.0625,0.375,0.5625
931875,0.125,0.125,0.375,0.375
948850,0.35,0.15,0.1,0.4
735636,0.06666666666666667,0.2,0.3333333333333333,0.4
1117912,0.16666666666666666,0.16666666666666666,0.25,0.4166666666666667
808444,0.09523809523809523,0.09523809523809523,0.2857142857142857,0.5238095238095238
1117941,0.09523809523809523,0.09523809523809523,0.2857142857142857,0.5238095238095238
882660,0.07142857142857142,0.35714285714285715,0.14285714285714285,0.42857142857142855
861225,0.125,0.125,0.1875,0.5625
1000090,0.3,0.15,0.1,0.45
963577,0.18181818181818182,0.18181818181818182,0.22727272727272727,0.4090909090909091
503773,0.047619047619047616,0.14285714285714285,0.38095238095238093,0.42857142857142855
728785,0.15384615384615385,0.38461538461538464,0.15384615384615385,0.3076923076923077
944334,0.125,0.125,0.16666666666666666,0.5833333333333334
989630,0.041666666666666664,0.125,0.2916666666666667,0.5416666666666666
944219,0.0625,0.1875,0.4375,0.3125
934454,0.0,0.2,0.26666666666666666,0.5333333333333333
87175,0.0967741935483871,0.0967741935483871,0.1935483870967742,0.6129032258064516
1316855,0.0,0.16666666666666666,0.25,0.5833333333333334
1084358,0.04081632653061224,0.14285714285714285,0.24489795918367346,0.5714285714285714
1114063,0.0,0.07692307692307693,0.3076923076923077,0.6153846153846154
634088,0.07407407407407407,0.37037037037037035,0.07407407407407407,0.48148148148148145
776964,0.0,0.16666666666666666,0.25,0.5833333333333334
1367048,0.0,0.07692307692307693,0.46153846153846156,0.46153846153846156
648692,0.0,0.15384615384615385,0.3076923076923077,0.5384615384615384
824042,0.0,0.23076923076923078,0.3076923076923077,0.46153846153846156
695586,0.0,0.07692307692307693,0.38461538461538464,0.5384615384615384
902810,0.13333333333333333,0.26666666666666666,0.26666666666666666,0.3333333333333333
1450249,0.13333333333333333,0.26666666666666666,0.2,0.4
28098,0.03333333333333333,0.26666666666666666,0.26666666666666666,0.43333333333333335
782992,0.0,0.2692307692307692,0.3076923076923077,0.4230769230769231
789438,0.058823529411764705,0.17647058823529413,0.23529411764705882,0.5294117647058824
842212,0.041666666666666664,0.3125,0.375,0.2708333333333333
1248851,0.14285714285714285,0.35714285714285715,0.14285714285714285,0.35714285714285715
1243684,0.0,0.21052631578947367,0.2631578947368421,0.5263157894736842
937633,0.0,0.17391304347826086,0.21739130434782608,0.6086956521739131
746754,0.043478260869565216,0.08695652173913043,0.30434782608695654,0.5652173913043478
523402,0.0,0.171875,0.46875,0.359375
1368111,0.0,0.16666666666666666,0.16666666666666666,0.6666666666666666
1295884,0.0,0.2,0.25,0.55
669507,0.05555555555555555,0.25,0.19444444444444445,0.5
1037606,0.0,0.125,0.375,0.5
722003,0.047619047619047616,0.14285714285714285,0.23809523809523808,0.5714285714285714
743508,0.0,0.23684210526315788,0.23684210526315788,0.5263157894736842
1059403,0.05555555555555555,0.2222222222222222,0.3888888888888889,0.3333333333333333
1325679,0.02,0.1,0.42,0.46
1272390,0.024390243902439025,0.17073170731707318,0.24390243902439024,0.5609756097560976
993184,0.13333333333333333,0.23333333333333334,0.16666666666666666,0.4666666666666667
969829,0.043478260869565216,0.2318840579710145,0.3188405797101449,0.4057971014492754
1211972,0.0,0.2,0.44,0.36
1351007,0.05555555555555555,0.2777777777777778,0.2777777777777778,0.3888888888888889
1515953,0.07692307692307693,0.15384615384615385,0.3076923076923077,0.46153846153846156
1507476,0.045454545454545456,0.18181818181818182,0.45454545454545453,0.3181818181818182
1191195,0.05714285714285714,0.2571428571428571,0.2571428571428571,0.42857142857142855
1106729,0.125,0.1875,0.25,0.4375
976405,0.041666666666666664,0.20833333333333334,0.20833333333333334,0.5416666666666666
976394,0.07142857142857142,0.14285714285714285,0.21428571428571427,0.5714285714285714
1342168,0.08108108108108109,0.21621621621621623,0.43243243243243246,0.2702702702702703
746412,0.12962962962962962,0.18518518518518517,0.2222222222222222,0.46296296296296297
1325563,0.09090909090909091,0.36363636363636365,0.13636363636363635,0.4090909090909091
1434999,0.08333333333333333,0.25,0.08333333333333333,0.5833333333333334
1325489,0.0,0.25,0.42857142857142855,0.32142857142857145
870937,0.10344827586206896,0.2413793103448276,0.1724137931034483,0.4827586206896552
999160,0.07407407407407407,0.2222222222222222,0.18518518518518517,0.5185185185185185
694376,0.057692307692307696,0.28846153846153844,0.28846153846153844,0.36538461538461536
715427,0.06779661016949153,0.4745762711864407,0.1694915254237288,0.288135593220339
545958,0.07352941176470588,0.3382352941176471,0.14705882352941177,0.4411764705882353
1409739,0.027777777777777776,0.16666666666666666,0.5277777777777778,0.2777777777777778
1492523,0.06451612903225806,0.3225806451612903,0.3548387096774194,0.25806451612903225
1492526,0.027777777777777776,0.3055555555555556,0.3333333333333333,0.3333333333333333
523966,0.011363636363636364,0.18181818181818182,0.19318181818181818,0.6136363636363636
1492564,0.1,0.25,0.325,0.325
1118581,0.058823529411764705,0.29411764705882354,0.20588235294117646,0.4411764705882353
585987,0.06818181818181818,0.29545454545454547,0.3409090909090909,0.29545454545454547
288719,0.05714285714285714,0.17142857142857143,0.5428571428571428,0.22857142857142856
831174,0.08695652173913043,0.30434782608695654,0.2608695652173913,0.34782608695652173
1002343,0.1111111111111111,0.2222222222222222,0.3888888888888889,0.2777777777777778
251682,0.1,0.23333333333333334,0.43333333333333335,0.23333333333333334
402900,0.08333333333333333,0.125,0.2916666666666667,0.5
1059562,0.11764705882352941,0.35294117647058826,0.23529411764705882,0.29411764705882354
919713,0.23529411764705882,0.11764705882352941,0.4117647058823529,0.23529411764705882
613404,0.15384615384615385,0.3076923076923077,0.3076923076923077,0.23076923076923078
1031705,0.09090909090909091,0.24242424242424243,0.45454545454545453,0.21212121212121213
824089,0.14285714285714285,0.0,0.42857142857142855,0.42857142857142855
1180373,0.05263157894736842,0.3157894736842105,0.2894736842105263,0.34210526315789475
1534649,0.0,0.45454545454545453,0.18181818181818182,0.36363636363636365
720343,0.08333333333333333,0.25,0.25,0.4166666666666667
1146438,0.07692307692307693,0.23076923076923078,0.15384615384615385,0.5384615384615384
204266,0.041666666666666664,0.3333333333333333,0.25,0.375
1291019,0.05263157894736842,0.15789473684210525,0.05263157894736842,0.7368421052631579
871561,0.0,0.16666666666666666,0.2222222222222222,0.6111111111111112
816675,0.05555555555555555,0.2222222222222222,0.2222222222222222,0.5
71061,0.0,0.3235294117647059,0.3235294117647059,0.35294117647058826
870300,0.0,0.08695652173913043,0.34782608695652173,0.5652173913043478
1017318,0.0,0.18518518518518517,0.48148148148148145,0.3333333333333333
1449254,0.0,0.18181818181818182,0.36363636363636365,0.45454545454545453
959098,0.08333333333333333,0.4166666666666667,0.16666666666666666,0.3333333333333333
796959,0.0,0.17647058823529413,0.5882352941176471,0.23529411764705882
1044212,0.0,0.17647058823529413,0.47058823529411764,0.35294117647058826
669833,0.0,0.23809523809523808,0.5238095238095238,0.23809523809523808
1044193,0.0,0.1875,0.4375,0.375
1044172,0.0,0.2,0.5333333333333333,0.26666666666666666
979168,0.047619047619047616,0.23809523809523808,0.42857142857142855,0.2857142857142857
387204,0.029069767441860465,0.3081395348837209,0.25,0.4127906976744186
666912,0.0,0.22033898305084745,0.2033898305084746,0.576271186440678
715813,0.016129032258064516,0.20967741935483872,0.25806451612903225,0.5161290322580645
743605,0.04395604395604396,0.16483516483516483,0.3076923076923077,0.4835164835164835
649133,0.0,0.2857142857142857,0.31868131868131866,0.3956043956043956
707521,0.0,0.32142857142857145,0.2619047619047619,0.4166666666666667
804239,0.0,0.3076923076923077,0.3269230769230769,0.36538461538461536
91690,0.023255813953488372,0.3488372093023256,0.2441860465116279,0.38372093023255816
666982,0.012048192771084338,0.3493975903614458,0.18072289156626506,0.4578313253012048
666970,0.012048192771084338,0.3493975903614458,0.18072289156626506,0.4578313253012048
575983,0.0379746835443038,0.4050632911392405,0.21518987341772153,0.34177215189873417
666990,0.0,0.35365853658536583,0.17073170731707318,0.47560975609756095
245198,0.06,0.28,0.3,0.36
937644,0.0,0.21052631578947367,0.2631578947368421,0.5263157894736842
703257,0.04054054054054054,0.28378378378378377,0.28378378378378377,0.3918918918918919
597236,0.05,0.375,0.2125,0.3625
967900,0.04081632653061224,0.16326530612244897,0.3877551020408163,0.40816326530612246
614727,0.010309278350515464,0.25773195876288657,0.28865979381443296,0.44329896907216493
707867,0.06896551724137931,0.13793103448275862,0.41379310344827586,0.3793103448275862
638139,0.10526315789473684,0.21052631578947367,0.15789473684210525,0.5263157894736842
620200,0.05555555555555555,0.2222222222222222,0.16666666666666666,0.5555555555555556
650449,0.14814814814814814,0.07407407407407407,0.037037037037037035,0.7407407407407407
613359,0.0,0.25,0.4722222222222222,0.2777777777777778
535749,0.05263157894736842,0.34210526315789475,0.34210526315789475,0.2631578947368421
841710,0.04424778761061947,0.4424778761061947,0.1415929203539823,0.37168141592920356
816431,0.0,0.25,0.4,0.35
140927,0.0,0.37142857142857144,0.3142857142857143,0.3142857142857143
343452,0.0,0.35294117647058826,0.4117647058823529,0.23529411764705882
129009,0.09375,0.3125,0.40625,0.1875
897856,0.2222222222222222,0.2777777777777778,0.3333333333333333,0.16666666666666666
665025,0.11538461538461539,0.23076923076923078,0.4230769230769231,0.23076923076923078
229961,0.1,0.3,0.1,0.5
522955,0.023255813953488372,0.3023255813953488,0.3488372093023256,0.32558139534883723
954114,0.0,0.4166666666666667,0.08333333333333333,0.5
333218,0.07692307692307693,0.23076923076923078,0.23076923076923078,0.46153846153846156
117755,0.17647058823529413,0.11764705882352941,0.11764705882352941,0.5882352941176471
343957,0.1,0.2,0.3,0.4
221943,0.06666666666666667,0.26666666666666666,0.3333333333333333,0.3333333333333333
343906,0.125,0.1875,0.5,0.1875
343924,0.21428571428571427,0.14285714285714285,0.35714285714285715,0.2857142857142857
838353,0.07407407407407407,0.14814814814814814,0.4444444444444444,0.3333333333333333
851487,0.03333333333333333,0.13333333333333333,0.5666666666666667,0.26666666666666666
715430,0.05660377358490566,0.32075471698113206,0.20754716981132076,0.41509433962264153
564080,0.023255813953488372,0.3798449612403101,0.20155038759689922,0.3953488372093023
350617,0.0,0.2777777777777778,0.3055555555555556,0.4166666666666667
745628,0.10344827586206896,0.3793103448275862,0.13793103448275862,0.3793103448275862
685069,0.047619047619047616,0.23809523809523808,0.23809523809523808,0.47619047619047616
380067,0.05128205128205128,0.1794871794871795,0.28205128205128205,0.48717948717948717
540151,0.02564102564102564,0.20512820512820512,0.38461538461538464,0.38461538461538464
630019,0.07692307692307693,0.38461538461538464,0.23076923076923078,0.3076923076923077
533344,0.0625,0.1875,0.4375,0.3125
401167,0.08823529411764706,0.23529411764705882,0.38235294117647056,0.29411764705882354
678904,0.11764705882352941,0.11764705882352941,0.35294117647058826,0.4117647058823529
869656,0.125,0.125,0.5,0.25
197955,0.07272727272727272,0.2,0.4727272727272727,0.2545454545454545
67878,0.14814814814814814,0.07407407407407407,0.14814814814814814,0.6296296296296297
244887,0.18181818181818182,0.06060606060606061,0.18181818181818182,0.5757575757575758
219545,0.17391304347826086,0.10869565217391304,0.2608695652173913,0.45652173913043476
50096,0.10526315789473684,0.12280701754385964,0.22807017543859648,0.543859649122807
219382,0.0,0.06666666666666667,0.5333333333333333,0.4
70422,0.16129032258064516,0.0967741935483871,0.3225806451612903,0.41935483870967744
83431,0.10909090909090909,0.16363636363636364,0.4,0.32727272727272727
228896,0.08571428571428572,0.17142857142857143,0.3142857142857143,0.42857142857142855
545267,0.0625,0.1875,0.375,0.375
307112,0.0967741935483871,0.1935483870967742,0.3548387096774194,0.3548387096774194
279794,0.20689655172413793,0.13793103448275862,0.1724137931034483,0.4827586206896552
381898,0.0,0.15384615384615385,0.3076923076923077,0.5384615384615384
541705,0.125,0.2916666666666667,0.2916666666666667,0.2916666666666667
368196,0.09090909090909091,0.18181818181818182,0.36363636363636365,0.36363636363636365
63535,0.07142857142857142,0.35714285714285715,0.42857142857142855,0.14285714285714285
622354,0.3125,0.1875,0.125,0.375
394921,0.0,0.14285714285714285,0.5,0.35714285714285715
466375,0.0,0.2727272727272727,0.36363636363636365,0.36363636363636365
636065,0.25,0.16666666666666666,0.041666666666666664,0.5416666666666666
466392,0.0,0.2916666666666667,0.3333333333333333,0.375
605401,0.25,0.25,0.125,0.375
437613,0.15,0.15,0.4,0.3
504829,0.23076923076923078,0.38461538461538464,0.07692307692307693,0.3076923076923077
351360,0.0,0.20689655172413793,0.27586206896551724,0.5172413793103449
593612,0.0,0.25,0.5,0.25
63744,0.01818181818181818,0.3090909090909091,0.23636363636363636,0.43636363636363634
233883,0.05714285714285714,0.2857142857142857,0.22857142857142856,0.42857142857142855
271611,0.09375,0.21875,0.3125,0.375
71012,0.02857142857142857,0.5142857142857142,0.17142857142857143,0.2857142857142857
75427,0.06,0.36,0.18,0.4
174371,0.08333333333333333,0.3333333333333333,0.16666666666666666,0.4166666666666667
173200,0.04081632653061224,0.24489795918367346,0.3469387755102041,0.3673469387755102
148475,0.021052631578947368,0.3157894736842105,0.15789473684210525,0.5052631578947369
106388,0.09090909090909091,0.2727272727272727,0.2727272727272727,0.36363636363636365
430928,0.04,0.12,0.36,0.48
106394,0.08333333333333333,0.16666666666666666,0.3333333333333333,0.4166666666666667
679824,0.02857142857142857,0.07142857142857142,0.2,0.7
57330,0.023809523809523808,0.23809523809523808,0.40476190476190477,0.3333333333333333
531870,0.043478260869565216,0.21739130434782608,0.21739130434782608,0.5217391304347826
137080,0.04716981132075472,0.36792452830188677,0.1320754716981132,0.4528301886792453
336086,0.04,0.11,0.1,0.75
288586,0.10344827586206896,0.1724137931034483,0.3793103448275862,0.3448275862068966
527967,0.1,0.35,0.25,0.3
279447,0.058823529411764705,0.29411764705882354,0.23529411764705882,0.4117647058823529
382749,0.09523809523809523,0.38095238095238093,0.23809523809523808,0.2857142857142857
193570,0.15789473684210525,0.07894736842105263,0.23684210526315788,0.5263157894736842
228408,0.21951219512195122,0.24390243902439024,0.14634146341463414,0.3902439024390244
605868,0.05405405405405406,0.16216216216216217,0.5135135135135135,0.2702702702702703
522231,0.045454545454545456,0.18181818181818182,0.3181818181818182,0.45454545454545453
81693,0.15384615384615385,0.02262443438914027,0.17647058823529413,0.6470588235294118
245515,0.058823529411764705,0.20588235294117646,0.2647058823529412,0.47058823529411764
469969,0.1111111111111111,0.2777777777777778,0.16666666666666666,0.4444444444444444
55165,0.0,0.12903225806451613,0.2903225806451613,0.5806451612903226
96388,0.05128205128205128,0.28205128205128205,0.20512820512820512,0.46153846153846156
211662,0.09523809523809523,0.19047619047619047,0.19047619047619047,0.5238095238095238
648478,0.0,0.18181818181818182,0.2727272727272727,0.5454545454545454
533838,0.07692307692307693,0.38461538461538464,0.3076923076923077,0.23076923076923078
124367,0.05,0.225,0.25,0.475
322839,0.010526315789473684,0.3368421052631579,0.4421052631578947,0.21052631578947367
47181,0.06451612903225806,0.2903225806451613,0.25806451612903225,0.3870967741935484
304567,0.125,0.08333333333333333,0.1388888888888889,0.6527777777777778
465255,0.0,0.18421052631578946,0.34210526315789475,0.47368421052631576
407121,0.0,0.23333333333333334,0.26666666666666666,0.5
384702,0.08888888888888889,0.26666666666666666,0.3111111111111111,0.3333333333333333
605270,0.041666666666666664,0.2916666666666667,0.25,0.4166666666666667
508902,0.07692307692307693,0.15384615384615385,0.38461538461538464,0.38461538461538464
388195,0.0,0.16,0.24,0.6
290727,0.0967741935483871,0.1935483870967742,0.22580645161290322,0.4838709677419355
151908,0.034482758620689655,0.27586206896551724,0.13793103448275862,0.5517241379310345
603567,0.058823529411764705,0.20588235294117646,0.2647058823529412,0.47058823529411764
633935,0.0,0.23076923076923078,0.34615384615384615,0.4230769230769231
245140,0.028037383177570093,0.3177570093457944,0.21495327102803738,0.4392523364485981
564192,0.038461538461538464,0.24615384615384617,0.2076923076923077,0.5076923076923077
301442,0.0625,0.25,0.25,0.4375
290822,0.038461538461538464,0.28846153846153844,0.15384615384615385,0.5192307692307693
458060,0.17391304347826086,0.2608695652173913,0.14492753623188406,0.42028985507246375
230181,0.02127659574468085,0.3617021276595745,0.11702127659574468,0.5
594035,0.034482758620689655,0.40229885057471265,0.16091954022988506,0.40229885057471265
159416,0.043478260869565216,0.2608695652173913,0.13043478260869565,0.5652173913043478
547973,0.08196721311475409,0.2459016393442623,0.11475409836065574,0.5573770491803278
111366,0.13114754098360656,0.16393442622950818,0.2459016393442623,0.45901639344262296
387109,0.15789473684210525,0.2631578947368421,0.15789473684210525,0.42105263157894735
71073,0.08403361344537816,0.3025210084033613,0.2605042016806723,0.35294117647058826
550665,0.09523809523809523,0.38095238095238093,0.3333333333333333,0.19047619047619047
240655,0.046511627906976744,0.3023255813953488,0.18604651162790697,0.46511627906976744
223637,0.01639344262295082,0.21311475409836064,0.26229508196721313,0.5081967213114754
221933,0.029411764705882353,0.2647058823529412,0.4411764705882353,0.2647058823529412
213723,0.08,0.32,0.2,0.4
197909,0.0,0.41935483870967744,0.3870967741935484,0.1935483870967742
197926,0.0,0.4482758620689655,0.3793103448275862,0.1724137931034483
480014,0.043478260869565216,0.17391304347826086,0.2608695652173913,0.5217391304347826
236040,0.09803921568627451,0.21568627450980393,0.39215686274509803,0.29411764705882354
432454,0.15,0.25,0.2,0.4
148573,0.0392156862745098,0.37254901960784315,0.23529411764705882,0.35294117647058826
561265,0.08,0.32,0.28,0.32
649146,0.013888888888888888,0.2638888888888889,0.2222222222222222,0.5
103595,0.041666666666666664,0.20833333333333334,0.4166666666666667,0.3333333333333333
103600,0.043478260869565216,0.08695652173913043,0.4782608695652174,0.391304347826087
321987,0.025,0.225,0.4,0.35
234136,0.0,0.21428571428571427,0.42857142857142855,0.35714285714285715
250474,0.058823529411764705,0.11764705882352941,0.3333333333333333,0.49019607843137253
290682,0.1,0.23333333333333334,0.16666666666666666,0.5
185569,0.10526315789473684,0.23684210526315788,0.18421052631578946,0.47368421052631576
63816,0.41818181818181815,0.10909090909090909,0.05454545454545454,0.41818181818181815
149304,0.0,0.07142857142857142,0.14285714285714285,0.7857142857142857
322859,0.125,0.375,0.125,0.375
224006,0.3333333333333333,0.23809523809523808,0.047619047619047616,0.38095238095238093
238686,0.13114754098360656,0.18032786885245902,0.3770491803278688,0.3114754098360656
272994,0.16666666666666666,0.05555555555555555,0.16666666666666666,0.6111111111111112
127448,0.07317073170731707,0.12195121951219512,0.07317073170731707,0.7317073170731707
148962,0.0,0.14285714285714285,0.5714285714285714,0.2857142857142857
97563,0.03571428571428571,0.4642857142857143,0.35714285714285715,0.14285714285714285
84418,0.125,0.0625,0.375,0.4375
322854,0.06382978723404255,0.10638297872340426,0.6382978723404256,0.19148936170212766
57401,0.058823529411764705,0.17647058823529413,0.35294117647058826,0.4117647058823529
74680,0.13333333333333333,0.2,0.3333333333333333,0.3333333333333333
322620,0.25,0.0625,0.4375,0.25
301091,0.2,0.06666666666666667,0.5333333333333333,0.2
290873,0.15384615384615385,0.15384615384615385,0.15384615384615385,0.5384615384615384
155290,0.039473684210526314,0.13157894736842105,0.6578947368421053,0.17105263157894737
168414,0.07142857142857142,0.07142857142857142,0.6428571428571429,0.21428571428571427
168413,0.06666666666666667,0.13333333333333333,0.4,0.4
117514,0.02,0.08,0.54,0.36
150178,0.2,0.06666666666666667,0.3333333333333333,0.4
117527,0.1111111111111111,0.08888888888888889,0.2222222222222222,0.5777777777777777
117516,0.029411764705882353,0.11764705882352941,0.6176470588235294,0.23529411764705882
144674,0.06666666666666667,0.4,0.35555555555555557,0.17777777777777778
197851,0.11538461538461539,0.4230769230769231,0.11538461538461539,0.34615384615384615
317764,0.11764705882352941,0.058823529411764705,0.4117647058823529,0.4117647058823529
246293,0.2,0.1,0.3,0.4
158667,0.07407407407407407,0.7777777777777778,0.14814814814814814,0.0
67951,0.07692307692307693,0.07692307692307693,0.38461538461538464,0.46153846153846156
327795,0.08,0.2,0.36,0.36
322184,0.037037037037037035,0.4166666666666667,0.4074074074074074,0.1388888888888889
62314,0.2222222222222222,0.05555555555555555,0.3333333333333333,0.3888888888888889
74610,0.16666666666666666,0.19047619047619047,0.3333333333333333,0.30952380952380953
127352,0.1875,0.0625,0.1875,0.5625
141121,0.1388888888888889,0.1388888888888889,0.5,0.2222222222222222
241279,0.2727272727272727,0.36363636363636365,0.09090909090909091,0.2727272727272727
61430,0.2857142857142857,0.2857142857142857,0.21428571428571427,0.21428571428571427
199326,0.23529411764705882,0.11764705882352941,0.4117647058823529,0.23529411764705882
235845,0.125,0.1875,0.25,0.4375
139141,0.45454545454545453,0.18181818181818182,0.0,0.36363636363636365
157077,0.2,0.1,0.0,0.7
89954,0.0,0.15789473684210525,0.2631578947368421,0.5789473684210527
196485,0.2857142857142857,0.14285714285714285,0.0,0.5714285714285714
139577,0.4,0.06666666666666667,0.06666666666666667,0.4666666666666667
57827,0.5454545454545454,0.09090909090909091,0.09090909090909091,0.2727272727272727
292720,0.34782608695652173,0.043478260869565216,0.13043478260869565,0.4782608695652174
98676,0.36363636363636365,0.09090909090909091,0.2727272727272727,0.2727272727272727
316833,0.38461538461538464,0.15384615384615385,0.0,0.46153846153846156
96432,0.11538461538461539,0.038461538461538464,0.19230769230769232,0.6538461538461539
65311,0.09803921568627451,0.0784313725490196,0.35294117647058826,0.47058823529411764
62656,0.09090909090909091,0.21212121212121213,0.30303030303030304,0.3939393939393939
65326,0.09523809523809523,0.19047619047619047,0.42857142857142855,0.2857142857142857
234517,0.1111111111111111,0.16666666666666666,0.3333333333333333,0.3888888888888889
305807,0.23076923076923078,0.38461538461538464,0.15384615384615385,0.23076923076923078
66175,0.05,0.3,0.25,0.4
57735,0.16,0.16,0.28,0.4
783047,0.05102040816326531,0.2755102040816326,0.4489795918367347,0.22448979591836735
306843,0.07246376811594203,0.2028985507246377,0.5362318840579711,0.18840579710144928
242358,0.12244897959183673,0.061224489795918366,0.04081632653061224,0.7755102040816326
82284,0.125,0.08333333333333333,0.125,0.6666666666666666
103288,0.0625,0.15625,0.375,0.40625
71679,0.06666666666666667,0.15555555555555556,0.2222222222222222,0.5555555555555556
394041,0.12,0.2,0.12,0.56
70168,0.10526315789473684,0.15789473684210525,0.15789473684210525,0.5789473684210527
306575,0.16666666666666666,0.2777777777777778,0.2777777777777778,0.2777777777777778
118442,0.18181818181818182,0.2727272727272727,0.2727272727272727,0.2727272727272727
322805,0.0425531914893617,0.2978723404255319,0.2553191489361702,0.40425531914893614
125246,0.09090909090909091,0.22727272727272727,0.18181818181818182,0.5
134414,0.05263157894736842,0.2631578947368421,0.47368421052631576,0.21052631578947367
63727,0.04081632653061224,0.19387755102040816,0.42857142857142855,0.336734693877551
193932,0.0,0.3076923076923077,0.07692307692307693,0.6153846153846154
85670,0.07692307692307693,0.23076923076923078,0.23076923076923078,0.46153846153846156
278663,0.05555555555555555,0.16666666666666666,0.2777777777777778,0.5
151669,0.09090909090909091,0.36363636363636365,0.22727272727272727,0.3181818181818182
173211,0.06153846153846154,0.18461538461538463,0.2,0.5538461538461539
177010,0.09375,0.15625,0.328125,0.421875
327173,0.0,0.17647058823529413,0.23529411764705882,0.5882352941176471
278321,0.10526315789473684,0.3157894736842105,0.15789473684210525,0.42105263157894735
271523,0.29411764705882354,0.17647058823529413,0.35294117647058826,0.17647058823529413
311350,0.047619047619047616,0.19047619047619047,0.42857142857142855,0.3333333333333333
311355,0.09523809523809523,0.09523809523809523,0.3333333333333333,0.47619047619047616
311375,0.0625,0.1875,0.3125,0.4375
152392,0.18518518518518517,0.18518518518518517,0.14814814814814814,0.48148148148148145
289415,0.24242424242424243,0.12121212121212122,0.24242424242424243,0.3939393939393939
200040,0.15315315315315314,0.15315315315315314,0.36936936936936937,0.32432432432432434
118112,0.2125,0.225,0.2875,0.275
292810,0.23529411764705882,0.19607843137254902,0.13725490196078433,0.43137254901960786
301272,0.36470588235294116,0.2,0.21176470588235294,0.2235294117647059
236178,0.1875,0.14583333333333334,0.14583333333333334,0.5208333333333334
57626,0.09523809523809523,0.2857142857142857,0.19047619047619047,0.42857142857142855
60161,0.25,0.3,0.15,0.3
213171,0.13333333333333333,0.13333333333333333,0.4,0.3333333333333333
245260,0.050505050505050504,0.1414141414141414,0.3838383838383838,0.42424242424242425
302717,0.048034934497816595,0.03056768558951965,0.17467248908296942,0.7467248908296943
93630,0.02127659574468085,0.2765957446808511,0.23404255319148937,0.46808510638297873
157265,0.05309734513274336,0.25663716814159293,0.20353982300884957,0.48672566371681414
85797,0.019230769230769232,0.17307692307692307,0.17307692307692307,0.6346153846153846
288516,0.16129032258064516,0.25806451612903225,0.3225806451612903,0.25806451612903225
202391,0.06060606060606061,0.5151515151515151,0.06060606060606061,0.36363636363636365
289038,0.08333333333333333,0.3055555555555556,0.2777777777777778,0.3333333333333333
289044,0.10714285714285714,0.2857142857142857,0.35714285714285715,0.25
198487,0.08823529411764706,0.4117647058823529,0.2647058823529412,0.23529411764705882
289047,0.0967741935483871,0.25806451612903225,0.3870967741935484,0.25806451612903225
56215,0.034482758620689655,0.3448275862068966,0.3103448275862069,0.3103448275862069
60968,0.28,0.2,0.28,0.24
91799,0.08928571428571429,0.30357142857142855,0.16071428571428573,0.44642857142857145
289166,0.16666666666666666,0.16666666666666666,0.16666666666666666,0.5
75245,0.175,0.175,0.2,0.45
192919,0.08695652173913043,0.1956521739130435,0.34782608695652173,0.3695652173913043
93487,0.02564102564102564,0.1794871794871795,0.15384615384615385,0.6410256410256411
87240,0.14150943396226415,0.0660377358490566,0.24528301886792453,0.5471698113207547
231968,0.6206896551724138,0.10344827586206896,0.10344827586206896,0.1724137931034483
118247,0.05555555555555555,0.5,0.05555555555555555,0.3888888888888889
62200,0.15384615384615385,0.23076923076923078,0.15384615384615385,0.46153846153846156
60173,0.1111111111111111,0.2962962962962963,0.2222222222222222,0.37037037037037035
77000,0.38461538461538464,0.10256410256410256,0.07692307692307693,0.4358974358974359
285589,0.23076923076923078,0.038461538461538464,0.15384615384615385,0.5769230769230769
49792,0.2,0.12,0.12,0.56
108985,0.4146341463414634,0.14634146341463414,0.13821138211382114,0.3008130081300813
109059,0.15384615384615385,0.07692307692307693,0.15384615384615385,0.6153846153846154
56557,0.0,0.35,0.05,0.6
60359,0.0,0.3333333333333333,0.13333333333333333,0.5333333333333333
60170,0.0967741935483871,0.25806451612903225,0.25806451612903225,0.3870967741935484
192943,0.10256410256410256,0.1282051282051282,0.2564102564102564,0.5128205128205128
192940,0.0967741935483871,0.1935483870967742,0.1935483870967742,0.5161290322580645
178247,0.1111111111111111,0.2962962962962963,0.18518518518518517,0.4074074074074074
63699,0.09803921568627451,0.19607843137254902,0.35294117647058826,0.35294117647058826
12974,0.18333333333333332,0.06666666666666667,0.3333333333333333,0.4166666666666667
292847,0.2833333333333333,0.13333333333333333,0.21666666666666667,0.36666666666666664
285581,0.19230769230769232,0.15384615384615385,0.23076923076923078,0.4230769230769231
53680,0.15789473684210525,0.10526315789473684,0.5263157894736842,0.21052631578947367
199997,0.20353982300884957,0.22123893805309736,0.23008849557522124,0.34513274336283184
292865,0.26666666666666666,0.13333333333333333,0.13333333333333333,0.4666666666666667
66283,0.14285714285714285,0.14285714285714285,0.42857142857142855,0.2857142857142857
211524,0.16666666666666666,0.16666666666666666,0.16666666666666666,0.5
155889,0.136986301369863,0.1506849315068493,0.1506849315068493,0.5616438356164384
153720,0.07633587786259542,0.16793893129770993,0.21374045801526717,0.5419847328244275
299234,0.2777777777777778,0.1388888888888889,0.19444444444444445,0.3888888888888889
13079,0.08860759493670886,0.189873417721519,0.3924050632911392,0.3291139240506329
63710,0.031746031746031744,0.23809523809523808,0.4126984126984127,0.31746031746031744
63720,0.05405405405405406,0.14864864864864866,0.581081081081081,0.21621621621621623
51862,0.06666666666666667,0.13333333333333333,0.13333333333333333,0.6666666666666666
86839,0.16666666666666666,0.08333333333333333,0.16666666666666666,0.5833333333333334
151604,0.03333333333333333,0.16666666666666666,0.3333333333333333,0.4666666666666667
69988,0.11764705882352941,0.17647058823529413,0.11764705882352941,0.5882352941176471
156700,0.21052631578947367,0.05263157894736842,0.21052631578947367,0.5263157894736842
295101,0.05660377358490566,0.16981132075471697,0.37735849056603776,0.39622641509433965
322901,0.007168458781362007,0.6630824372759857,0.26523297491039427,0.06451612903225806
58948,0.125,0.5,0.0,0.375
109068,0.1,0.25,0.1,0.55
44985,0.0,0.45454545454545453,0.4155844155844156,0.12987012987012986
234838,0.10256410256410256,0.15384615384615385,0.1282051282051282,0.6153846153846154
193998,0.11764705882352941,0.23529411764705882,0.35294117647058826,0.29411764705882354
46149,0.0,0.6132075471698113,0.2641509433962264,0.12264150943396226
65878,0.2903225806451613,0.06451612903225806,0.03225806451612903,0.6129032258064516
105501,0.023255813953488372,0.13953488372093023,0.4883720930232558,0.3488372093023256
63485,0.0,0.14285714285714285,0.5714285714285714,0.2857142857142857
186506,0.13043478260869565,0.17391304347826086,0.2608695652173913,0.43478260869565216
306933,0.11764705882352941,0.11764705882352941,0.23529411764705882,0.5294117647058824
257455,0.03333333333333333,0.26666666666666666,0.36666666666666664,0.3333333333333333
242974,0.4523809523809524,0.09523809523809523,0.16666666666666666,0.2857142857142857
319361,0.13333333333333333,0.06666666666666667,0.2,0.6
318416,0.17647058823529413,0.058823529411764705,0.17647058823529413,0.5882352941176471
211584,0.125,0.1875,0.25,0.4375
168155,0.018018018018018018,0.40540540540540543,0.1981981981981982,0.3783783783783784
207824,0.0,0.375,0.25,0.375
253975,0.5490196078431373,0.0196078431372549,0.0784313725490196,0.35294117647058826
158976,0.3333333333333333,0.16666666666666666,0.25,0.25
299291,0.36,0.08,0.4,0.16
283603,0.35714285714285715,0.09183673469387756,0.08163265306122448,0.46938775510204084
135507,0.3333333333333333,0.08333333333333333,0.08333333333333333,0.5
117859,0.1,0.2,0.2,0.5
317740,0.0,0.2727272727272727,0.36363636363636365,0.36363636363636365
124172,0.17857142857142858,0.10714285714285714,0.17857142857142858,0.5357142857142857
134612,0.08602150537634409,0.15053763440860216,0.3548387096774194,0.40860215053763443
61436,0.3181818181818182,0.045454545454545456,0.18181818181818182,0.45454545454545453
216474,0.09090909090909091,0.36363636363636365,0.2727272727272727,0.2727272727272727
173027,0.0,0.36363636363636365,0.18181818181818182,0.45454545454545453
294887,0.13333333333333333,0.2,0.5,0.16666666666666666
211579,0.0,0.3076923076923077,0.2692307692307692,0.4230769230769231
193535,0.037037037037037035,0.14814814814814814,0.2962962962962963,0.5185185185185185
241968,0.1111111111111111,0.16666666666666666,0.3888888888888889,0.3333333333333333
289265,0.045454545454545456,0.24242424242424243,0.3787878787878788,0.3333333333333333
296209,0.10714285714285714,0.21428571428571427,0.21428571428571427,0.4642857142857143
240800,0.045454545454545456,0.18181818181818182,0.2727272727272727,0.5
311723,0.09090909090909091,0.12121212121212122,0.21212121212121213,0.5757575757575758
278771,0.019230769230769232,0.21153846153846154,0.23076923076923078,0.5384615384615384
277663,0.0,0.2702702702702703,0.24324324324324326,0.4864864864864865
46133,0.16216216216216217,0.1891891891891892,0.24324324324324326,0.40540540540540543
48610,0.22077922077922077,0.12987012987012986,0.24675324675324675,0.4025974025974026
285551,0.20833333333333334,0.25,0.25,0.2916666666666667
273006,0.21428571428571427,0.25,0.17857142857142858,0.35714285714285715
155130,0.1724137931034483,0.27586206896551724,0.27586206896551724,0.27586206896551724
209626,0.18181818181818182,0.11363636363636363,0.29545454545454547,0.4090909090909091
48667,0.13333333333333333,0.3111111111111111,0.25925925925925924,0.2962962962962963
100404,0.16666666666666666,0.18518518518518517,0.3148148148148148,0.3333333333333333
48617,0.07142857142857142,0.25510204081632654,0.336734693877551,0.336734693877551
289248,0.2537313432835821,0.208955223880597,0.2537313432835821,0.2835820895522388
289249,0.2692307692307692,0.23076923076923078,0.17307692307692307,0.3269230769230769
289283,0.16666666666666666,0.20833333333333334,0.125,0.5
121647,0.17857142857142858,0.14285714285714285,0.3392857142857143,0.3392857142857143
205952,0.19230769230769232,0.19230769230769232,0.23076923076923078,0.38461538461538464
145348,0.12,0.52,0.16,0.2
250828,0.05263157894736842,0.21052631578947367,0.2894736842105263,0.4473684210526316
62219,0.09375,0.25,0.15625,0.5
213241,0.07526881720430108,0.06451612903225806,0.27956989247311825,0.5806451612903226
87406,0.08571428571428572,0.2,0.2571428571428571,0.45714285714285713
283041,0.08108108108108109,0.35135135135135137,0.24324324324324326,0.32432432432432434
93786,0.07142857142857142,0.2857142857142857,0.14285714285714285,0.5
87373,0.028169014084507043,0.3380281690140845,0.2112676056338028,0.4225352112676056
304239,0.11363636363636363,0.1590909090909091,0.13636363636363635,0.5909090909090909
277032,0.016666666666666666,0.2,0.35,0.43333333333333335
189141,0.15384615384615385,0.23076923076923078,0.07692307692307693,0.5384615384615384
228088,0.09876543209876543,0.2839506172839506,0.2345679012345679,0.38271604938271603
184908,0.01818181818181818,0.16363636363636364,0.2,0.6181818181818182
141239,0.04878048780487805,0.21951219512195122,0.3170731707317073,0.4146341463414634
229973,0.06976744186046512,0.23255813953488372,0.4418604651162791,0.2558139534883721
229844,0.045454545454545456,0.2727272727272727,0.36363636363636365,0.3181818181818182
235416,0.22,0.3,0.06,0.42
306802,0.10526315789473684,0.2631578947368421,0.15789473684210525,0.47368421052631576
228564,0.03225806451612903,0.16129032258064516,0.3870967741935484,0.41935483870967744
149219,0.0,0.20833333333333334,0.4166666666666667,0.375
288728,0.09090909090909091,0.22727272727272727,0.5454545454545454,0.13636363636363635
288746,0.024096385542168676,0.25301204819277107,0.30120481927710846,0.42168674698795183
251782,0.05,0.275,0.2,0.475
136553,0.08823529411764706,0.23529411764705882,0.2647058823529412,0.4117647058823529
148416,0.07017543859649122,0.19298245614035087,0.2982456140350877,0.43859649122807015
159500,0.13157894736842105,0.23684210526315788,0.13157894736842105,0.5
227586,0.027777777777777776,0.2638888888888889,0.4166666666666667,0.2916666666666667
228757,0.02631578947368421,0.18421052631578946,0.3157894736842105,0.47368421052631576
126988,0.1,0.2,0.25,0.45
252096,0.11428571428571428,0.3142857142857143,0.11428571428571428,0.45714285714285713
290872,0.046511627906976744,0.2558139534883721,0.32558139534883723,0.37209302325581395
294398,0.15,0.2,0.25,0.4
257329,0.08695652173913043,0.08695652173913043,0.43478260869565216,0.391304347826087
234268,0.11764705882352941,0.23529411764705882,0.29411764705882354,0.35294117647058826
136939,0.13043478260869565,0.17391304347826086,0.17391304347826086,0.5217391304347826
311720,0.0,0.125,0.3125,0.5625
274123,0.14814814814814814,0.18518518518518517,0.3333333333333333,0.3333333333333333
118041,0.047619047619047616,0.23809523809523808,0.3333333333333333,0.38095238095238093
12972,0.0,0.26666666666666666,0.13333333333333333,0.6
181687,0.0,0.39655172413793105,0.3448275862068966,0.25862068965517243
194389,0.078125,0.20833333333333334,0.375,0.3385416666666667
314813,0.09090909090909091,0.18181818181818182,0.09090909090909091,0.6363636363636364
163838,0.12244897959183673,0.32653061224489793,0.22448979591836735,0.32653061224489793
146155,0.08695652173913043,0.21739130434782608,0.17391304347826086,0.5217391304347826
124294,0.16666666666666666,0.2777777777777778,0.3333333333333333,0.2222222222222222
152525,0.08695652173913043,0.30434782608695654,0.13043478260869565,0.4782608695652174
159746,0.10526315789473684,0.24812030075187969,0.40601503759398494,0.24060150375939848
12996,0.0,0.16666666666666666,0.4166666666666667,0.4166666666666667
292164,0.13043478260869565,0.08695652173913043,0.4782608695652174,0.30434782608695654
314247,0.08,0.08,0.4,0.44
313843,0.0,0.42857142857142855,0.21428571428571427,0.35714285714285715
236596,0.0,0.375,0.0625,0.5625
269378,0.18181818181818182,0.3181818181818182,0.13636363636363635,0.36363636363636365
204805,0.13636363636363635,0.22727272727272727,0.3409090909090909,0.29545454545454547
250514,0.07051282051282051,0.24358974358974358,0.36538461538461536,0.32051282051282054
159318,0.0,0.18181818181818182,0.2727272727272727,0.5454545454545454
140713,0.13636363636363635,0.13636363636363635,0.36363636363636365,0.36363636363636365
237421,0.1111111111111111,0.0,0.3333333333333333,0.5555555555555556
276834,0.1875,0.1875,0.375,0.25
282712,0.24,0.16,0.44,0.16
231522,0.2,0.0,0.0,0.8
231373,0.06896551724137931,0.2413793103448276,0.27586206896551724,0.41379310344827586
228845,0.0,0.46153846153846156,0.07692307692307693,0.46153846153846156
63539,0.05555555555555555,0.1111111111111111,0.2222222222222222,0.6111111111111112
87816,0.07692307692307693,0.10256410256410256,0.02564102564102564,0.7948717948717948
191341,0.2857142857142857,0.07142857142857142,0.0,0.6428571428571429
185953,0.06666666666666667,0.06666666666666667,0.3333333333333333,0.5333333333333333
117782,0.043010752688172046,0.34408602150537637,0.3763440860215054,0.23655913978494625
97162,0.17391304347826086,0.17391304347826086,0.21739130434782608,0.43478260869565216
146298,0.10526315789473684,0.15789473684210525,0.05263157894736842,0.6842105263157895
145809,0.23076923076923078,0.11538461538461539,0.3076923076923077,0.34615384615384615
103242,0.5,0.13934426229508196,0.14754098360655737,0.21311475409836064
54843,0.04878048780487805,0.4634146341463415,0.1951219512195122,0.2926829268292683
200341,0.09090909090909091,0.13636363636363635,0.13636363636363635,0.6363636363636364
148856,0.1111111111111111,0.2222222222222222,0.2222222222222222,0.4444444444444444
57331,0.17391304347826086,0.17391304347826086,0.21739130434782608,0.43478260869565216
79384,0.02247191011235955,0.33707865168539325,0.1348314606741573,0.5056179775280899
47701,0.08695652173913043,0.08695652173913043,0.1956521739130435,0.6304347826086957
103584,0.045454545454545456,0.13636363636363635,0.5454545454545454,0.2727272727272727
71013,0.13333333333333333,0.26666666666666666,0.3333333333333333,0.26666666666666666
127228,0.028409090909090908,0.14204545454545456,0.4090909090909091,0.42045454545454547
65343,0.0,0.1875,0.375,0.4375
47255,0.04285714285714286,0.07142857142857142,0.2857142857142857,0.6
87164,0.0,0.16666666666666666,0.2777777777777778,0.5555555555555556
180645,0.08411214953271028,0.2897196261682243,0.205607476635514,0.4205607476635514
107706,0.046511627906976744,0.27906976744186046,0.3023255813953488,0.37209302325581395
164277,0.125,0.21875,0.25,0.40625
161184,0.05,0.3,0.15,0.5
134303,0.025,0.325,0.4,0.25
134295,0.016666666666666666,0.38333333333333336,0.35,0.25
133959,0.06451612903225806,0.3709677419354839,0.3870967741935484,0.1774193548387097
134257,0.04,0.34,0.4,0.22
167660,0.0,0.3793103448275862,0.41379310344827586,0.20689655172413793
118194,0.046511627906976744,0.046511627906976744,0.16279069767441862,0.7441860465116279
213256,0.07692307692307693,0.07692307692307693,0.23076923076923078,0.6153846153846154
218343,0.16666666666666666,0.06666666666666667,0.2,0.5666666666666667
121166,0.1891891891891892,0.02702702702702703,0.2972972972972973,0.4864864864864865
87252,0.16279069767441862,0.023255813953488372,0.27906976744186046,0.5348837209302325
145933,0.1111111111111111,0.027777777777777776,0.25,0.6111111111111112
60651,0.03333333333333333,0.1,0.3,0.5666666666666667
148668,0.09090909090909091,0.11688311688311688,0.2857142857142857,0.5064935064935064
60793,0.02564102564102564,0.20512820512820512,0.20512820512820512,0.5641025641025641
60795,0.02631578947368421,0.15789473684210525,0.2894736842105263,0.5263157894736842
60798,0.04,0.16,0.32,0.48
165124,0.0,0.5,0.1875,0.3125
190436,0.09090909090909091,0.36363636363636365,0.09090909090909091,0.45454545454545453
191474,0.034482758620689655,0.3275862068965517,0.22413793103448276,0.41379310344827586
211543,0.021739130434782608,0.3695652173913043,0.2608695652173913,0.34782608695652173
177506,0.06,0.3,0.36,0.28
203932,0.06666666666666667,0.23333333333333334,0.26666666666666666,0.43333333333333335
159241,0.045454545454545456,0.4090909090909091,0.18181818181818182,0.36363636363636365
208790,0.07692307692307693,0.4230769230769231,0.11538461538461539,0.38461538461538464
203576,0.06,0.36,0.38,0.2
127070,0.04075235109717868,0.329153605015674,0.43260188087774293,0.1974921630094044
189726,0.038461538461538464,0.33653846153846156,0.41346153846153844,0.21153846153846154
130658,0.06666666666666667,0.11666666666666667,0.5833333333333334,0.23333333333333334
212319,0.09090909090909091,0.13636363636363635,0.2727272727272727,0.5
133868,0.0975609756097561,0.34146341463414637,0.34146341463414637,0.21951219512195122
207655,0.04878048780487805,0.24390243902439024,0.12195121951219512,0.5853658536585366
142004,0.0410958904109589,0.2602739726027397,0.2602739726027397,0.4383561643835616
71295,0.16,0.2,0.32,0.32
208381,0.05,0.23333333333333334,0.38333333333333336,0.3333333333333333
161264,0.057692307692307696,0.4423076923076923,0.25,0.25
48797,0.1,0.1,0.4,0.4
208846,0.15384615384615385,0.07692307692307693,0.23076923076923078,0.5384615384615384
57727,0.21052631578947367,0.21052631578947367,0.2631578947368421,0.3157894736842105
87188,0.0,0.3148148148148148,0.3333333333333333,0.35185185185185186
148888,0.025,0.225,0.475,0.275
87136,0.03636363636363636,0.14545454545454545,0.4909090909090909,0.32727272727272727
178961,0.2727272727272727,0.18181818181818182,0.36363636363636365,0.18181818181818182
182544,0.09090909090909091,0.09090909090909091,0.45454545454545453,0.36363636363636365
161214,0.1,0.35,0.05,0.5
62326,0.3076923076923077,0.3076923076923077,0.07692307692307693,0.3076923076923077
209019,0.21428571428571427,0.14285714285714285,0.07142857142857142,0.5714285714285714
163263,0.36363636363636365,0.18181818181818182,0.18181818181818182,0.2727272727272727
165954,0.6956521739130435,0.13043478260869565,0.0,0.17391304347826086
186591,0.17391304347826086,0.08695652173913043,0.08695652173913043,0.6521739130434783
132066,0.07692307692307693,0.23076923076923078,0.0,0.6923076923076923
194960,0.0,0.2,0.3,0.5
73647,0.14516129032258066,0.12903225806451613,0.1935483870967742,0.532258064516129
79347,0.1,0.23333333333333334,0.13333333333333333,0.5333333333333333
175283,0.15789473684210525,0.21052631578947367,0.05263157894736842,0.5789473684210527
170369,0.14285714285714285,0.14285714285714285,0.14285714285714285,0.5714285714285714
216470,0.12,0.28,0.44,0.16
63740,0.02158273381294964,0.2805755395683453,0.35251798561151076,0.34532374100719426
98951,0.15789473684210525,0.3157894736842105,0.15789473684210525,0.3684210526315789
169305,0.02702702702702703,0.13513513513513514,0.2972972972972973,0.5405405405405406
103554,0.02857142857142857,0.3142857142857143,0.2857142857142857,0.37142857142857144
161462,0.06,0.18,0.24,0.52
136701,0.0,0.24,0.16,0.6
87132,0.05660377358490566,0.18867924528301888,0.49056603773584906,0.2641509433962264
177960,0.0,0.28,0.34,0.38
218132,0.0,0.19047619047619047,0.14285714285714285,0.6666666666666666
73908,0.04,0.12,0.36,0.48
128148,0.024691358024691357,0.3950617283950617,0.20987654320987653,0.37037037037037035
66743,0.02830188679245283,0.3490566037735849,0.2358490566037736,0.3867924528301887
219646,0.10869565217391304,0.21739130434782608,0.2391304347826087,0.43478260869565216
145283,0.03508771929824561,0.2631578947368421,0.14035087719298245,0.5614035087719298
137822,0.058823529411764705,0.35294117647058826,0.29411764705882354,0.29411764705882354
199314,0.047619047619047616,0.09523809523809523,0.4523809523809524,0.40476190476190477
136858,0.4166666666666667,0.16666666666666666,0.08333333333333333,0.3333333333333333
87195,0.021052631578947368,0.15789473684210525,0.4842105263157895,0.3368421052631579
60099,0.015151515151515152,0.18181818181818182,0.3787878787878788,0.42424242424242425
94918,0.0,0.275,0.225,0.5
170346,0.0,0.2222222222222222,0.18518518518518517,0.5925925925925926
169665,0.0,0.2857142857142857,0.14285714285714285,0.5714285714285714
889721,0.02531645569620253,0.1518987341772152,0.4050632911392405,0.4177215189873418
193295,0.023809523809523808,0.14285714285714285,0.4523809523809524,0.38095238095238093
156488,0.05660377358490566,0.16981132075471697,0.3018867924528302,0.4716981132075472
46115,0.04938271604938271,0.5246913580246914,0.1728395061728395,0.25308641975308643
159699,0.04,0.24,0.32,0.4
71583,0.06666666666666667,0.26666666666666666,0.26666666666666666,0.4
71058,0.09467455621301775,0.2485207100591716,0.26627218934911245,0.3905325443786982
71078,0.06666666666666667,0.26666666666666666,0.5333333333333333,0.13333333333333333
1312439,0.125,0.125,0.5,0.25
558241,0.0,0.1111111111111111,0.5555555555555556,0.3333333333333333
1526890,0.05405405405405406,0.1891891891891892,0.3783783783783784,0.3783783783783784
148399,0.058577405857740586,0.4100418410041841,0.23430962343096234,0.29707112970711297
212401,0.05128205128205128,0.38461538461538464,0.28205128205128205,0.28205128205128205
134596,0.09615384615384616,0.15384615384615385,0.2692307692307692,0.4807692307692308
392152,0.10344827586206896,0.1724137931034483,0.3620689655172414,0.3620689655172414
252098,0.09090909090909091,0.09090909090909091,0.4090909090909091,0.4090909090909091
55154,0.11702127659574468,0.2978723404255319,0.18085106382978725,0.40425531914893614
592860,0.0,0.11764705882352941,0.7058823529411765,0.17647058823529413
1305399,0.0,0.25,0.6666666666666666,0.08333333333333333
1084575,0.07692307692307693,0.15384615384615385,0.23076923076923078,0.5384615384615384
902490,0.14285714285714285,0.09523809523809523,0.2857142857142857,0.47619047619047616
141842,0.21212121212121213,0.07575757575757576,0.2727272727272727,0.4393939393939394
961587,0.02631578947368421,0.02631578947368421,0.5526315789473685,0.39473684210526316
57628,0.06779661016949153,0.06779661016949153,0.5084745762711864,0.3559322033898305
97267,0.0,0.16666666666666666,0.5,0.3333333333333333
6463253,0.038461538461538464,0.07692307692307693,0.8461538461538461,0.038461538461538464
648025,0.18181818181818182,0.0,0.09090909090909091,0.7272727272727273
60997,0.1111111111111111,0.1728395061728395,0.37037037037037035,0.345679012345679
1578927,0.14285714285714285,0.19047619047619047,0.23809523809523808,0.42857142857142855
7219914,0.02127659574468085,0.9148936170212766,0.06382978723404255,0.0
48356,0.004291845493562232,0.03862660944206009,0.8497854077253219,0.1072961373390558
943916,0.0,0.021739130434782608,0.6739130434782609,0.30434782608695654
434307,0.26666666666666666,0.1523809523809524,0.3047619047619048,0.2761904761904762
1377574,0.14285714285714285,0.14285714285714285,0.42857142857142855,0.2857142857142857
189893,0.08620689655172414,0.2413793103448276,0.25862068965517243,0.41379310344827586
616269,0.13043478260869565,0.2608695652173913,0.30434782608695654,0.30434782608695654
212748,0.11320754716981132,0.09433962264150944,0.4528301886792453,0.33962264150943394
1971759,0.17647058823529413,0.29411764705882354,0.29411764705882354,0.23529411764705882
3447814,0.1875,0.125,0.3125,0.375
609825,0.06896551724137931,0.27586206896551724,0.2413793103448276,0.41379310344827586
290910,0.08333333333333333,0.020833333333333332,0.0625,0.8333333333333334
397550,0.2608695652173913,0.08695652173913043,0.17391304347826086,0.4782608695652174
302352,0.0,0.3,0.2,0.5
301811,0.0,0.16666666666666666,0.25,0.5833333333333334
1021763,0.0,0.8137254901960784,0.11764705882352941,0.06862745098039216
6405637,0.0379746835443038,0.31645569620253167,0.12658227848101267,0.5189873417721519
296262,0.03571428571428571,0.17857142857142858,0.39285714285714285,0.39285714285714285
6787638,0.05263157894736842,0.21052631578947367,0.10526315789473684,0.631578947368421
6404074,0.09090909090909091,0.09090909090909091,0.14545454545454545,0.6727272727272727
6442745,0.0,0.11538461538461539,0.3076923076923077,0.5769230769230769
727034,0.0975609756097561,0.24390243902439024,0.21951219512195122,0.43902439024390244
843036,0.0,0.13636363636363635,0.4090909090909091,0.45454545454545453
613985,0.0,0.23333333333333334,0.23333333333333334,0.5333333333333333
6797742,0.0625,0.25,0.125,0.5625
6853645,0.0,0.3125,0.0,0.6875
189846,0.0,0.09523809523809523,0.35714285714285715,0.5476190476190477
6472558,0.027777777777777776,0.16666666666666666,0.3333333333333333,0.4722222222222222
6472568,0.0,0.12,0.32,0.56
6593873,0.10714285714285714,0.14285714285714285,0.2857142857142857,0.4642857142857143
6472538,0.0625,0.125,0.28125,0.53125
6508679,0.08928571428571429,0.14285714285714285,0.25,0.5178571428571429
6593917,0.0625,0.25,0.25,0.4375
6508685,0.09090909090909091,0.15151515151515152,0.25757575757575757,0.5
204614,0.014285714285714285,0.45714285714285713,0.14285714285714285,0.38571428571428573
6412967,0.0,0.5789473684210527,0.0,0.42105263157894735
7002121,0.0,0.08333333333333333,0.75,0.16666666666666666
6508783,0.09259259259259259,0.12962962962962962,0.24074074074074073,0.5370370370370371
133901,0.047619047619047616,0.16666666666666666,0.40476190476190477,0.38095238095238093
160390,0.03125,0.09375,0.46875,0.40625
6062690,0.024096385542168676,0.01606425702811245,0.18875502008032127,0.7710843373493976
66617,0.09375,0.34375,0.14583333333333334,0.4166666666666667
6900595,0.36363636363636365,0.09090909090909091,0.36363636363636365,0.18181818181818182
4787939,0.23076923076923078,0.07692307692307693,0.23076923076923078,0.46153846153846156
6407835,0.0,0.2972972972972973,0.16216216216216217,0.5405405405405406
1210951,0.09090909090909091,0.45454545454545453,0.09090909090909091,0.36363636363636365
5206964,0.0,0.6,0.2,0.2
1257080,0.022222222222222223,0.3111111111111111,0.3333333333333333,0.3333333333333333
4967866,0.125,0.375,0.1875,0.3125
6683713,0.0,0.21428571428571427,0.2857142857142857,0.5
3696020,0.0,0.25,0.1875,0.5625
1036877,0.07407407407407407,0.48148148148148145,0.18518518518518517,0.25925925925925924
5219304,0.07692307692307693,0.46153846153846156,0.07692307692307693,0.38461538461538464
523232,0.08,0.24,0.22,0.46
48343,0.15384615384615385,0.23076923076923078,0.0,0.6153846153846154
5486793,0.23529411764705882,0.29411764705882354,0.11764705882352941,0.35294117647058826
2749941,0.07692307692307693,0.3076923076923077,0.3076923076923077,0.3076923076923077
6353043,0.09090909090909091,0.09090909090909091,0.36363636363636365,0.45454545454545453
823600,0.2,0.3333333333333333,0.26666666666666666,0.2
493276,0.05504587155963303,0.44954128440366975,0.11926605504587157,0.3761467889908257
522768,0.08928571428571429,0.2857142857142857,0.39285714285714285,0.23214285714285715
1064568,0.15384615384615385,0.07692307692307693,0.3076923076923077,0.46153846153846156
63729,0.027777777777777776,0.17592592592592593,0.4537037037037037,0.3425925925925926
1821216,0.0,0.38461538461538464,0.3076923076923077,0.3076923076923077
1217319,0.125,0.125,0.1875,0.5625
4468394,0.0,0.2,0.3,0.5
1317199,0.09523809523809523,0.21428571428571427,0.4523809523809524,0.23809523809523808
1250370,0.10714285714285714,0.10714285714285714,0.17857142857142858,0.6071428571428571
1067875,0.2727272727272727,0.18181818181818182,0.36363636363636365,0.18181818181818182
1546811,0.08333333333333333,0.25,0.4166666666666667,0.25
4064253,0.09090909090909091,0.18181818181818182,0.18181818181818182,0.5454545454545454
928361,0.07407407407407407,0.2222222222222222,0.14814814814814814,0.5555555555555556
164683,0.0,0.14285714285714285,0.5714285714285714,0.2857142857142857
713621,0.08333333333333333,0.375,0.2916666666666667,0.25
1544659,0.13333333333333333,0.5333333333333333,0.2,0.13333333333333333
546076,0.18604651162790697,0.32558139534883723,0.2558139534883721,0.23255813953488372
6758806,0.07142857142857142,0.07142857142857142,0.14285714285714285,0.7142857142857143
902111,0.2,0.2,0.35,0.25
902143,0.23529411764705882,0.17647058823529413,0.23529411764705882,0.35294117647058826
1544884,0.0,0.14285714285714285,0.42857142857142855,0.42857142857142855
527679,0.041666666666666664,0.16666666666666666,0.5416666666666666,0.25
6411470,0.1,0.1,0.3,0.5
230833,0.13513513513513514,0.24324324324324326,0.26126126126126126,0.36036036036036034
2173623,0.03076923076923077,0.2923076923076923,0.46153846153846156,0.2153846153846154
1111979,0.08333333333333333,0.20833333333333334,0.5,0.20833333333333334
1317337,0.06666666666666667,0.06666666666666667,0.6,0.26666666666666666
2978014,0.0,0.18181818181818182,0.36363636363636365,0.45454545454545453
784780,0.13793103448275862,0.27586206896551724,0.2413793103448276,0.3448275862068966
1249197,0.3,0.4,0.1,0.2
109035,0.0625,0.1875,0.34375,0.40625
342899,0.0851063829787234,0.2978723404255319,0.2978723404255319,0.3191489361702128
3429940,0.23529411764705882,0.23529411764705882,0.058823529411764705,0.47058823529411764
586129,0.06666666666666667,0.06666666666666667,0.4,0.4666666666666667
1320924,0.0,0.2727272727272727,0.2727272727272727,0.45454545454545453
1317252,0.12903225806451613,0.3225806451612903,0.3548387096774194,0.1935483870967742
155349,0.09090909090909091,0.36363636363636365,0.2727272727272727,0.2727272727272727
245634,0.08333333333333333,0.19444444444444445,0.3055555555555556,0.4166666666666667
1326879,0.125,0.375,0.25,0.25
577865,0.2222222222222222,0.16666666666666666,0.2777777777777778,0.3333333333333333
580114,0.07142857142857142,0.2857142857142857,0.14285714285714285,0.5
764441,0.038461538461538464,0.3076923076923077,0.4230769230769231,0.23076923076923078
1272827,0.13333333333333333,0.2,0.26666666666666666,0.4
1090531,0.09375,0.25,0.3125,0.34375
173770,0.10714285714285714,0.10714285714285714,0.25,0.5357142857142857
1326812,0.14285714285714285,0.5714285714285714,0.0,0.2857142857142857
1317280,0.045454545454545456,0.2727272727272727,0.5454545454545454,0.13636363636363635
277016,0.061224489795918366,0.20408163265306123,0.20408163265306123,0.5306122448979592
1182917,0.1,0.0,0.6,0.3
1183504,0.3125,0.125,0.3125,0.25
680553,0.23809523809523808,0.09523809523809523,0.19047619047619047,0.47619047619047616
806090,0.17391304347826086,0.21739130434782608,0.34782608695652173,0.2608695652173913
6563011,0.0,0.25,0.0,0.75
484151,0.17391304347826086,0.08695652173913043,0.21739130434782608,0.5217391304347826
277011,0.16,0.12,0.24,0.48
4521274,0.0,0.5,0.25,0.25
288323,0.07142857142857142,0.07142857142857142,0.2857142857142857,0.5714285714285714
951632,0.09090909090909091,0.22727272727272727,0.45454545454545453,0.22727272727272727
329559,0.35714285714285715,0.07142857142857142,0.14285714285714285,0.42857142857142855
288321,0.1111111111111111,0.16666666666666666,0.3333333333333333,0.3888888888888889
288320,0.06,0.38,0.42,0.14
826774,0.34782608695652173,0.043478260869565216,0.17391304347826086,0.43478260869565216
288450,0.0,0.375,0.21875,0.40625
960508,0.13636363636363635,0.2727272727272727,0.18181818181818182,0.4090909090909091
1208063,0.1,0.0,0.3,0.6
288328,0.20512820512820512,0.02564102564102564,0.1282051282051282,0.6410256410256411
1083574,0.1,0.0,0.3,0.6
1223431,0.1111111111111111,0.0,0.2222222222222222,0.6666666666666666
1255018,0.1,0.1,0.4,0.4
6448927,0.14285714285714285,0.42857142857142855,0.14285714285714285,0.2857142857142857
717767,0.08,0.2,0.12,0.6
6448883,0.07142857142857142,0.21428571428571427,0.14285714285714285,0.5714285714285714
6485531,0.0,0.3333333333333333,0.1111111111111111,0.5555555555555556
412067,0.04,0.24,0.4,0.32
647268,0.1,0.2,0.6,0.1
3281404,0.0,0.5555555555555556,0.3333333333333333,0.1111111111111111
423475,0.14285714285714285,0.21428571428571427,0.5,0.14285714285714285
1420483,0.0,0.3157894736842105,0.10526315789473684,0.5789473684210527
6441811,0.0,0.5,0.0,0.5
6548811,0.0,0.23076923076923078,0.15384615384615385,0.6153846153846154
398274,0.1,0.1,0.2,0.6
761870,0.0,0.1111111111111111,0.2222222222222222,0.6666666666666666
6931229,0.2,0.1,0.0,0.7
149853,0.21100917431192662,0.2018348623853211,0.3302752293577982,0.25688073394495414
186233,0.125,0.1875,0.1875,0.5
4088576,0.06666666666666667,0.2,0.26666666666666666,0.4666666666666667
4391015,0.0,0.3333333333333333,0.3333333333333333,0.3333333333333333
194321,0.01639344262295082,0.11475409836065574,0.19672131147540983,0.6721311475409836
203730,0.07692307692307693,0.5384615384615384,0.19230769230769232,0.19230769230769232
493971,0.08695652173913043,0.43478260869565216,0.30434782608695654,0.17391304347826086
909148,0.10526315789473684,0.5263157894736842,0.3157894736842105,0.05263157894736842
636137,0.3,0.4,0.3,0.0
1304128,0.07692307692307693,0.38461538461538464,0.3076923076923077,0.23076923076923078
174316,0.09523809523809523,0.19047619047619047,0.09523809523809523,0.6190476190476191
1600671,0.058823529411764705,0.35294117647058826,0.23529411764705882,0.35294117647058826
1597939,0.030303030303030304,0.15151515151515152,0.18181818181818182,0.6363636363636364
1595513,0.1,0.3,0.2,0.4
6349278,0.09090909090909091,0.2727272727272727,0.09090909090909091,0.5454545454545454
6472547,0.030303030303030304,0.15151515151515152,0.30303030303030304,0.5151515151515151
300653,0.08571428571428572,0.2571428571428571,0.2571428571428571,0.4
1454094,0.0,0.08333333333333333,0.3333333333333333,0.5833333333333334
149730,0.038461538461538464,0.3076923076923077,0.23076923076923078,0.4230769230769231
1578950,0.03333333333333333,0.2,0.3333333333333333,0.43333333333333335
6585747,0.03571428571428571,0.17857142857142858,0.25,0.5357142857142857
6472526,0.046511627906976744,0.20930232558139536,0.2558139534883721,0.4883720930232558
6853674,0.0,0.38461538461538464,0.07692307692307693,0.5384615384615384
6451454,0.0,0.16666666666666666,0.2916666666666667,0.5416666666666666
6515058,0.0,0.17391304347826086,0.2608695652173913,0.5652173913043478
194414,0.0,0.5454545454545454,0.18181818181818182,0.2727272727272727
753089,0.1111111111111111,0.1111111111111111,0.1111111111111111,0.6666666666666666
124497,0.047619047619047616,0.09523809523809523,0.42857142857142855,0.42857142857142855
118324,0.036585365853658534,0.04878048780487805,0.5365853658536586,0.3780487804878049
6056041,0.0,0.5,0.25,0.25
4582217,0.0,0.21052631578947367,0.42105263157894735,0.3684210526315789
1332596,0.0,0.3,0.1,0.6
2356382,0.0,0.1,0.1,0.8
234946,0.0,0.14285714285714285,0.14285714285714285,0.7142857142857143
1453420,0.0,0.4444444444444444,0.1111111111111111,0.4444444444444444
2107197,0.058823529411764705,0.17647058823529413,0.058823529411764705,0.7058823529411765
1525403,0.022222222222222223,0.2,0.37777777777777777,0.4
5206334,0.0,0.1111111111111111,0.3333333333333333,0.5555555555555556
1416705,0.0,0.18181818181818182,0.2727272727272727,0.5454545454545454
3584698,0.0,0.1111111111111111,0.2222222222222222,0.6666666666666666
1529741,0.0,0.30434782608695654,0.2608695652173913,0.43478260869565216
1502356,0.0,0.23076923076923078,0.0,0.7692307692307693
1394686,0.12244897959183673,0.14285714285714285,0.24489795918367346,0.4897959183673469
1407643,0.0,0.2,0.1,0.7
653247,0.0,0.46153846153846156,0.07692307692307693,0.46153846153846156
130790,0.030303030303030304,0.1414141414141414,0.31313131313131315,0.5151515151515151
5207577,0.0,0.2,0.3,0.5
5492054,0.0,0.21428571428571427,0.21428571428571427,0.5714285714285714
1486900,0.0,0.4,0.2,0.4
548011,0.16666666666666666,0.2777777777777778,0.16666666666666666,0.3888888888888889
212465,0.0,0.25806451612903225,0.3225806451612903,0.41935483870967744
953159,0.0,0.25,0.25,0.5
1450691,0.0,0.3076923076923077,0.15384615384615385,0.5384615384615384
6462254,0.0,0.07692307692307693,0.7692307692307693,0.15384615384615385
1471193,0.07142857142857142,0.21428571428571427,0.32142857142857145,0.39285714285714285
1545902,0.0,0.18181818181818182,0.18181818181818182,0.6363636363636364
6540467,0.16666666666666666,0.16666666666666666,0.08333333333333333,0.5833333333333334
1471194,0.0,0.19230769230769232,0.3076923076923077,0.5
557244,0.15384615384615385,0.23076923076923078,0.3076923076923077,0.3076923076923077
346859,0.16129032258064516,0.0,0.41935483870967744,0.41935483870967744
1062752,0.0,0.0,0.25,0.75
209535,0.08333333333333333,0.0,0.3333333333333333,0.5833333333333334
4786179,0.1,0.0,0.5,0.4
3069651,0.08333333333333333,0.08333333333333333,0.4166666666666667,0.4166666666666667
1321452,0.06666666666666667,0.06666666666666667,0.4,0.4666666666666667
759057,0.2,0.2,0.1,0.5
6005583,0.09090909090909091,0.36363636363636365,0.09090909090909091,0.45454545454545453
6677091,0.09090909090909091,0.18181818181818182,0.09090909090909091,0.6363636363636364
6641571,0.07142857142857142,0.14285714285714285,0.25,0.5357142857142857
6472575,0.0,0.15384615384615385,0.34615384615384615,0.5
4057357,0.0,0.4,0.1,0.5
6675545,0.0,0.21428571428571427,0.21428571428571427,0.5714285714285714
295237,0.08695652173913043,0.13043478260869565,0.17391304347826086,0.6086956521739131
769175,0.047619047619047616,0.047619047619047616,0.42857142857142855,0.47619047619047616
6834909,0.0,0.1111111111111111,0.1111111111111111,0.7777777777777778
1083765,0.09090909090909091,0.18181818181818182,0.22727272727272727,0.5
6716232,0.0,0.25,0.4375,0.3125
953977,0.15789473684210525,0.05263157894736842,0.42105263157894735,0.3684210526315789
1085430,0.07692307692307693,0.07692307692307693,0.23076923076923078,0.6153846153846154
3529187,0.1111111111111111,0.0,0.2222222222222222,0.6666666666666666
1006392,0.07692307692307693,0.0,0.4230769230769231,0.5
831584,0.08695652173913043,0.08695652173913043,0.30434782608695654,0.5217391304347826
655468,0.043478260869565216,0.043478260869565216,0.6956521739130435,0.21739130434782608
1579012,0.1111111111111111,0.1111111111111111,0.1111111111111111,0.6666666666666666
65321,0.05,0.125,0.5,0.325
1094458,0.1111111111111111,0.1111111111111111,0.4444444444444444,0.3333333333333333
952633,0.05555555555555555,0.1111111111111111,0.2777777777777778,0.5555555555555556
6798945,0.0,0.06666666666666667,0.13333333333333333,0.8
1083731,0.09090909090909091,0.09090909090909091,0.36363636363636365,0.45454545454545453
761927,0.14285714285714285,0.07142857142857142,0.42857142857142855,0.35714285714285715
1241402,0.02564102564102564,0.05128205128205128,0.38461538461538464,0.5384615384615384
251068,0.047619047619047616,0.19047619047619047,0.5238095238095238,0.23809523809523808
339469,0.018518518518518517,0.09259259259259259,0.18518518518518517,0.7037037037037037
2719538,0.05555555555555555,0.0,0.6111111111111112,0.3333333333333333
577570,0.0625,0.09375,0.40625,0.4375
368572,0.05,0.15,0.25,0.55
940195,0.2,0.13333333333333333,0.2,0.4666666666666667
1248698,0.18181818181818182,0.09090909090909091,0.45454545454545453,0.2727272727272727
873454,0.2,0.2,0.3,0.3
1018859,0.2,0.1,0.3,0.4
6311762,0.1,0.2,0.3,0.4
6556558,0.0,0.09090909090909091,0.8181818181818182,0.09090909090909091
460317,0.0,0.2,0.2,0.6
6611927,0.08333333333333333,0.25,0.4166666666666667,0.25
610089,0.04081632653061224,0.32653061224489793,0.3469387755102041,0.2857142857142857
392679,0.09090909090909091,0.09090909090909091,0.5454545454545454,0.2727272727272727
6594370,0.05263157894736842,0.15789473684210525,0.3684210526315789,0.42105263157894735
6363394,0.17647058823529413,0.11764705882352941,0.4117647058823529,0.29411764705882354
6611570,0.13333333333333333,0.26666666666666666,0.4666666666666667,0.13333333333333333
1104429,0.15384615384615385,0.23076923076923078,0.0,0.6153846153846154
1027535,0.02564102564102564,0.20512820512820512,0.3333333333333333,0.4358974358974359
70961,0.13043478260869565,0.2608695652173913,0.2608695652173913,0.34782608695652173
228090,0.14754098360655737,0.16393442622950818,0.18032786885245902,0.5081967213114754
493243,0.08823529411764706,0.3235294117647059,0.14705882352941177,0.4411764705882353
765537,0.12,0.16,0.24,0.48
1270947,0.14705882352941177,0.17647058823529413,0.2647058823529412,0.4117647058823529
717395,0.0,0.3333333333333333,0.16666666666666666,0.5
140883,0.014814814814814815,0.5333333333333333,0.3037037037037037,0.14814814814814814
500302,0.047619047619047616,0.47619047619047616,0.3333333333333333,0.14285714285714285
575680,0.05263157894736842,0.42105263157894735,0.21052631578947367,0.3157894736842105
245448,0.03125,0.1875,0.3125,0.46875
1595518,0.06666666666666667,0.4,0.26666666666666666,0.26666666666666666
552826,0.13333333333333333,0.13333333333333333,0.26666666666666666,0.4666666666666667
295434,0.06818181818181818,0.1590909090909091,0.2727272727272727,0.5
1100044,0.05128205128205128,0.15384615384615385,0.5897435897435898,0.20512820512820512
737275,0.12903225806451613,0.06451612903225806,0.45161290322580644,0.3548387096774194
735697,0.022727272727272728,0.20454545454545456,0.4318181818181818,0.3409090909090909
1423644,0.08,0.32,0.16,0.44
1565168,0.08695652173913043,0.21739130434782608,0.13043478260869565,0.5652173913043478
6475711,0.0,0.0,0.18181818181818182,0.8181818181818182
563196,0.08,0.16,0.28,0.48
1371774,0.0,0.19047619047619047,0.42857142857142855,0.38095238095238093
751905,0.2222222222222222,0.2777777777777778,0.2777777777777778,0.2222222222222222
874552,0.4642857142857143,0.10714285714285714,0.10714285714285714,0.32142857142857145
1572057,0.0,0.1,0.6,0.3
1069179,0.0,0.3333333333333333,0.16666666666666666,0.5
227851,0.07692307692307693,0.3076923076923077,0.38461538461538464,0.23076923076923078
246862,0.18518518518518517,0.0,0.2962962962962963,0.5185185185185185
312118,0.08108108108108109,0.1891891891891892,0.4594594594594595,0.2702702702702703
557267,0.0784313725490196,0.09803921568627451,0.47058823529411764,0.35294117647058826
717249,0.07692307692307693,0.23076923076923078,0.46153846153846156,0.23076923076923078
714750,0.07692307692307693,0.0,0.38461538461538464,0.5384615384615384
355261,0.06,0.18,0.38,0.38
449580,0.16666666666666666,0.08333333333333333,0.16666666666666666,0.5833333333333334
6518190,0.11764705882352941,0.5294117647058824,0.29411764705882354,0.058823529411764705
6451384,0.03225806451612903,0.1935483870967742,0.2903225806451613,0.4838709677419355
6405641,0.05555555555555555,0.2222222222222222,0.2777777777777778,0.4444444444444444
373316,0.06666666666666667,0.13333333333333333,0.26666666666666666,0.5333333333333333
322494,0.029411764705882353,0.11764705882352941,0.38235294117647056,0.47058823529411764
1925406,0.0,0.2727272727272727,0.2727272727272727,0.45454545454545453
311128,0.046153846153846156,0.2,0.5846153846153846,0.16923076923076924
300934,0.047619047619047616,0.047619047619047616,0.6190476190476191,0.2857142857142857
6809707,0.0,0.09090909090909091,0.09090909090909091,0.8181818181818182
74858,0.06349206349206349,0.29365079365079366,0.29365079365079366,0.3492063492063492
489305,0.16,0.0,0.44,0.4
250581,0.0449438202247191,0.10112359550561797,0.449438202247191,0.4044943820224719
613030,0.010416666666666666,0.5868055555555556,0.3263888888888889,0.0763888888888889
227603,0.03260869565217391,0.2608695652173913,0.4782608695652174,0.22826086956521738
332916,0.0189873417721519,0.27848101265822783,0.46835443037974683,0.23417721518987342
602696,0.1111111111111111,0.26666666666666666,0.24444444444444444,0.37777777777777777
613114,0.005940594059405941,0.5663366336633663,0.3405940594059406,0.08712871287128712
684570,0.008,0.432,0.48,0.08
842961,0.018018018018018018,0.34234234234234234,0.5315315315315315,0.10810810810810811
1173880,0.07317073170731707,0.17073170731707318,0.5121951219512195,0.24390243902439024
1226740,0.02040816326530612,0.38095238095238093,0.48299319727891155,0.11564625850340136
1372515,0.030303030303030304,0.21212121212121213,0.45454545454545453,0.30303030303030304
1372532,0.07692307692307693,0.34615384615384615,0.34615384615384615,0.23076923076923078
1447979,0.08823529411764706,0.4411764705882353,0.2647058823529412,0.20588235294117646
1520720,0.09523809523809523,0.23809523809523808,0.5238095238095238,0.14285714285714285
1017046,0.06153846153846154,0.24615384615384617,0.49230769230769234,0.2
6441070,0.0,0.5,0.4,0.1
983955,0.012345679012345678,0.8888888888888888,0.04938271604938271,0.04938271604938271
804121,0.2,0.2,0.28,0.32
6651163,0.0,0.2,0.4,0.4
788442,0.30303030303030304,0.18181818181818182,0.24242424242424243,0.2727272727272727
788437,0.21428571428571427,0.21428571428571427,0.17857142857142858,0.39285714285714285
821846,0.3333333333333333,0.1111111111111111,0.2777777777777778,0.2777777777777778
1177297,0.2727272727272727,0.18181818181818182,0.0,0.5454545454545454
603815,0.2682926829268293,0.14634146341463414,0.21951219512195122,0.36585365853658536
1498645,0.29411764705882354,0.11764705882352941,0.17647058823529413,0.4117647058823529
821833,0.23809523809523808,0.23809523809523808,0.14285714285714285,0.38095238095238093
1502238,0.14285714285714285,0.17857142857142858,0.39285714285714285,0.2857142857142857
1462524,0.26666666666666666,0.0,0.4666666666666667,0.26666666666666666
563375,0.06060606060606061,0.0,0.8787878787878788,0.06060606060606061
735248,0.1111111111111111,0.1111111111111111,0.3333333333333333,0.4444444444444444
600903,0.029411764705882353,0.38235294117647056,0.4117647058823529,0.17647058823529413
631602,0.0,0.0,0.5454545454545454,0.45454545454545453
314548,0.29411764705882354,0.0,0.23529411764705882,0.47058823529411764
385361,0.125,0.0625,0.4375,0.375
822684,0.2727272727272727,0.0,0.45454545454545453,0.2727272727272727
891986,0.3333333333333333,0.1111111111111111,0.0,0.5555555555555556
3703977,0.0,0.25,0.16666666666666666,0.5833333333333334
1245065,0.058823529411764705,0.11764705882352941,0.17647058823529413,0.6470588235294118
1107160,0.0,0.1875,0.375,0.4375
6408008,0.05128205128205128,0.10256410256410256,0.2564102564102564,0.5897435897435898
6344973,0.0,0.36363636363636365,0.2727272727272727,0.36363636363636365
6743397,0.07142857142857142,0.07142857142857142,0.35714285714285715,0.5
288280,0.07692307692307693,0.46153846153846156,0.15384615384615385,0.3076923076923077
1487009,0.062146892655367235,0.4011299435028249,0.3333333333333333,0.2033898305084746
136497,0.0,0.45454545454545453,0.2727272727272727,0.2727272727272727
544249,0.7049180327868853,0.18032786885245902,0.06557377049180328,0.04918032786885246
540261,0.0,0.6666666666666666,0.16666666666666666,0.16666666666666666
241212,0.08333333333333333,0.4166666666666667,0.08333333333333333,0.4166666666666667
218462,0.0,0.5294117647058824,0.23529411764705882,0.23529411764705882
802479,0.1875,0.0625,0.1875,0.5625
4724415,0.03571428571428571,0.35714285714285715,0.39285714285714285,0.21428571428571427
6374383,0.2,0.1,0.4,0.3
2840184,0.0,0.6153846153846154,0.38461538461538464,0.0
1026181,0.04,0.24,0.44,0.28
481772,0.12,0.12,0.08,0.68
4111869,0.1111111111111111,0.1111111111111111,0.5555555555555556,0.2222222222222222
208175,0.0625,0.03125,0.53125,0.375
742562,0.0625,0.0625,0.6875,0.1875
1541076,0.08333333333333333,0.08333333333333333,0.5,0.3333333333333333
4840846,0.3333333333333333,0.25,0.0,0.4166666666666667
720480,0.16666666666666666,0.16666666666666666,0.4166666666666667,0.25
1186383,0.5,0.125,0.125,0.25
447039,0.18181818181818182,0.22727272727272727,0.2727272727272727,0.3181818181818182
505218,0.0,0.2,0.5,0.3
1171076,0.0,0.2,0.4,0.4
186877,0.26,0.04,0.08,0.62
5142564,0.0,0.09090909090909091,0.09090909090909091,0.8181818181818182
2710078,0.05263157894736842,0.42105263157894735,0.2631578947368421,0.2631578947368421
130690,0.0,0.15,0.4,0.45
367939,0.07692307692307693,0.07692307692307693,0.5384615384615384,0.3076923076923077
1461627,0.0,0.0,0.5,0.5
1044608,0.0,0.3142857142857143,0.2857142857142857,0.4
69058,0.14285714285714285,0.21428571428571427,0.14285714285714285,0.5
84955,0.058823529411764705,0.17647058823529413,0.17647058823529413,0.5882352941176471
290503,0.2648401826484018,0.0684931506849315,0.1141552511415525,0.5525114155251142
317549,0.08571428571428572,0.11428571428571428,0.3142857142857143,0.4857142857142857
44339,0.22137404580152673,0.061068702290076333,0.0916030534351145,0.6259541984732825
870105,0.0,0.3333333333333333,0.2222222222222222,0.4444444444444444
1434073,0.0,0.3448275862068966,0.20689655172413793,0.4482758620689655
156308,0.012658227848101266,0.0759493670886076,0.5569620253164557,0.35443037974683544
373290,0.030303030303030304,0.24242424242424243,0.30303030303030304,0.42424242424242425
149372,0.041666666666666664,0.125,0.4791666666666667,0.3541666666666667
999638,0.2,0.06666666666666667,0.06666666666666667,0.6666666666666666
327666,0.22857142857142856,0.2,0.42857142857142855,0.14285714285714285
54858,0.21739130434782608,0.13043478260869565,0.34782608695652173,0.30434782608695654
6564955,0.0,0.0,0.7777777777777778,0.2222222222222222
631491,0.058823529411764705,0.23529411764705882,0.47058823529411764,0.23529411764705882
6154582,0.18181818181818182,0.36363636363636365,0.18181818181818182,0.2727272727272727
752479,0.08333333333333333,0.25,0.3333333333333333,0.3333333333333333
1447855,0.07142857142857142,0.21428571428571427,0.5714285714285714,0.14285714285714285
791450,0.06666666666666667,0.06666666666666667,0.4666666666666667,0.4
510170,0.0625,0.1875,0.3125,0.4375
63574,0.06097560975609756,0.1951219512195122,0.5609756097560976,0.18292682926829268
648294,0.07142857142857142,0.35714285714285715,0.07142857142857142,0.5
521567,0.2857142857142857,0.05714285714285714,0.3142857142857143,0.34285714285714286
752156,0.08695652173913043,0.15217391304347827,0.45652173913043476,0.30434782608695654
1579948,0.0,0.5555555555555556,0.3333333333333333,0.1111111111111111
638134,0.0,0.55,0.25,0.2
343481,0.027777777777777776,0.1111111111111111,0.4722222222222222,0.3888888888888889
5092596,0.0,0.14285714285714285,0.0,0.8571428571428571
4687558,0.0,0.26666666666666666,0.06666666666666667,0.6666666666666666
159541,0.02631578947368421,0.13157894736842105,0.5263157894736842,0.3157894736842105
782955,0.1111111111111111,0.3333333333333333,0.1111111111111111,0.4444444444444444
138350,0.0,0.1111111111111111,0.3888888888888889,0.5
4265989,0.0,0.15,0.35,0.5
339148,0.037037037037037035,0.1111111111111111,0.5555555555555556,0.2962962962962963
357163,0.07142857142857142,0.07142857142857142,0.5,0.35714285714285715
1263672,0.06666666666666667,0.0,0.5333333333333333,0.4
763886,0.06896551724137931,0.7241379310344828,0.034482758620689655,0.1724137931034483
167377,0.125,0.0,0.5,0.375
1192995,0.07407407407407407,0.25925925925925924,0.3333333333333333,0.3333333333333333
343879,0.09090909090909091,0.5909090909090909,0.13636363636363635,0.18181818181818182
340696,0.18181818181818182,0.09090909090909091,0.18181818181818182,0.5454545454545454
160144,0.21428571428571427,0.07142857142857142,0.2857142857142857,0.42857142857142855
1067492,0.1875,0.125,0.3125,0.375
194398,0.0,0.2222222222222222,0.2222222222222222,0.5555555555555556
189934,0.1,0.45,0.15,0.3
135040,0.08333333333333333,0.16666666666666666,0.08333333333333333,0.6666666666666666
1081943,0.125,0.25,0.0,0.625
311048,0.07142857142857142,0.14285714285714285,0.6428571428571429,0.14285714285714285
567491,0.1,0.2,0.5,0.2
570397,0.0,0.125,0.75,0.125
368017,0.07692307692307693,0.07692307692307693,0.6923076923076923,0.15384615384615385
367990,0.17391304347826086,0.2608695652173913,0.34782608695652173,0.21739130434782608
189947,0.0,0.07142857142857142,0.6428571428571429,0.2857142857142857
193070,0.05555555555555555,0.05555555555555555,0.6111111111111112,0.2777777777777778
565893,0.0,0.2,0.5,0.3
778347,0.0,0.0,0.2222222222222222,0.7777777777777778
133953,0.0,0.3333333333333333,0.2222222222222222,0.4444444444444444
322380,0.037037037037037035,0.037037037037037035,0.6296296296296297,0.2962962962962963
3167564,0.2857142857142857,0.2857142857142857,0.07142857142857142,0.35714285714285715
100420,0.015384615384615385,0.13846153846153847,0.4461538461538462,0.4
795730,0.07692307692307693,0.23076923076923078,0.23076923076923078,0.46153846153846156
1407813,0.16666666666666666,0.25,0.0,0.5833333333333334
932844,0.045454545454545456,0.22727272727272727,0.22727272727272727,0.5
691281,0.125,0.1875,0.4375,0.25
939643,0.05,0.15,0.4,0.4
741794,0.06666666666666667,0.4,0.3333333333333333,0.2
741811,0.07142857142857142,0.42857142857142855,0.35714285714285715,0.14285714285714285
613565,0.13043478260869565,0.34782608695652173,0.30434782608695654,0.21739130434782608
444606,0.15789473684210525,0.3157894736842105,0.42105263157894735,0.10526315789473684
959925,0.0,0.1,0.8,0.1
233890,0.09090909090909091,0.24242424242424243,0.30303030303030304,0.36363636363636365
576841,0.07692307692307693,0.23076923076923078,0.3076923076923077,0.38461538461538464
1084483,0.0,0.13333333333333333,0.6,0.26666666666666666
514609,0.1,0.2,0.3,0.4
723093,0.0,0.2,0.5,0.3
47532,0.05555555555555555,0.1388888888888889,0.19444444444444445,0.6111111111111112
345683,0.02631578947368421,0.02631578947368421,0.34210526315789475,0.6052631578947368
1289379,0.125,0.125,0.25,0.5
224190,0.0,0.0,0.5454545454545454,0.45454545454545453
173282,0.0,0.0,0.5555555555555556,0.4444444444444444
1308220,0.0,0.0,0.2727272727272727,0.7272727272727273
1496407,0.0,0.21052631578947367,0.15789473684210525,0.631578947368421
723575,0.17647058823529413,0.29411764705882354,0.058823529411764705,0.47058823529411764
346564,0.14285714285714285,0.35714285714285715,0.07142857142857142,0.42857142857142855
731047,0.11764705882352941,0.0,0.29411764705882354,0.5882352941176471
1155511,0.0,0.13333333333333333,0.4,0.4666666666666667
1409499,0.05,0.225,0.425,0.3
1409516,0.02631578947368421,0.18421052631578946,0.5,0.2894736842105263
1409593,0.030303030303030304,0.36363636363636365,0.3333333333333333,0.2727272727272727
1409654,0.02857142857142857,0.14285714285714285,0.5428571428571428,0.2857142857142857
1409699,0.02857142857142857,0.2,0.5142857142857142,0.2571428571428571
63707,0.05673758865248227,0.14184397163120568,0.3971631205673759,0.40425531914893614
49544,0.08888888888888889,0.17777777777777778,0.4444444444444444,0.28888888888888886
442616,0.12345679012345678,0.2222222222222222,0.2962962962962963,0.35802469135802467
990207,0.0,0.3157894736842105,0.42105263157894735,0.2631578947368421
357554,0.21052631578947367,0.07894736842105263,0.34210526315789475,0.3684210526315789
317621,0.1111111111111111,0.14814814814814814,0.48148148148148145,0.25925925925925924
251704,0.1,0.05,0.65,0.2
148903,0.024390243902439025,0.4634146341463415,0.34146341463414637,0.17073170731707318
134008,0.05555555555555555,0.05555555555555555,0.6666666666666666,0.2222222222222222
177213,0.05,0.1,0.55,0.3
2114543,0.058823529411764705,0.11764705882352941,0.47058823529411764,0.35294117647058826
144257,0.18181818181818182,0.09090909090909091,0.36363636363636365,0.36363636363636365
1171150,0.25,0.16666666666666666,0.3333333333333333,0.25
148557,0.05,0.1,0.525,0.325
6699450,0.1111111111111111,0.1111111111111111,0.2222222222222222,0.5555555555555556
6472563,0.0,0.11538461538461539,0.38461538461538464,0.5
1066861,0.0,0.4166666666666667,0.25,0.3333333333333333
90943,0.12903225806451613,0.16129032258064516,0.3548387096774194,0.3548387096774194
1510201,0.0,0.6071428571428571,0.30357142857142855,0.08928571428571429
100522,0.010810810810810811,0.10270270270270271,0.4918918918918919,0.3945945945945946
5098524,0.0,0.09090909090909091,0.38636363636363635,0.5227272727272727
1193308,0.0,0.25,0.4,0.35
160341,0.10714285714285714,0.17857142857142858,0.2857142857142857,0.42857142857142855
5404181,0.0,0.16,0.32,0.52
1400110,0.02857142857142857,0.17142857142857143,0.3142857142857143,0.4857142857142857
137787,0.02857142857142857,0.17142857142857143,0.37142857142857144,0.42857142857142855
727069,0.0,0.17647058823529413,0.5588235294117647,0.2647058823529412
6541699,0.15789473684210525,0.15789473684210525,0.2631578947368421,0.42105263157894735
1409757,0.02127659574468085,0.19148936170212766,0.44680851063829785,0.3404255319148936
1409447,0.022727272727272728,0.18181818181818182,0.5227272727272727,0.2727272727272727
1409363,0.03125,0.21875,0.34375,0.40625
1409339,0.02127659574468085,0.19148936170212766,0.425531914893617,0.3617021276595745
1409308,0.03773584905660377,0.24528301886792453,0.41509433962264153,0.3018867924528302
1409297,0.023255813953488372,0.18604651162790697,0.46511627906976744,0.32558139534883723
687910,0.1111111111111111,0.19444444444444445,0.16666666666666666,0.5277777777777778
5487407,0.125,0.1875,0.25,0.4375
1007884,0.15,0.2,0.2,0.45
3413570,0.1,0.2,0.1,0.6
862861,0.0,0.18181818181818182,0.18181818181818182,0.6363636363636364
5208742,0.1,0.4,0.1,0.4
393080,0.06896551724137931,0.3448275862068966,0.2413793103448276,0.3448275862068966
136668,0.047619047619047616,0.2857142857142857,0.23809523809523808,0.42857142857142855
1036910,0.125,0.25,0.1875,0.4375
5034311,0.0,0.43478260869565216,0.43478260869565216,0.13043478260869565
1508190,0.0,0.2727272727272727,0.2727272727272727,0.45454545454545453
124577,0.0,0.26666666666666666,0.3333333333333333,0.4
969911,0.05555555555555555,0.1111111111111111,0.3333333333333333,0.5
602418,0.08695652173913043,0.21739130434782608,0.2608695652173913,0.43478260869565216
1223257,0.0,0.2727272727272727,0.36363636363636365,0.36363636363636365
4885556,0.0,0.2,0.3,0.5
245630,0.07142857142857142,0.2857142857142857,0.42857142857142855,0.21428571428571427
327192,0.07692307692307693,0.15384615384615385,0.38461538461538464,0.38461538461538464
327191,0.07142857142857142,0.2857142857142857,0.35714285714285715,0.2857142857142857
719997,0.0625,0.0625,0.375,0.5
6487075,0.0,0.0,0.0,1.0
1125296,0.3181818181818182,0.22727272727272727,0.09090909090909091,0.36363636363636365
501454,0.1556420233463035,0.23346303501945526,0.17120622568093385,0.4396887159533074
572231,0.34782608695652173,0.1956521739130435,0.21739130434782608,0.2391304347826087
509339,0.07142857142857142,0.14285714285714285,0.6428571428571429,0.14285714285714285
509291,0.1111111111111111,0.1111111111111111,0.5555555555555556,0.2222222222222222
4245562,0.2916666666666667,0.20833333333333334,0.25,0.25
576278,0.0,0.0,0.4444444444444444,0.5555555555555556
436486,0.1111111111111111,0.1111111111111111,0.3333333333333333,0.4444444444444444
707448,0.05555555555555555,0.2777777777777778,0.2777777777777778,0.3888888888888889
145109,0.0,0.23076923076923078,0.46153846153846156,0.3076923076923077
198129,0.0,0.125,0.25,0.625
528000,0.0,0.09090909090909091,0.0,0.9090909090909091
619076,0.0,0.1111111111111111,0.5555555555555556,0.3333333333333333
1153737,0.0,0.23076923076923078,0.46153846153846156,0.3076923076923077
581192,0.0,0.13333333333333333,0.3333333333333333,0.5333333333333333
4788324,0.1111111111111111,0.4444444444444444,0.2222222222222222,0.2222222222222222
3622397,0.0,0.10526315789473684,0.47368421052631576,0.42105263157894735
551846,0.25,0.2,0.18333333333333332,0.36666666666666664
294797,0.037037037037037035,0.07407407407407407,0.37037037037037035,0.5185185185185185
1130650,0.05555555555555555,0.05555555555555555,0.5,0.3888888888888889
557699,0.0975609756097561,0.17073170731707318,0.3902439024390244,0.34146341463414637
1075970,0.0,0.24324324324324326,0.32432432432432434,0.43243243243243246
1257842,0.0,0.11538461538461539,0.38461538461538464,0.5
143062,0.022222222222222223,0.26666666666666666,0.26666666666666666,0.4444444444444444
6389546,0.06666666666666667,0.16666666666666666,0.26666666666666666,0.5
614055,0.0,0.13636363636363635,0.36363636363636365,0.5
271873,0.046511627906976744,0.16279069767441862,0.32558139534883723,0.46511627906976744
296308,0.027777777777777776,0.3611111111111111,0.3055555555555556,0.3055555555555556
6552779,0.0,0.2,0.25,0.55
6548757,0.0,0.13043478260869565,0.34782608695652173,0.5217391304347826
318420,0.01818181818181818,0.38181818181818183,0.2727272727272727,0.32727272727272727
614053,0.1,0.2,0.3,0.4
3504410,0.0,0.1,0.4,0.5
958037,0.0,0.25,0.5,0.25
477335,0.0,0.23076923076923078,0.5384615384615384,0.23076923076923078
657912,0.15,0.25,0.45,0.15
761725,0.0,0.09090909090909091,0.7272727272727273,0.18181818181818182
613932,0.0625,0.25,0.46875,0.21875
536973,0.2727272727272727,0.22727272727272727,0.20454545454545456,0.29545454545454547
895375,0.0,0.09090909090909091,0.5454545454545454,0.36363636363636365
572284,0.29310344827586204,0.27586206896551724,0.10344827586206896,0.3275862068965517
508597,0.08,0.12,0.36,0.44
517012,0.16666666666666666,0.2708333333333333,0.2916666666666667,0.2708333333333333
572473,0.225,0.225,0.25,0.3
542881,0.18,0.26,0.24,0.32
926277,0.0,0.4444444444444444,0.2222222222222222,0.3333333333333333
643835,0.2222222222222222,0.1111111111111111,0.2777777777777778,0.3888888888888889
572273,0.2878787878787879,0.24242424242424243,0.10606060606060606,0.36363636363636365
476631,0.1891891891891892,0.24324324324324326,0.21621621621621623,0.35135135135135137
528524,0.23880597014925373,0.2537313432835821,0.14925373134328357,0.3582089552238806
572293,0.26153846153846155,0.26153846153846155,0.13846153846153847,0.3384615384615385
551590,0.2222222222222222,0.26666666666666666,0.2222222222222222,0.28888888888888886
527776,0.15966386554621848,0.4369747899159664,0.15126050420168066,0.25210084033613445
1172654,0.18181818181818182,0.3333333333333333,0.12121212121212122,0.36363636363636365
572261,0.3333333333333333,0.24074074074074073,0.12962962962962962,0.2962962962962963
3330115,0.08333333333333333,0.4166666666666667,0.3333333333333333,0.16666666666666666
572461,0.08,0.2,0.4,0.32
928052,0.0,0.08333333333333333,0.4166666666666667,0.5
3330547,0.1,0.3,0.4,0.2
885600,0.041666666666666664,0.3333333333333333,0.16666666666666666,0.4583333333333333
885768,0.1,0.36666666666666664,0.16666666666666666,0.36666666666666664
567794,0.2608695652173913,0.2391304347826087,0.21739130434782608,0.2826086956521739
536760,0.20454545454545456,0.25,0.2727272727272727,0.2727272727272727
572435,0.15384615384615385,0.15384615384615385,0.38461538461538464,0.3076923076923077
572457,0.18181818181818182,0.18181818181818182,0.36363636363636365,0.2727272727272727
578538,0.3,0.23333333333333334,0.26666666666666666,0.2
436081,0.125,0.125,0.5,0.25
509343,0.125,0.0625,0.625,0.1875
509353,0.14285714285714285,0.07142857142857142,0.6428571428571429,0.14285714285714285
509330,0.125,0.0625,0.625,0.1875
508616,0.2,0.2153846153846154,0.3076923076923077,0.27692307692307694
1400208,0.06666666666666667,0.2,0.26666666666666666,0.4666666666666667
1004937,0.0,0.10526315789473684,0.3684210526315789,0.5263157894736842
343943,0.0,0.2,0.3333333333333333,0.4666666666666667
133815,0.041666666666666664,0.4166666666666667,0.16666666666666666,0.375
572793,0.125,0.125,0.375,0.375
379124,0.09090909090909091,0.09090909090909091,0.36363636363636365,0.45454545454545453
4794114,0.0,0.0,0.6428571428571429,0.35714285714285715
882632,0.16666666666666666,0.16666666666666666,0.3333333333333333,0.3333333333333333
4728448,0.0,0.2222222222222222,0.5555555555555556,0.2222222222222222
1190840,0.0625,0.1875,0.4375,0.3125
1190608,0.0625,0.1875,0.375,0.375
3007934,0.0,0.2,0.6,0.2
193842,0.058823529411764705,0.0,0.5294117647058824,0.4117647058823529
136585,0.09375,0.15625,0.46875,0.28125
181623,0.21739130434782608,0.08695652173913043,0.43478260869565216,0.2608695652173913
322484,0.03333333333333333,0.13333333333333333,0.4666666666666667,0.36666666666666664
1096030,0.0,0.125,0.3125,0.5625
1167754,0.0,0.15384615384615385,0.5384615384615384,0.3076923076923077
256834,0.05555555555555555,0.05555555555555555,0.6111111111111112,0.2777777777777778
256983,0.03125,0.046875,0.15625,0.765625
302784,0.10687022900763359,0.366412213740458,0.1450381679389313,0.3816793893129771
859915,0.0,0.15384615384615385,0.5384615384615384,0.3076923076923077
417717,0.0,0.35714285714285715,0.2857142857142857,0.35714285714285715
436381,0.045454545454545456,0.09090909090909091,0.6363636363636364,0.22727272727272727
189919,0.06060606060606061,0.3333333333333333,0.24242424242424243,0.36363636363636365
842592,0.0,0.26666666666666666,0.5666666666666667,0.16666666666666666
1972575,0.0,0.3,0.2,0.5
1477298,0.0,0.21428571428571427,0.42857142857142855,0.35714285714285715
1487958,0.0,0.14285714285714285,0.35714285714285715,0.5
860254,0.0,0.16666666666666666,0.5,0.3333333333333333
614142,0.1891891891891892,0.21621621621621623,0.21621621621621623,0.3783783783783784
671769,0.08333333333333333,0.3333333333333333,0.16666666666666666,0.4166666666666667
1341441,0.058823529411764705,0.17647058823529413,0.4117647058823529,0.35294117647058826
1329253,0.21621621621621623,0.16216216216216217,0.21621621621621623,0.40540540540540543
795935,0.1111111111111111,0.3333333333333333,0.3333333333333333,0.2222222222222222
1169374,0.16666666666666666,0.05555555555555555,0.16666666666666666,0.6111111111111112
800726,0.45454545454545453,0.2727272727272727,0.09090909090909091,0.18181818181818182
59220,0.0,0.14814814814814814,0.2962962962962963,0.5555555555555556
761652,0.3076923076923077,0.3076923076923077,0.23076923076923078,0.15384615384615385
396021,0.0,0.07142857142857142,0.21428571428571427,0.7142857142857143
950161,0.0,0.5384615384615384,0.23076923076923078,0.23076923076923078
123415,0.2857142857142857,0.2857142857142857,0.14285714285714285,0.2857142857142857
133796,0.038461538461538464,0.4230769230769231,0.2692307692307692,0.2692307692307692
788730,0.0,0.3076923076923077,0.3076923076923077,0.38461538461538464
1202819,0.0,0.07692307692307693,0.38461538461538464,0.5384615384615384
91889,0.08333333333333333,0.25,0.08333333333333333,0.5833333333333334
1967468,0.18181818181818182,0.18181818181818182,0.36363636363636365,0.2727272727272727
350467,0.0625,0.1875,0.4375,0.3125
149701,0.11538461538461539,0.2692307692307692,0.3076923076923077,0.3076923076923077
609226,0.1,0.3,0.2,0.4
322683,0.0,0.4117647058823529,0.23529411764705882,0.35294117647058826
1597778,0.1111111111111111,0.2222222222222222,0.2222222222222222,0.4444444444444444
807028,0.1111111111111111,0.3333333333333333,0.3333333333333333,0.2222222222222222
415507,0.04,0.16,0.4,0.4
1322625,0.1111111111111111,0.2222222222222222,0.4444444444444444,0.2222222222222222
1268552,0.18181818181818182,0.18181818181818182,0.45454545454545453,0.18181818181818182
970289,0.17391304347826086,0.043478260869565216,0.13043478260869565,0.6521739130434783
796373,0.11904761904761904,0.19047619047619047,0.373015873015873,0.31746031746031744
610316,0.10256410256410256,0.1794871794871795,0.3076923076923077,0.41025641025641024
329063,0.08064516129032258,0.1774193548387097,0.24193548387096775,0.5
1356802,0.0,0.8679245283018868,0.03773584905660377,0.09433962264150944
1180739,0.16,0.08,0.16,0.6
46157,0.18478260869565216,0.05434782608695652,0.4782608695652174,0.2826086956521739
6486614,0.0,0.0,0.125,0.875
536265,0.2,0.1,0.5,0.2
1357378,0.0,0.0,0.9285714285714286,0.07142857142857142
730338,0.041666666666666664,0.125,0.5416666666666666,0.2916666666666667
1240425,0.0,0.16666666666666666,0.6666666666666666,0.16666666666666666
591223,0.6666666666666666,0.08333333333333333,0.08333333333333333,0.16666666666666666
506264,0.16666666666666666,0.1111111111111111,0.2222222222222222,0.5
107957,0.11764705882352941,0.17647058823529413,0.5882352941176471,0.11764705882352941
137615,0.26666666666666666,0.06666666666666667,0.06666666666666667,0.6
103510,0.2727272727272727,0.2727272727272727,0.18181818181818182,0.2727272727272727
142156,0.2,0.2,0.2,0.4
426397,0.07692307692307693,0.07692307692307693,0.3076923076923077,0.5384615384615384
5104038,0.2727272727272727,0.18181818181818182,0.0,0.5454545454545454
918035,0.6875,0.0625,0.0625,0.1875
134124,0.06060606060606061,0.15151515151515152,0.5454545454545454,0.24242424242424243
3506204,0.1,0.2,0.7,0.0
72264,0.2222222222222222,0.2777777777777778,0.16666666666666666,0.3333333333333333
5962860,0.22727272727272727,0.09090909090909091,0.045454545454545456,0.6363636363636364
1057691,0.08333333333333333,0.25,0.25,0.4166666666666667
882737,0.07692307692307693,0.23076923076923078,0.38461538461538464,0.3076923076923077
398506,0.2647058823529412,0.029411764705882353,0.20588235294117646,0.5
645126,0.0,0.2,0.2,0.6
59212,0.07692307692307693,0.3076923076923077,0.0,0.6153846153846154
67430,0.11764705882352941,0.29411764705882354,0.23529411764705882,0.35294117647058826
48421,0.06060606060606061,0.30303030303030304,0.21212121212121213,0.42424242424242425
791009,0.3333333333333333,0.26666666666666666,0.06666666666666667,0.3333333333333333
876709,0.1111111111111111,0.5555555555555556,0.0,0.3333333333333333
6536844,0.3,0.3,0.0,0.4
1149216,0.05555555555555555,0.1111111111111111,0.3888888888888889,0.4444444444444444
57596,0.16666666666666666,0.3333333333333333,0.125,0.375
1188976,0.1,0.2,0.5,0.2
48413,0.15,0.2,0.2,0.45
1361907,0.09090909090909091,0.2727272727272727,0.2727272727272727,0.36363636363636365
48419,0.16666666666666666,0.3333333333333333,0.2222222222222222,0.2777777777777778
75105,0.2727272727272727,0.18181818181818182,0.18181818181818182,0.36363636363636365
311394,0.07142857142857142,0.14285714285714285,0.5714285714285714,0.21428571428571427
1602378,0.0,0.2,0.3,0.5
150405,0.11764705882352941,0.29411764705882354,0.23529411764705882,0.35294117647058826
222231,0.09090909090909091,0.45454545454545453,0.36363636363636365,0.09090909090909091
190611,0.04878048780487805,0.0975609756097561,0.3170731707317073,0.5365853658536586
643540,0.058823529411764705,0.058823529411764705,0.5882352941176471,0.29411764705882354
277261,0.10526315789473684,0.21052631578947367,0.2631578947368421,0.42105263157894735
605576,0.06666666666666667,0.13333333333333333,0.2,0.6
926187,0.0,0.45454545454545453,0.2727272727272727,0.2727272727272727
583226,0.1,0.1,0.3,0.5
362685,0.15789473684210525,0.10526315789473684,0.3684210526315789,0.3684210526315789
291472,0.2,0.13333333333333333,0.26666666666666666,0.4
368220,0.038461538461538464,0.23076923076923078,0.38461538461538464,0.34615384615384615
1126451,0.2,0.3,0.2,0.3
186313,0.0,0.4166666666666667,0.08333333333333333,0.5
1580683,0.0,0.16666666666666666,0.5,0.3333333333333333
386042,0.1,0.1,0.3,0.5
862203,0.06666666666666667,0.06666666666666667,0.4666666666666667,0.4
198614,0.034482758620689655,0.20689655172413793,0.3793103448275862,0.3793103448275862
1044008,0.0,0.21428571428571427,0.5,0.2857142857142857
418877,0.09090909090909091,0.09090909090909091,0.2727272727272727,0.5454545454545454
479582,0.13333333333333333,0.06666666666666667,0.4666666666666667,0.3333333333333333
245131,0.061224489795918366,0.20408163265306123,0.3877551020408163,0.3469387755102041
374786,0.07246376811594203,0.11594202898550725,0.4782608695652174,0.3333333333333333
247917,0.18181818181818182,0.045454545454545456,0.2727272727272727,0.5
684696,0.05555555555555555,0.1111111111111111,0.7222222222222222,0.1111111111111111
6464920,0.08333333333333333,0.08333333333333333,0.125,0.7083333333333334
1021657,0.2,0.2,0.2,0.4
3987682,0.09090909090909091,0.09090909090909091,0.09090909090909091,0.7272727272727273
406595,0.09090909090909091,0.09090909090909091,0.45454545454545453,0.36363636363636365
134215,0.05555555555555555,0.2777777777777778,0.16666666666666666,0.5
576188,0.0,0.1,0.7,0.2
229876,0.12,0.28,0.38,0.22
373784,0.0,0.07142857142857142,0.6428571428571429,0.2857142857142857
374258,0.09090909090909091,0.18181818181818182,0.36363636363636365,0.36363636363636365
192895,0.09090909090909091,0.18181818181818182,0.36363636363636365,0.36363636363636365
6423799,0.0,0.08,0.6,0.32
608932,0.45454545454545453,0.09090909090909091,0.22727272727272727,0.22727272727272727
585583,0.09523809523809523,0.47619047619047616,0.16666666666666666,0.2619047619047619
883314,0.0,0.4375,0.3125,0.25
887076,0.1111111111111111,0.4074074074074074,0.2222222222222222,0.25925925925925924
340767,0.07692307692307693,0.07692307692307693,0.6153846153846154,0.23076923076923078
670434,0.09090909090909091,0.18181818181818182,0.6363636363636364,0.09090909090909091
328168,0.07142857142857142,0.14285714285714285,0.6428571428571429,0.14285714285714285
1520302,0.0,0.2222222222222222,0.5555555555555556,0.2222222222222222
71291,0.05555555555555555,0.05555555555555555,0.2777777777777778,0.6111111111111112
928293,0.0,0.16666666666666666,0.5555555555555556,0.2777777777777778
398889,0.10256410256410256,0.1794871794871795,0.28205128205128205,0.4358974358974359
63679,0.17142857142857143,0.02857142857142857,0.5714285714285714,0.22857142857142856
257291,0.18181818181818182,0.09090909090909091,0.5454545454545454,0.18181818181818182
679747,0.125,0.125,0.375,0.375
337659,0.26666666666666666,0.26666666666666666,0.26666666666666666,0.2
609110,0.047619047619047616,0.09523809523809523,0.7142857142857143,0.14285714285714285
345866,0.2608695652173913,0.08695652173913043,0.30434782608695654,0.34782608695652173
1905935,0.1111111111111111,0.1111111111111111,0.3333333333333333,0.4444444444444444
797758,0.14285714285714285,0.09523809523809523,0.6190476190476191,0.14285714285714285
1574893,0.10526315789473684,0.15789473684210525,0.47368421052631576,0.2631578947368421
5782474,0.12,0.08,0.32,0.48
194855,0.3333333333333333,0.1111111111111111,0.1111111111111111,0.4444444444444444
829286,0.05,0.0,0.7,0.25
1069796,0.29411764705882354,0.11764705882352941,0.0,0.5882352941176471
131578,0.2,0.1,0.2,0.5
852071,0.1,0.1,0.5,0.3
537995,0.13636363636363635,0.0,0.2727272727272727,0.5909090909090909
395615,0.16666666666666666,0.0,0.3333333333333333,0.5
633762,0.043478260869565216,0.6956521739130435,0.21739130434782608,0.043478260869565216
345684,0.18181818181818182,0.09090909090909091,0.2727272727272727,0.45454545454545453
968617,0.06557377049180328,0.4426229508196721,0.22950819672131148,0.26229508196721313
1061694,0.09090909090909091,0.18181818181818182,0.18181818181818182,0.5454545454545454
467167,0.05263157894736842,0.15789473684210525,0.3157894736842105,0.47368421052631576
610631,0.0,0.14285714285714285,0.3333333333333333,0.5238095238095238
125849,0.25,0.125,0.125,0.5
6368680,0.0,0.36363636363636365,0.22727272727272727,0.4090909090909091
1456566,0.0,0.3,0.1,0.6
105127,0.2222222222222222,0.2222222222222222,0.2222222222222222,0.3333333333333333
897508,0.0,0.36363636363636365,0.2727272727272727,0.36363636363636365
551283,0.25,0.25,0.16666666666666666,0.3333333333333333
333689,0.15625,0.125,0.25,0.46875
345036,0.20512820512820512,0.2564102564102564,0.28205128205128205,0.2564102564102564
682342,0.7,0.05,0.05,0.2
170868,0.16666666666666666,0.25,0.16666666666666666,0.4166666666666667
300301,0.3333333333333333,0.13333333333333333,0.13333333333333333,0.4
529223,0.3076923076923077,0.23076923076923078,0.07692307692307693,0.38461538461538464
1454437,0.0,0.3333333333333333,0.5555555555555556,0.1111111111111111
317671,0.038461538461538464,0.23076923076923078,0.2692307692307692,0.46153846153846156
208970,0.1111111111111111,0.16666666666666666,0.1111111111111111,0.6111111111111112
4861125,0.05263157894736842,0.10526315789473684,0.3684210526315789,0.47368421052631576
1336153,0.07692307692307693,0.15384615384615385,0.46153846153846156,0.3076923076923077
5928027,0.08333333333333333,0.16666666666666666,0.25,0.5
3709802,0.04854368932038835,0.21359223300970873,0.24271844660194175,0.49514563106796117
135347,0.043478260869565216,0.2391304347826087,0.43478260869565216,0.2826086956521739
282380,0.46153846153846156,0.15384615384615385,0.15384615384615385,0.23076923076923078
412629,0.10869565217391304,0.10869565217391304,0.3695652173913043,0.41304347826086957
884408,0.06,0.08,0.56,0.3
368212,0.09523809523809523,0.14285714285714285,0.23809523809523808,0.5238095238095238
4410344,0.10526315789473684,0.15789473684210525,0.15789473684210525,0.5789473684210527
168122,0.07407407407407407,0.14814814814814814,0.25925925925925924,0.5185185185185185
3727774,0.02631578947368421,0.02631578947368421,0.2631578947368421,0.6842105263157895
478757,0.11904761904761904,0.09523809523809523,0.38095238095238093,0.40476190476190477
193923,0.10344827586206896,0.10344827586206896,0.3103448275862069,0.4827586206896552
844000,0.06896551724137931,0.06896551724137931,0.3448275862068966,0.5172413793103449
301806,0.07142857142857142,0.14285714285714285,0.5,0.2857142857142857
817987,0.05263157894736842,0.05263157894736842,0.3157894736842105,0.5789473684210527
757807,0.05263157894736842,0.21052631578947367,0.15789473684210525,0.5789473684210527
283516,0.18181818181818182,0.045454545454545456,0.18181818181818182,0.5909090909090909
6513545,0.18181818181818182,0.09090909090909091,0.36363636363636365,0.36363636363636365
141119,0.043478260869565216,0.2391304347826087,0.391304347826087,0.32608695652173914
1543515,0.18181818181818182,0.09090909090909091,0.18181818181818182,0.5454545454545454
326912,0.03225806451612903,0.27419354838709675,0.3064516129032258,0.3870967741935484
250520,0.014492753623188406,0.21739130434782608,0.3333333333333333,0.43478260869565216
120387,0.32,0.06,0.2,0.42
162376,0.045454545454545456,0.4090909090909091,0.18181818181818182,0.36363636363636365
112290,0.07894736842105263,0.3157894736842105,0.42105263157894735,0.18421052631578946
112249,0.21311475409836064,0.18032786885245902,0.26229508196721313,0.3442622950819672
317682,0.1111111111111111,0.07407407407407407,0.4444444444444444,0.37037037037037035
317677,0.2,0.16666666666666666,0.26666666666666666,0.36666666666666664
294310,0.16,0.2,0.36,0.28
280634,0.24444444444444444,0.17777777777777778,0.24444444444444444,0.3333333333333333
294981,0.25,0.125,0.2916666666666667,0.3333333333333333
289030,0.11320754716981132,0.11320754716981132,0.39622641509433965,0.37735849056603776
289027,0.21052631578947367,0.21052631578947367,0.2631578947368421,0.3157894736842105
289020,0.07407407407407407,0.24074074074074073,0.3888888888888889,0.2962962962962963
288714,0.08333333333333333,0.08333333333333333,0.4583333333333333,0.375
288710,0.06896551724137931,0.2413793103448276,0.3448275862068966,0.3448275862068966
288702,0.027777777777777776,0.19444444444444445,0.3888888888888889,0.3888888888888889
288698,0.11764705882352941,0.11764705882352941,0.29411764705882354,0.47058823529411764
288659,0.14285714285714285,0.14285714285714285,0.32142857142857145,0.39285714285714285
288653,0.125,0.175,0.275,0.425
288651,0.04,0.48,0.2,0.28
288646,0.15789473684210525,0.21052631578947367,0.3157894736842105,0.3157894736842105
199367,0.08108108108108109,0.16216216216216217,0.43243243243243246,0.32432432432432434
270974,0.1111111111111111,0.1388888888888889,0.2777777777777778,0.4722222222222222
193325,0.16666666666666666,0.0,0.3333333333333333,0.5
283572,0.08333333333333333,0.4583333333333333,0.25,0.20833333333333334
283533,0.15789473684210525,0.05263157894736842,0.3684210526315789,0.42105263157894735
193403,0.17142857142857143,0.08571428571428572,0.4,0.34285714285714286
126848,0.15625,0.375,0.25,0.21875
256271,0.03896103896103896,0.09090909090909091,0.38961038961038963,0.4805194805194805
6523221,0.1111111111111111,0.2222222222222222,0.0,0.6666666666666666
493904,0.06451612903225806,0.1935483870967742,0.41935483870967744,0.3225806451612903
691127,0.21739130434782608,0.13043478260869565,0.2608695652173913,0.391304347826087
785413,0.15384615384615385,0.0,0.07692307692307693,0.7692307692307693
947437,0.07692307692307693,0.07692307692307693,0.38461538461538464,0.46153846153846156
935108,0.1111111111111111,0.2222222222222222,0.0,0.6666666666666666
87274,0.11023622047244094,0.12598425196850394,0.4645669291338583,0.2992125984251969
931628,0.21428571428571427,0.2857142857142857,0.2857142857142857,0.21428571428571427
345535,0.045454545454545456,0.3181818181818182,0.3181818181818182,0.3181818181818182
292907,0.16666666666666666,0.1111111111111111,0.05555555555555555,0.6666666666666666
217332,0.0,0.05714285714285714,0.5142857142857142,0.42857142857142855
6369760,0.0,0.1111111111111111,0.3333333333333333,0.5555555555555556
125553,0.07234042553191489,0.01276595744680851,0.06382978723404255,0.851063829787234
121276,0.18181818181818182,0.0,0.3181818181818182,0.5
62579,0.09523809523809523,0.19047619047619047,0.2857142857142857,0.42857142857142855
73299,0.06666666666666667,0.06666666666666667,0.5333333333333333,0.3333333333333333
380701,0.12264150943396226,0.33962264150943394,0.03773584905660377,0.5
88980,0.023255813953488372,0.6744186046511628,0.11627906976744186,0.18604651162790697
272204,0.0,0.17391304347826086,0.2608695652173913,0.5652173913043478
476934,0.09090909090909091,0.2727272727272727,0.45454545454545453,0.18181818181818182
68243,0.17647058823529413,0.13725490196078433,0.23529411764705882,0.45098039215686275
71014,0.06818181818181818,0.11363636363636363,0.22727272727272727,0.5909090909090909
100310,0.08695652173913043,0.13043478260869565,0.21739130434782608,0.5652173913043478
6386760,0.0,0.125,0.375,0.5
3347932,0.0,0.1,0.4,0.5
1367727,0.1,0.2,0.4,0.3
836596,0.034482758620689655,0.13793103448275862,0.41379310344827586,0.41379310344827586
978650,0.07692307692307693,0.3076923076923077,0.38461538461538464,0.23076923076923078
1094534,0.0,0.0,0.3,0.7
620389,0.09523809523809523,0.23809523809523808,0.3333333333333333,0.3333333333333333
952280,0.14285714285714285,0.21428571428571427,0.35714285714285715,0.2857142857142857
896838,0.18181818181818182,0.45454545454545453,0.09090909090909091,0.2727272727272727
883844,0.09090909090909091,0.18181818181818182,0.36363636363636365,0.36363636363636365
650455,0.16666666666666666,0.16666666666666666,0.3333333333333333,0.3333333333333333
69781,0.034482758620689655,0.13793103448275862,0.41379310344827586,0.41379310344827586
386085,0.0196078431372549,0.3431372549019608,0.4803921568627451,0.1568627450980392
104140,0.10714285714285714,0.21428571428571427,0.21428571428571427,0.4642857142857143
74825,0.17647058823529413,0.29411764705882354,0.29411764705882354,0.23529411764705882
198672,0.16666666666666666,0.4166666666666667,0.3333333333333333,0.08333333333333333
72237,0.03643724696356275,0.3805668016194332,0.38461538461538464,0.19838056680161945
160651,0.13333333333333333,0.13333333333333333,0.3333333333333333,0.4
138564,0.0,0.4375,0.3125,0.25
75183,0.14285714285714285,0.21428571428571427,0.21428571428571427,0.42857142857142855
1029170,0.25,0.0,0.5,0.25
1188114,0.0,0.68,0.24,0.08
7228507,0.0,0.09090909090909091,0.0,0.9090909090909091
1314846,0.0,0.0,0.16666666666666666,0.8333333333333334
202880,0.5384615384615384,0.11538461538461539,0.23076923076923078,0.11538461538461539
406587,0.14285714285714285,0.23809523809523808,0.2857142857142857,0.3333333333333333
980254,0.03125,0.34375,0.25,0.375
1044992,0.22857142857142856,0.05714285714285714,0.08571428571428572,0.6285714285714286
69158,0.14285714285714285,0.16326530612244897,0.5918367346938775,0.10204081632653061
648314,0.0,0.4166666666666667,0.4166666666666667,0.16666666666666666
82720,0.3333333333333333,0.06666666666666667,0.26666666666666666,0.3333333333333333
1019280,0.10526315789473684,0.47368421052631576,0.22807017543859648,0.19298245614035087
152534,0.039473684210526314,0.34210526315789475,0.10526315789473684,0.5131578947368421
358259,0.14634146341463414,0.24390243902439024,0.1951219512195122,0.4146341463414634
6608801,0.0,0.25925925925925924,0.4444444444444444,0.2962962962962963
349384,0.0,0.3448275862068966,0.2413793103448276,0.41379310344827586
273390,0.16666666666666666,0.0,0.08333333333333333,0.75
7067188,0.0,0.14285714285714285,0.6428571428571429,0.21428571428571427
1328648,0.7142857142857143,0.14285714285714285,0.0,0.14285714285714285
240860,0.17391304347826086,0.0,0.21739130434782608,0.6086956521739131
763685,0.0967741935483871,0.1935483870967742,0.22580645161290322,0.4838709677419355
1546298,0.1,0.0,0.1,0.8
1526887,0.0,0.05,0.2,0.75
147243,0.2222222222222222,0.1111111111111111,0.2222222222222222,0.4444444444444444
901788,0.05333333333333334,0.38666666666666666,0.21333333333333335,0.3466666666666667
460442,0.034482758620689655,0.0,0.27586206896551724,0.6896551724137931
1087348,0.8235294117647058,0.0,0.11764705882352941,0.058823529411764705
165211,0.1,0.0,0.2,0.7
338228,0.034482758620689655,0.1724137931034483,0.46551724137931033,0.3275862068965517
1164676,0.14285714285714285,0.14285714285714285,0.7142857142857143,0.0
519264,0.5454545454545454,0.0,0.09090909090909091,0.36363636363636365
1055166,0.13043478260869565,0.0,0.08695652173913043,0.782608695652174
317765,0.02857142857142857,0.05714285714285714,0.11428571428571428,0.8
97415,0.11475409836065574,0.14754098360655737,0.3442622950819672,0.39344262295081966
912713,0.0,0.05555555555555555,0.16666666666666666,0.7777777777777778
1073237,0.09090909090909091,0.0,0.09090909090909091,0.8181818181818182
78359,0.1,0.3,0.0,0.6
631593,0.16666666666666666,0.125,0.25,0.4583333333333333
979701,0.0,0.2,0.3,0.5
392057,0.0,0.2,0.45,0.35
338262,0.14035087719298245,0.2631578947368421,0.45614035087719296,0.14035087719298245
1057895,0.4666666666666667,0.03333333333333333,0.13333333333333333,0.36666666666666664
3395782,0.125,0.0625,0.25,0.5625
1005321,0.043478260869565216,0.043478260869565216,0.2608695652173913,0.6521739130434783
666298,0.0,0.4,0.3,0.3
692067,0.0,0.09090909090909091,0.2727272727272727,0.6363636363636364
588765,0.13333333333333333,0.13333333333333333,0.3333333333333333,0.4
411748,0.060240963855421686,0.3313253012048193,0.2289156626506024,0.3795180722891566
1179898,0.0,0.06666666666666667,0.3333333333333333,0.6
505973,0.09523809523809523,0.0,0.19047619047619047,0.7142857142857143
1179667,0.0,0.0,0.0,1.0
491457,0.05555555555555555,0.05555555555555555,0.2777777777777778,0.6111111111111112
1193942,0.6666666666666666,0.08333333333333333,0.0,0.25
76194,0.022222222222222223,0.1111111111111111,0.4666666666666667,0.4
388058,0.08333333333333333,0.0,0.08333333333333333,0.8333333333333334
256856,0.09090909090909091,0.0,0.45454545454545453,0.45454545454545453
6349320,0.1111111111111111,0.1111111111111111,0.2222222222222222,0.5555555555555556
2099206,0.09090909090909091,0.18181818181818182,0.2727272727272727,0.45454545454545453
452855,0.3333333333333333,0.027777777777777776,0.05555555555555555,0.5833333333333334
1871230,0.15384615384615385,0.3076923076923077,0.15384615384615385,0.38461538461538464
558474,0.08,0.28,0.2,0.44
317286,0.03571428571428571,0.35714285714285715,0.17857142857142858,0.42857142857142855
180885,0.016666666666666666,0.4,0.2833333333333333,0.3
160922,0.05,0.125,0.175,0.65
619706,0.16,0.2,0.32,0.32
619979,0.1111111111111111,0.4444444444444444,0.3333333333333333,0.1111111111111111
932684,0.0,0.7142857142857143,0.2857142857142857,0.0
369651,0.0,0.2777777777777778,0.2222222222222222,0.5
62301,0.14285714285714285,0.07142857142857142,0.35714285714285715,0.42857142857142855
124155,0.13636363636363635,0.09090909090909091,0.36363636363636365,0.4090909090909091
6388614,0.08,0.12,0.12,0.68
368281,0.0,0.037037037037037035,0.5555555555555556,0.4074074074074074
860131,0.18181818181818182,0.2727272727272727,0.2727272727272727,0.2727272727272727
71059,0.0,0.18181818181818182,0.7272727272727273,0.09090909090909091
312881,0.0,0.18181818181818182,0.36363636363636365,0.45454545454545453
368072,0.0625,0.0625,0.25,0.625
368079,0.125,0.125,0.625,0.125
338641,0.06666666666666667,0.25555555555555554,0.2111111111111111,0.4666666666666667
88230,0.12244897959183673,0.22448979591836735,0.1836734693877551,0.46938775510204084
979494,0.041666666666666664,0.041666666666666664,0.4583333333333333,0.4583333333333333
564779,0.047619047619047616,0.3333333333333333,0.14285714285714285,0.47619047619047616
185585,0.061224489795918366,0.2857142857142857,0.42857142857142855,0.22448979591836735
332536,0.0,0.4166666666666667,0.16666666666666666,0.4166666666666667
4807462,0.09090909090909091,0.18181818181818182,0.09090909090909091,0.6363636363636364
149643,0.13333333333333333,0.13333333333333333,0.4,0.3333333333333333
1369163,0.0,0.25,0.2,0.55
173378,0.09090909090909091,0.18181818181818182,0.2727272727272727,0.45454545454545453
177093,0.15,0.15,0.3,0.4
1318568,0.09090909090909091,0.2727272727272727,0.45454545454545453,0.18181818181818182
1013855,0.14285714285714285,0.07142857142857142,0.42857142857142855,0.35714285714285715
1054515,0.0,0.18518518518518517,0.48148148148148145,0.3333333333333333
1049939,0.14285714285714285,0.2857142857142857,0.35714285714285715,0.21428571428571427
138245,0.08823529411764706,0.14705882352941177,0.14705882352941177,0.6176470588235294
630148,0.11764705882352941,0.29411764705882354,0.23529411764705882,0.35294117647058826
126913,0.0,0.26666666666666666,0.4,0.3333333333333333
288486,0.15384615384615385,0.15384615384615385,0.46153846153846156,0.23076923076923078
119509,0.16666666666666666,0.16666666666666666,0.1,0.5666666666666667
252076,0.13333333333333333,0.13333333333333333,0.13333333333333333,0.6
235555,0.0,0.32142857142857145,0.25,0.42857142857142855
251122,0.07142857142857142,0.21428571428571427,0.5,0.21428571428571427
245883,0.07142857142857142,0.07142857142857142,0.6428571428571429,0.21428571428571427
107758,0.0,0.11864406779661017,0.4406779661016949,0.4406779661016949
234286,0.1,0.4,0.4,0.1
141048,0.05,0.25,0.2,0.5
149525,0.17647058823529413,0.11764705882352941,0.29411764705882354,0.4117647058823529
130419,0.0,0.3157894736842105,0.2631578947368421,0.42105263157894735
66173,0.06451612903225806,0.25806451612903225,0.5161290322580645,0.16129032258064516
1492105,0.23076923076923078,0.3076923076923077,0.15384615384615385,0.3076923076923077
365656,0.17647058823529413,0.14705882352941177,0.2647058823529412,0.4117647058823529
1298320,0.0,0.6,0.4,0.0
286347,0.23076923076923078,0.0,0.15384615384615385,0.6153846153846154
62665,0.12195121951219512,0.24390243902439024,0.36585365853658536,0.2682926829268293
1029560,0.11764705882352941,0.0,0.29411764705882354,0.5882352941176471
950390,0.034482758620689655,0.3793103448275862,0.3448275862068966,0.2413793103448276
488659,0.2608695652173913,0.34782608695652173,0.043478260869565216,0.34782608695652173
160061,0.05113636363636364,0.2215909090909091,0.36363636363636365,0.36363636363636365
793859,0.0967741935483871,0.16129032258064516,0.4838709677419355,0.25806451612903225
678941,0.03225806451612903,0.4435483870967742,0.4435483870967742,0.08064516129032258
67499,0.2222222222222222,0.05555555555555555,0.5,0.2222222222222222
503686,0.15384615384615385,0.07692307692307693,0.5384615384615384,0.23076923076923078
208652,0.14285714285714285,0.0,0.6190476190476191,0.23809523809523808
4164712,0.0,0.375,0.125,0.5
7125581,0.0,0.4666666666666667,0.3333333333333333,0.2
637969,0.07,0.39,0.26,0.28
6933983,0.1111111111111111,0.2777777777777778,0.3333333333333333,0.2777777777777778
877356,0.1794871794871795,0.2564102564102564,0.3333333333333333,0.23076923076923078
384950,0.13043478260869565,0.0,0.5652173913043478,0.30434782608695654
1305166,0.1,0.0,0.3,0.6
524503,0.09523809523809523,0.2857142857142857,0.19047619047619047,0.42857142857142855
6455161,0.043478260869565216,0.5217391304347826,0.2608695652173913,0.17391304347826086
606233,0.2631578947368421,0.15789473684210525,0.21052631578947367,0.3684210526315789
799129,0.16666666666666666,0.3333333333333333,0.0,0.5
71574,0.09090909090909091,0.18181818181818182,0.36363636363636365,0.36363636363636365
48969,0.08333333333333333,0.05555555555555555,0.4444444444444444,0.4166666666666667
1146998,0.10810810810810811,0.10810810810810811,0.3783783783783784,0.40540540540540543
245597,0.0,0.7368421052631579,0.21052631578947367,0.05263157894736842
240807,0.0,0.65,0.2,0.15
234627,0.0,0.7,0.3,0.0
161442,0.02857142857142857,0.0,0.45714285714285713,0.5142857142857142
161439,0.09090909090909091,0.09090909090909091,0.36363636363636365,0.45454545454545453
155729,0.017543859649122806,0.017543859649122806,0.45614035087719296,0.5087719298245614
576794,0.0,0.5384615384615384,0.3076923076923077,0.15384615384615385
623091,0.2857142857142857,0.16666666666666666,0.23809523809523808,0.30952380952380953
408015,0.029411764705882353,0.2647058823529412,0.2647058823529412,0.4411764705882353
732166,0.18181818181818182,0.09090909090909091,0.18181818181818182,0.5454545454545454
72019,0.07017543859649122,0.2631578947368421,0.24561403508771928,0.42105263157894735
124134,0.09523809523809523,0.2857142857142857,0.31746031746031744,0.30158730158730157
136293,0.10638297872340426,0.2765957446808511,0.2127659574468085,0.40425531914893614
252566,0.10526315789473684,0.2807017543859649,0.19298245614035087,0.42105263157894735
327184,0.06060606060606061,0.41414141414141414,0.1414141414141414,0.3838383838383838
134582,0.12903225806451613,0.1935483870967742,0.2903225806451613,0.3870967741935484
393140,0.06060606060606061,0.21212121212121213,0.18181818181818182,0.5454545454545454
191315,0.125,0.2708333333333333,0.2708333333333333,0.3333333333333333
207911,0.019230769230769232,0.17307692307692307,0.28846153846153844,0.5192307692307693
393130,0.19858156028368795,0.06382978723404255,0.23404255319148937,0.5035460992907801
160022,0.018518518518518517,0.16666666666666666,0.12962962962962962,0.6851851851851852
311087,0.03636363636363636,0.2545454545454545,0.4727272727272727,0.23636363636363636
430425,0.0,0.4444444444444444,0.2777777777777778,0.2777777777777778
328056,0.02040816326530612,0.16326530612244897,0.2653061224489796,0.5510204081632653
328110,0.0,0.5357142857142857,0.32142857142857145,0.14285714285714285
141422,0.0,0.2926829268292683,0.17073170731707318,0.5365853658536586
301892,0.03125,0.15625,0.1875,0.625
342676,0.046511627906976744,0.3488372093023256,0.18604651162790697,0.4186046511627907
325689,0.14285714285714285,0.07142857142857142,0.14285714285714285,0.6428571428571429
124212,0.03508771929824561,0.3157894736842105,0.3333333333333333,0.3157894736842105
328730,0.0625,0.1875,0.46875,0.28125
327979,0.017543859649122806,0.2631578947368421,0.3333333333333333,0.38596491228070173
189906,0.09090909090909091,0.13636363636363635,0.18181818181818182,0.5909090909090909
167763,0.1,0.3,0.2,0.4
816974,0.09523809523809523,0.5238095238095238,0.14285714285714285,0.23809523809523808
96296,0.13333333333333333,0.2,0.37142857142857144,0.29523809523809524
528967,0.08163265306122448,0.24489795918367346,0.3469387755102041,0.32653061224489793
324048,0.15384615384615385,0.23076923076923078,0.0,0.6153846153846154
338370,0.0625,0.0625,0.875,0.0
189312,0.10714285714285714,0.0,0.4642857142857143,0.42857142857142855
649752,0.18181818181818182,0.09090909090909091,0.0,0.7272727272727273
69758,0.06666666666666667,0.08333333333333333,0.36666666666666664,0.48333333333333334
62092,0.0,0.02702702702702703,0.40540540540540543,0.5675675675675675
386715,0.16666666666666666,0.0,0.08333333333333333,0.75
343500,0.1,0.0,0.75,0.15
322568,0.10526315789473684,0.0,0.631578947368421,0.2631578947368421
479899,0.13333333333333333,0.13333333333333333,0.26666666666666666,0.4666666666666667
905488,0.058823529411764705,0.23529411764705882,0.17647058823529413,0.5294117647058824
593574,0.08,0.04,0.36,0.52
177940,0.04,0.12,0.6,0.24
234905,0.0625,0.125,0.3125,0.5
906227,0.0,0.23076923076923078,0.3076923076923077,0.46153846153846156
519769,0.14814814814814814,0.07407407407407407,0.1111111111111111,0.6666666666666666
146201,0.0,0.0,0.4666666666666667,0.5333333333333333
579814,0.2,0.2,0.3,0.3
64893,0.014705882352941176,0.0,0.5294117647058824,0.45588235294117646
519577,0.36363636363636365,0.18181818181818182,0.2727272727272727,0.18181818181818182
426348,0.0,0.0,0.125,0.875
317599,0.0,0.3793103448275862,0.3103448275862069,0.3103448275862069
1045115,0.18181818181818182,0.0,0.09090909090909091,0.7272727272727273
782132,0.027777777777777776,0.3611111111111111,0.3611111111111111,0.25
3165467,0.14285714285714285,0.0,0.5714285714285714,0.2857142857142857
650249,0.1875,0.3125,0.25,0.25
1244287,0.08333333333333333,0.125,0.3333333333333333,0.4583333333333333
660467,0.08771929824561403,0.2807017543859649,0.15789473684210525,0.47368421052631576
6879233,0.23076923076923078,0.07692307692307693,0.0,0.6923076923076923
770329,0.015384615384615385,0.3230769230769231,0.5846153846153846,0.07692307692307693
133754,0.11428571428571428,0.29523809523809524,0.0761904761904762,0.5142857142857142
1217531,0.5833333333333334,0.08333333333333333,0.08333333333333333,0.25
832177,0.0,0.35714285714285715,0.35714285714285715,0.2857142857142857
155344,0.14659685863874344,0.18848167539267016,0.13089005235602094,0.5340314136125655
697000,0.28,0.12,0.04,0.56
150166,0.5789473684210527,0.0,0.05263157894736842,0.3684210526315789
322564,0.010869565217391304,0.0,0.33695652173913043,0.6521739130434783
418497,0.19047619047619047,0.19047619047619047,0.09523809523809523,0.5238095238095238
1526550,0.0,0.3076923076923077,0.07692307692307693,0.6153846153846154
98466,0.0,0.03571428571428571,0.42857142857142855,0.5357142857142857
103403,0.19230769230769232,0.038461538461538464,0.38461538461538464,0.38461538461538464
60298,0.013888888888888888,0.06944444444444445,0.6666666666666666,0.25
138546,0.2727272727272727,0.18181818181818182,0.0,0.5454545454545454
2258802,0.07692307692307693,0.38461538461538464,0.0,0.5384615384615384
1011154,0.09523809523809523,0.23809523809523808,0.23809523809523808,0.42857142857142855
5763710,0.3333333333333333,0.1111111111111111,0.1111111111111111,0.4444444444444444
204382,0.25,0.3333333333333333,0.16666666666666666,0.25
1052972,0.14285714285714285,0.07142857142857142,0.5714285714285714,0.21428571428571427
91034,0.05263157894736842,0.0,0.47368421052631576,0.47368421052631576
652841,0.18181818181818182,0.36363636363636365,0.18181818181818182,0.2727272727272727
736369,0.09090909090909091,0.22727272727272727,0.2727272727272727,0.4090909090909091
136738,0.05555555555555555,0.16666666666666666,0.16666666666666666,0.6111111111111112
1038872,0.11764705882352941,0.11764705882352941,0.29411764705882354,0.47058823529411764
211881,0.03571428571428571,0.14285714285714285,0.5,0.32142857142857145
412584,0.047058823529411764,0.18823529411764706,0.4470588235294118,0.3176470588235294
789490,0.0,0.5,0.375,0.125
185720,0.017857142857142856,0.10714285714285714,0.4642857142857143,0.4107142857142857
118712,0.016194331983805668,0.1214574898785425,0.32388663967611336,0.5384615384615384
6402370,0.03333333333333333,0.36666666666666664,0.4666666666666667,0.13333333333333333
238902,0.11363636363636363,0.045454545454545456,0.4090909090909091,0.4318181818181818
387513,0.013422818791946308,0.3691275167785235,0.28187919463087246,0.33557046979865773
145627,0.04225352112676056,0.14084507042253522,0.6338028169014085,0.18309859154929578
742299,0.0,0.3,0.4,0.3
5379042,0.0,0.043478260869565216,0.391304347826087,0.5652173913043478
167519,0.013157894736842105,0.34210526315789475,0.21052631578947367,0.4342105263157895
684743,0.125,0.125,0.625,0.125
186669,0.0,0.11764705882352941,0.17647058823529413,0.7058823529411765
1568256,0.10344827586206896,0.13793103448275862,0.10344827586206896,0.6551724137931034
141639,0.09523809523809523,0.14285714285714285,0.23809523809523808,0.5238095238095238
346964,0.2222222222222222,0.05555555555555555,0.05555555555555555,0.6666666666666666
1129770,0.0,0.0,0.5833333333333334,0.4166666666666667
154949,0.06382978723404255,0.3191489361702128,0.2127659574468085,0.40425531914893614
620174,0.15,0.1,0.35,0.4
851363,0.018867924528301886,0.16981132075471697,0.41509433962264153,0.39622641509433965
667454,0.2833333333333333,0.18333333333333332,0.08333333333333333,0.45
1228804,0.13333333333333333,0.13333333333333333,0.06666666666666667,0.6666666666666666
70016,0.2857142857142857,0.14285714285714285,0.07142857142857142,0.5
968453,0.15384615384615385,0.07692307692307693,0.46153846153846156,0.3076923076923077
65317,0.043478260869565216,0.1956521739130435,0.3695652173913043,0.391304347826087
698632,0.047619047619047616,0.09523809523809523,0.5238095238095238,0.3333333333333333
402799,0.0,0.2,0.2,0.6
63563,0.18181818181818182,0.13636363636363635,0.22727272727272727,0.45454545454545453
649599,0.0,0.1951219512195122,0.3170731707317073,0.4878048780487805
81425,0.09345794392523364,0.21495327102803738,0.21495327102803738,0.4766355140186916
156052,0.13186813186813187,0.12087912087912088,0.32967032967032966,0.4175824175824176
186334,0.22916666666666666,0.0625,0.125,0.5833333333333334
168594,0.25,0.15,0.15,0.45
938313,0.1875,0.0,0.5625,0.25
1076477,0.058823529411764705,0.29411764705882354,0.5882352941176471,0.058823529411764705
6930402,0.19047619047619047,0.21428571428571427,0.14285714285714285,0.4523809523809524
469947,0.02564102564102564,0.6346153846153846,0.30128205128205127,0.038461538461538464
816657,0.09090909090909091,0.18181818181818182,0.3181818181818182,0.4090909090909091
6970141,0.07692307692307693,0.07692307692307693,0.46153846153846156,0.38461538461538464
516445,0.18181818181818182,0.09090909090909091,0.18181818181818182,0.5454545454545454
7139045,0.11764705882352941,0.11764705882352941,0.6470588235294118,0.11764705882352941
1062792,0.05714285714285714,0.2,0.6,0.14285714285714285
423738,0.022988505747126436,0.022988505747126436,0.9310344827586207,0.022988505747126436
514989,0.07142857142857142,0.07142857142857142,0.6785714285714286,0.17857142857142858
1740065,0.16666666666666666,0.16666666666666666,0.3333333333333333,0.3333333333333333
1083511,0.027777777777777776,0.08333333333333333,0.3888888888888889,0.5
2907651,0.125,0.3125,0.25,0.3125
495435,0.19230769230769232,0.19230769230769232,0.23076923076923078,0.38461538461538464
634897,0.25,0.2,0.05,0.5
711343,0.23076923076923078,0.23076923076923078,0.07692307692307693,0.46153846153846156
467879,0.1891891891891892,0.21621621621621623,0.16216216216216217,0.43243243243243246
1003137,0.1111111111111111,0.1111111111111111,0.2777777777777778,0.5
538198,0.125,0.1875,0.125,0.5625
166064,0.25,0.08333333333333333,0.08333333333333333,0.5833333333333334
368287,0.11764705882352941,0.11764705882352941,0.23529411764705882,0.5294117647058824
5084080,0.05263157894736842,0.3157894736842105,0.34210526315789475,0.2894736842105263
3439984,0.0,0.14285714285714285,0.2857142857142857,0.5714285714285714
2287887,0.1111111111111111,0.3333333333333333,0.1111111111111111,0.4444444444444444
60591,0.2916666666666667,0.06944444444444445,0.16666666666666666,0.4722222222222222
349784,0.07142857142857142,0.17857142857142858,0.35714285714285715,0.39285714285714285
7005354,0.05555555555555555,0.16666666666666666,0.3888888888888889,0.3888888888888889
6761889,0.0,0.0,0.45454545454545453,0.5454545454545454
933569,0.4090909090909091,0.09090909090909091,0.045454545454545456,0.45454545454545453
962322,0.0,0.0,0.1,0.9
947992,0.10666666666666667,0.08,0.37333333333333335,0.44
960866,0.06060606060606061,0.09090909090909091,0.2727272727272727,0.5757575757575758
692623,0.09090909090909091,0.24242424242424243,0.45454545454545453,0.21212121212121213
952318,0.125,0.125,0.08333333333333333,0.6666666666666666
384922,0.13043478260869565,0.17391304347826086,0.34782608695652173,0.34782608695652173
307428,0.08421052631578947,0.05263157894736842,0.3684210526315789,0.49473684210526314
60425,0.13333333333333333,0.06666666666666667,0.26666666666666666,0.5333333333333333
647480,0.0,0.11290322580645161,0.6451612903225806,0.24193548387096775
256470,0.1111111111111111,0.2222222222222222,0.4444444444444444,0.2222222222222222
182717,0.3333333333333333,0.0,0.26666666666666666,0.4
714766,0.1,0.2,0.3,0.4
883982,0.09523809523809523,0.19047619047619047,0.09523809523809523,0.6190476190476191
495215,0.07692307692307693,0.07692307692307693,0.23076923076923078,0.6153846153846154
73351,0.2222222222222222,0.0,0.2222222222222222,0.5555555555555556
162946,0.125,0.375,0.40625,0.09375
284894,0.25,0.0,0.0625,0.6875
938279,0.2,0.0,0.5,0.3
190908,0.21739130434782608,0.043478260869565216,0.34782608695652173,0.391304347826087
98120,0.13043478260869565,0.13043478260869565,0.21739130434782608,0.5217391304347826
295089,0.1282051282051282,0.10256410256410256,0.3333333333333333,0.4358974358974359
78561,0.14285714285714285,0.07142857142857142,0.07142857142857142,0.7142857142857143
856718,0.1111111111111111,0.05555555555555555,0.2222222222222222,0.6111111111111112
742029,0.043478260869565216,0.043478260869565216,0.17391304347826086,0.7391304347826086
152736,0.08695652173913043,0.043478260869565216,0.21739130434782608,0.6521739130434783
95230,0.18181818181818182,0.06060606060606061,0.12121212121212122,0.6363636363636364
920846,0.05,0.05,0.2,0.7
63560,0.18181818181818182,0.18181818181818182,0.2727272727272727,0.36363636363636365
195943,0.20588235294117646,0.08823529411764706,0.11764705882352941,0.5882352941176471
648134,0.0,0.3,0.2,0.5
275922,0.2916666666666667,0.041666666666666664,0.08333333333333333,0.5833333333333334
437304,0.0,0.0,0.21428571428571427,0.7857142857142857
598993,0.05555555555555555,0.05555555555555555,0.3333333333333333,0.5555555555555556
73575,0.05,0.4,0.25,0.3
655835,0.07692307692307693,0.07692307692307693,0.23076923076923078,0.6153846153846154
370194,0.07894736842105263,0.07894736842105263,0.3684210526315789,0.47368421052631576
401095,0.08333333333333333,0.25,0.4166666666666667,0.25
152719,0.07142857142857142,0.21428571428571427,0.2857142857142857,0.42857142857142855
539919,0.3076923076923077,0.23076923076923078,0.15384615384615385,0.3076923076923077
691853,0.0,0.375,0.25,0.375
128567,0.056338028169014086,0.1619718309859155,0.22535211267605634,0.5563380281690141
699035,0.0,0.23529411764705882,0.35294117647058826,0.4117647058823529
126860,0.0,0.29411764705882354,0.35294117647058826,0.35294117647058826
426033,0.125,0.08333333333333333,0.5833333333333334,0.20833333333333334
159617,0.02252252252252252,0.22972972972972974,0.3063063063063063,0.44144144144144143
855988,0.125,0.25,0.5,0.125
536422,0.15384615384615385,0.07692307692307693,0.38461538461538464,0.38461538461538464
820100,0.15789473684210525,0.05263157894736842,0.21052631578947367,0.5789473684210527
752881,0.05263157894736842,0.05263157894736842,0.6842105263157895,0.21052631578947367
349772,0.25,0.0,0.5,0.25
549456,0.5217391304347826,0.13043478260869565,0.08695652173913043,0.2608695652173913
181538,0.09090909090909091,0.18181818181818182,0.2727272727272727,0.45454545454545453
382561,0.125,0.125,0.375,0.375
237653,0.23529411764705882,0.058823529411764705,0.29411764705882354,0.4117647058823529
884667,0.0,0.0,0.36363636363636365,0.6363636363636364
489902,0.125,0.16666666666666666,0.16666666666666666,0.5416666666666666
169296,0.36363636363636365,0.0,0.18181818181818182,0.45454545454545453
680465,0.0,0.0,0.2727272727272727,0.7272727272727273
752983,0.0625,0.125,0.375,0.4375
721004,0.0,0.07142857142857142,0.6428571428571429,0.2857142857142857
855216,0.09090909090909091,0.3181818181818182,0.2727272727272727,0.3181818181818182
334854,0.10526315789473684,0.3157894736842105,0.10526315789473684,0.47368421052631576
552244,0.13333333333333333,0.0,0.13333333333333333,0.7333333333333333
401371,0.0,0.2727272727272727,0.2727272727272727,0.45454545454545453
1095442,0.06349206349206349,0.1111111111111111,0.2857142857142857,0.5396825396825397
737331,0.125,0.125,0.375,0.375
1329888,0.0,0.2777777777777778,0.5,0.2222222222222222
127238,0.0,0.0,0.6428571428571429,0.35714285714285715
1725906,0.5384615384615384,0.07692307692307693,0.0,0.38461538461538464
941120,0.07142857142857142,0.14285714285714285,0.21428571428571427,0.5714285714285714
394590,0.08823529411764706,0.11764705882352941,0.29411764705882354,0.5
626734,0.10526315789473684,0.0,0.21052631578947367,0.6842105263157895
58778,0.05405405405405406,0.0,0.4594594594594595,0.4864864864864865
626539,0.05405405405405406,0.13513513513513514,0.21621621621621623,0.5945945945945946
124465,0.028368794326241134,0.375886524822695,0.2127659574468085,0.3829787234042553
1510431,0.0625,0.0,0.6875,0.25
1201439,0.0,0.4666666666666667,0.3333333333333333,0.2
285850,0.125,0.0,0.0,0.875
1114944,0.08333333333333333,0.0,0.125,0.7916666666666666
472665,0.16129032258064516,0.0967741935483871,0.12903225806451613,0.6129032258064516
204909,0.0,0.0,0.42857142857142855,0.5714285714285714
95862,0.14814814814814814,0.2222222222222222,0.37037037037037035,0.25925925925925924
1078698,0.15,0.1,0.1,0.65
327718,0.04,0.16,0.64,0.16
1236933,0.05555555555555555,0.16666666666666666,0.05555555555555555,0.7222222222222222
63565,0.08333333333333333,0.4722222222222222,0.2777777777777778,0.16666666666666666
63567,0.2,0.15,0.3,0.35
305910,0.2413793103448276,0.20689655172413793,0.13793103448275862,0.41379310344827586
48520,0.05434782608695652,0.16304347826086957,0.5,0.2826086956521739
72123,0.09523809523809523,0.14285714285714285,0.14285714285714285,0.6190476190476191
947729,0.25,0.0,0.16666666666666666,0.5833333333333334
108027,0.0,0.125,0.5625,0.3125
61286,0.18181818181818182,0.0,0.05454545454545454,0.7636363636363637
126886,0.10714285714285714,0.17857142857142858,0.21428571428571427,0.5
198152,0.125,0.1875,0.5,0.1875
301458,0.17073170731707318,0.14634146341463414,0.24390243902439024,0.43902439024390244
459997,0.2,0.1,0.3,0.4
368558,0.1875,0.375,0.1875,0.25
193686,0.0,0.08333333333333333,0.4166666666666667,0.5
180914,0.10526315789473684,0.15789473684210525,0.42105263157894735,0.3157894736842105
136479,0.125,0.125,0.1875,0.5625
152981,0.07692307692307693,0.0,0.15384615384615385,0.7692307692307693
69600,0.0,0.045454545454545456,0.13636363636363635,0.8181818181818182
1427752,0.18181818181818182,0.09090909090909091,0.09090909090909091,0.6363636363636364
1423728,0.3076923076923077,0.0,0.3076923076923077,0.38461538461538464
948436,0.4166666666666667,0.08333333333333333,0.16666666666666666,0.3333333333333333
1425140,0.07142857142857142,0.14285714285714285,0.14285714285714285,0.6428571428571429
1083813,0.14285714285714285,0.047619047619047616,0.3333333333333333,0.47619047619047616
393158,0.03278688524590164,0.22950819672131148,0.21311475409836064,0.5245901639344263
838894,0.07692307692307693,0.15384615384615385,0.07692307692307693,0.6923076923076923
7035445,0.2830188679245283,0.03773584905660377,0.11320754716981132,0.5660377358490566
382436,0.06666666666666667,0.06666666666666667,0.06666666666666667,0.8
136916,0.2,0.0,0.5,0.3
76879,0.21739130434782608,0.13043478260869565,0.34782608695652173,0.30434782608695654
4338969,0.0,0.0,0.7,0.3
6436707,0.0,0.0,0.9230769230769231,0.07692307692307693
1131346,0.05263157894736842,0.15789473684210525,0.3157894736842105,0.47368421052631576
1417468,0.18181818181818182,0.0,0.2727272727272727,0.5454545454545454
1171446,0.0,0.0,0.2222222222222222,0.7777777777777778
3603046,0.25,0.16666666666666666,0.3333333333333333,0.25
843708,0.08333333333333333,0.0,0.375,0.5416666666666666
1007805,0.058823529411764705,0.23529411764705882,0.17647058823529413,0.5294117647058824
872147,0.0,0.16279069767441862,0.2558139534883721,0.5813953488372093
1260301,0.2727272727272727,0.2727272727272727,0.2727272727272727,0.18181818181818182
1256317,0.21428571428571427,0.35714285714285715,0.21428571428571427,0.21428571428571427
682356,0.06349206349206349,0.23809523809523808,0.30158730158730157,0.3968253968253968
1369450,0.125,0.125,0.5,0.25
148521,0.075,0.325,0.175,0.425
3216924,0.2,0.3,0.1,0.4
6689158,0.1111111111111111,0.4444444444444444,0.1111111111111111,0.3333333333333333
6063650,0.0,0.29411764705882354,0.47058823529411764,0.23529411764705882
106377,0.07692307692307693,0.038461538461538464,0.5769230769230769,0.3076923076923077
103628,0.38857142857142857,0.011428571428571429,0.017142857142857144,0.5828571428571429
7331291,0.0,0.0,0.375,0.625
6659242,0.0,0.16666666666666666,0.16666666666666666,0.6666666666666666
6636457,0.0,0.1,0.3,0.6
6904207,0.125,0.0,0.5,0.375
626267,0.038461538461538464,0.2692307692307692,0.40384615384615385,0.28846153846153844
1801887,0.3333333333333333,0.08333333333333333,0.16666666666666666,0.4166666666666667
7263168,0.0,0.3333333333333333,0.4166666666666667,0.25
7275192,0.0,0.3333333333333333,0.6666666666666666,0.0
1159490,0.13793103448275862,0.13793103448275862,0.20689655172413793,0.5172413793103449
6399065,0.2727272727272727,0.18181818181818182,0.09090909090909091,0.45454545454545453
1357954,0.25,0.16666666666666666,0.4166666666666667,0.16666666666666666
6716859,0.037037037037037035,0.3333333333333333,0.14814814814814814,0.48148148148148145
378939,0.043478260869565216,0.34782608695652173,0.1956521739130435,0.41304347826086957
1308389,0.16666666666666666,0.08333333333333333,0.08333333333333333,0.6666666666666666
445561,0.06666666666666667,0.13333333333333333,0.3333333333333333,0.4666666666666667
605255,0.05555555555555555,0.16666666666666666,0.6111111111111112,0.16666666666666666
465529,0.22413793103448276,0.1896551724137931,0.3103448275862069,0.27586206896551724
1043458,0.125,0.5,0.125,0.25
1012429,0.19642857142857142,0.23214285714285715,0.19642857142857142,0.375
1057740,0.1111111111111111,0.0,0.4444444444444444,0.4444444444444444
600540,0.23333333333333334,0.15,0.2833333333333333,0.3333333333333333
397191,0.3157894736842105,0.23684210526315788,0.10526315789473684,0.34210526315789475
527054,0.037037037037037035,0.25925925925925924,0.4074074074074074,0.2962962962962963
713963,0.0,0.125,0.75,0.125
741773,0.045454545454545456,0.20454545454545456,0.3181818181818182,0.4318181818181818
619314,0.03225806451612903,0.0967741935483871,0.7096774193548387,0.16129032258064516
28669,0.11538461538461539,0.11538461538461539,0.2692307692307692,0.5
51680,0.12,0.04,0.36,0.48
720570,0.07142857142857142,0.07142857142857142,0.7142857142857143,0.14285714285714285
650342,0.09090909090909091,0.09090909090909091,0.2727272727272727,0.5454545454545454
985550,0.1,0.1,0.2,0.6
742891,0.02040816326530612,0.05102040816326531,0.7857142857142857,0.14285714285714285
151412,0.08108108108108109,0.21621621621621623,0.4864864864864865,0.21621621621621623
870987,0.125,0.125,0.375,0.375
951725,0.12,0.28,0.32,0.28
1302360,0.1875,0.125,0.1875,0.5
516291,0.5,0.07142857142857142,0.21428571428571427,0.21428571428571427
1083540,0.2222222222222222,0.1111111111111111,0.3333333333333333,0.3333333333333333
124242,0.2631578947368421,0.05263157894736842,0.21052631578947367,0.47368421052631576
911907,0.0,0.043478260869565216,0.6521739130434783,0.30434782608695654
193564,0.1388888888888889,0.4166666666666667,0.19444444444444445,0.25
940755,0.08571428571428572,0.34285714285714286,0.2571428571428571,0.3142857142857143
1493329,0.0,0.3793103448275862,0.20689655172413793,0.41379310344827586
1536369,0.0,0.0,0.25,0.75
87245,0.044444444444444446,0.1111111111111111,0.4666666666666667,0.37777777777777777
1802079,0.2857142857142857,0.0,0.2857142857142857,0.42857142857142855
1691129,0.047619047619047616,0.047619047619047616,0.2857142857142857,0.6190476190476191
1539222,0.2222222222222222,0.2777777777777778,0.16666666666666666,0.3333333333333333
168591,0.08823529411764706,0.20588235294117646,0.23529411764705882,0.47058823529411764
154989,0.19718309859154928,0.08450704225352113,0.2112676056338028,0.5070422535211268
1430555,0.0,0.2727272727272727,0.2727272727272727,0.45454545454545453
685836,0.2727272727272727,0.06818181818181818,0.20454545454545456,0.45454545454545453
2241876,0.0,0.6538461538461539,0.07692307692307693,0.2692307692307692
379748,0.1,0.225,0.2,0.475
2241938,0.06666666666666667,0.3333333333333333,0.26666666666666666,0.3333333333333333
2194250,0.07142857142857142,0.2857142857142857,0.0,0.6428571428571429
1675180,0.047619047619047616,0.38095238095238093,0.2857142857142857,0.2857142857142857
752439,0.0,0.3125,0.3125,0.375
992400,0.3333333333333333,0.0,0.0,0.6666666666666666
2178231,0.037037037037037035,0.4444444444444444,0.18518518518518517,0.3333333333333333
330104,0.05970149253731343,0.23880597014925373,0.26865671641791045,0.43283582089552236
135125,0.06060606060606061,0.030303030303030304,0.15151515151515152,0.7575757575757576
247165,0.38461538461538464,0.0,0.15384615384615385,0.46153846153846156
402104,0.023809523809523808,0.2857142857142857,0.23809523809523808,0.4523809523809524
66730,0.05555555555555555,0.16666666666666666,0.2777777777777778,0.5
842367,0.058823529411764705,0.29411764705882354,0.47058823529411764,0.17647058823529413
805852,0.04,0.28,0.24,0.44
324656,0.05454545454545454,0.3090909090909091,0.3090909090909091,0.32727272727272727
6532714,0.0,0.16666666666666666,0.3333333333333333,0.5
5833695,0.1111111111111111,0.1111111111111111,0.2222222222222222,0.5555555555555556
3806442,0.0,0.2222222222222222,0.2222222222222222,0.5555555555555556
6135944,0.0,0.0,0.0,1.0
2000389,0.1111111111111111,0.2222222222222222,0.0,0.6666666666666666
1089304,0.08333333333333333,0.25,0.16666666666666666,0.5
6417042,0.13333333333333333,0.13333333333333333,0.3333333333333333,0.4
1687556,0.045454545454545456,0.3181818181818182,0.13636363636363635,0.5
3751128,0.1,0.3,0.3,0.3
4938880,0.1111111111111111,0.1111111111111111,0.1111111111111111,0.6666666666666666
6984546,0.0,0.5,0.0,0.5
5938532,0.2,0.0,0.1,0.7
6258536,0.0,0.2,0.25,0.55
2575728,0.0,0.1,0.1,0.8
6388686,0.0,0.13333333333333333,0.0,0.8666666666666667
1601562,0.2,0.2,0.4,0.2
6446248,0.125,0.125,0.0,0.75
6543504,0.09090909090909091,0.09090909090909091,0.2727272727272727,0.5454545454545454
6591736,0.0,0.2857142857142857,0.21428571428571427,0.5
6613656,0.0,0.16666666666666666,0.08333333333333333,0.75
612881,0.041666666666666664,0.2916666666666667,0.375,0.2916666666666667
1312434,0.08695652173913043,0.13043478260869565,0.6521739130434783,0.13043478260869565
6766918,0.0,0.375,0.25,0.375
6792042,0.0,0.5,0.0,0.5
4552055,0.0,0.1,0.2,0.7
3830049,0.0,0.1111111111111111,0.4444444444444444,0.4444444444444444
6909493,0.0,0.0,0.4,0.6
179193,0.0,0.25,0.4375,0.3125
1535162,0.47058823529411764,0.058823529411764705,0.058823529411764705,0.4117647058823529
938372,0.0625,0.125,0.375,0.4375
1265241,0.0,0.25,0.3125,0.4375
938291,0.07692307692307693,0.15384615384615385,0.5384615384615384,0.23076923076923078
653962,0.07142857142857142,0.14285714285714285,0.25,0.5357142857142857
454884,0.07692307692307693,0.15384615384615385,0.38461538461538464,0.38461538461538464
1402805,0.0,0.0,0.2,0.8
108034,0.015625,0.421875,0.4375,0.125
125489,0.0625,0.125,0.375,0.4375
62660,0.07142857142857142,0.03571428571428571,0.5357142857142857,0.35714285714285715
460277,0.07692307692307693,0.15384615384615385,0.3076923076923077,0.46153846153846156
1286067,0.0,0.0,0.2,0.8
4769001,0.6428571428571429,0.14285714285714285,0.14285714285714285,0.07142857142857142
5131424,0.07692307692307693,0.15384615384615385,0.3076923076923077,0.46153846153846156
3502935,0.08333333333333333,0.25,0.25,0.4166666666666667
1756603,0.1,0.2,0.4,0.3
1104460,0.047619047619047616,0.14285714285714285,0.2857142857142857,0.5238095238095238
1442028,0.034482758620689655,0.27586206896551724,0.27586206896551724,0.41379310344827586
484919,0.0,0.2,0.35,0.45
1062028,0.1891891891891892,0.2702702702702703,0.32432432432432434,0.21621621621621623
666172,0.03333333333333333,0.3333333333333333,0.2,0.43333333333333335
1540858,0.0,0.25,0.3333333333333333,0.4166666666666667
60179,0.1,0.2,0.3,0.4
1475835,0.09375,0.125,0.34375,0.4375
775299,0.0,0.46153846153846156,0.23076923076923078,0.3076923076923077
1482938,0.05555555555555555,0.05555555555555555,0.5,0.3888888888888889
1287963,0.14285714285714285,0.32653061224489793,0.24489795918367346,0.2857142857142857
164038,0.14754098360655737,0.29508196721311475,0.3114754098360656,0.2459016393442623
1397613,0.0,0.4444444444444444,0.2222222222222222,0.3333333333333333
889748,0.10714285714285714,0.03571428571428571,0.42857142857142855,0.42857142857142855
1238034,0.0,0.3333333333333333,0.1111111111111111,0.5555555555555556
795990,0.25925925925925924,0.2222222222222222,0.37037037037037035,0.14814814814814814
647193,0.1111111111111111,0.2777777777777778,0.3888888888888889,0.2222222222222222
610871,0.16666666666666666,0.125,0.3333333333333333,0.375
1211178,0.06521739130434782,0.1956521739130435,0.3695652173913043,0.3695652173913043
1349254,0.047619047619047616,0.07142857142857142,0.47619047619047616,0.40476190476190477
571197,0.24691358024691357,0.2222222222222222,0.2345679012345679,0.2962962962962963
806972,0.15,0.25,0.35,0.25
594497,0.021739130434782608,0.2391304347826087,0.2391304347826087,0.5
770498,0.21875,0.21875,0.34375,0.21875
736904,0.22857142857142856,0.2857142857142857,0.2571428571428571,0.22857142857142856
806934,0.23809523809523808,0.14285714285714285,0.47619047619047616,0.14285714285714285
627379,0.0,0.32142857142857145,0.17857142857142858,0.5
627414,0.07407407407407407,0.1111111111111111,0.4444444444444444,0.37037037037037035
841353,0.2631578947368421,0.15789473684210525,0.47368421052631576,0.10526315789473684
666181,0.02857142857142857,0.34285714285714286,0.2857142857142857,0.34285714285714286
373581,0.08,0.2,0.4,0.32
712443,0.15,0.1,0.23333333333333334,0.5166666666666667
619428,0.2,0.16666666666666666,0.5,0.13333333333333333
897583,0.06666666666666667,0.26666666666666666,0.26666666666666666,0.4
1374836,0.09090909090909091,0.09090909090909091,0.36363636363636365,0.45454545454545453
722463,0.13636363636363635,0.18181818181818182,0.3181818181818182,0.36363636363636365
1405636,0.1388888888888889,0.1111111111111111,0.5833333333333334,0.16666666666666666
1465453,0.22727272727272727,0.13636363636363635,0.5454545454545454,0.09090909090909091
821896,0.11904761904761904,0.19047619047619047,0.40476190476190477,0.2857142857142857
1278647,0.09090909090909091,0.13636363636363635,0.45454545454545453,0.3181818181818182
1106567,0.11764705882352941,0.29411764705882354,0.11764705882352941,0.47058823529411764
1463783,0.0,0.14285714285714285,0.0,0.8571428571428571
748804,0.2,0.2,0.1,0.5
704440,0.17647058823529413,0.058823529411764705,0.4117647058823529,0.35294117647058826
859602,0.043478260869565216,0.391304347826087,0.13043478260869565,0.43478260869565216
2953242,0.075,0.15,0.175,0.6
352320,0.15384615384615385,0.23076923076923078,0.23076923076923078,0.38461538461538464
350658,0.08333333333333333,0.16666666666666666,0.3333333333333333,0.4166666666666667
164745,0.15789473684210525,0.21052631578947367,0.3157894736842105,0.3157894736842105
630129,0.1111111111111111,0.05555555555555555,0.2777777777777778,0.5555555555555556
630133,0.11764705882352941,0.058823529411764705,0.47058823529411764,0.35294117647058826
164731,0.13636363636363635,0.22727272727272727,0.22727272727272727,0.4090909090909091
385550,0.06666666666666667,0.2,0.26666666666666666,0.4666666666666667
301009,0.045454545454545456,0.3181818181818182,0.22727272727272727,0.4090909090909091
130157,0.06382978723404255,0.2553191489361702,0.2978723404255319,0.3829787234042553
951366,0.18181818181818182,0.09090909090909091,0.2727272727272727,0.45454545454545453
1338625,0.2857142857142857,0.14285714285714285,0.14285714285714285,0.42857142857142855
488975,0.125,0.125,0.3125,0.4375
423934,0.047619047619047616,0.23809523809523808,0.3333333333333333,0.38095238095238093
1302598,0.21428571428571427,0.35714285714285715,0.2857142857142857,0.14285714285714285
614806,0.14893617021276595,0.06382978723404255,0.2127659574468085,0.574468085106383
1373590,0.07692307692307693,0.3076923076923077,0.15384615384615385,0.46153846153846156
909492,0.08333333333333333,0.5833333333333334,0.25,0.08333333333333333
1505808,0.09090909090909091,0.18181818181818182,0.45454545454545453,0.2727272727272727
898373,0.08695652173913043,0.17391304347826086,0.34782608695652173,0.391304347826087
529351,0.08695652173913043,0.2608695652173913,0.13043478260869565,0.5217391304347826
1243575,0.18181818181818182,0.45454545454545453,0.2727272727272727,0.09090909090909091
1492866,0.07142857142857142,0.21428571428571427,0.5,0.21428571428571427
1492868,0.06666666666666667,0.3333333333333333,0.3333333333333333,0.26666666666666666
1266843,0.06666666666666667,0.2,0.26666666666666666,0.4666666666666667
322743,0.03333333333333333,0.26666666666666666,0.3333333333333333,0.36666666666666664
295743,0.16666666666666666,0.16666666666666666,0.5,0.16666666666666666
792234,0.09090909090909091,0.18181818181818182,0.2727272727272727,0.45454545454545453
842232,0.17647058823529413,0.17647058823529413,0.47058823529411764,0.17647058823529413
1048396,0.058823529411764705,0.058823529411764705,0.29411764705882354,0.5882352941176471
729709,0.05,0.05,0.75,0.15
60317,0.08333333333333333,0.0,0.4166666666666667,0.5
805287,0.0,0.0,0.5,0.5
194915,0.0,0.16666666666666666,0.3333333333333333,0.5
670157,0.07142857142857142,0.0,0.42857142857142855,0.5
1165022,0.13333333333333333,0.13333333333333333,0.4666666666666667,0.26666666666666666
859898,0.047619047619047616,0.3333333333333333,0.38095238095238093,0.23809523809523808
1522322,0.0,0.3333333333333333,0.2222222222222222,0.4444444444444444
1076629,0.0,0.125,0.625,0.25
698732,0.08695652173913043,0.21739130434782608,0.34782608695652173,0.34782608695652173
722863,0.0625,0.0625,0.375,0.5
298330,0.08333333333333333,0.0,0.5833333333333334,0.3333333333333333
103649,0.11764705882352941,0.0,0.058823529411764705,0.8235294117647058
138175,0.1,0.1,0.36666666666666664,0.43333333333333335
271781,0.0,0.0,0.2222222222222222,0.7777777777777778
1425849,0.0,0.05263157894736842,0.47368421052631576,0.47368421052631576
343668,0.09090909090909091,0.2727272727272727,0.5454545454545454,0.09090909090909091
363053,0.08333333333333333,0.041666666666666664,0.8333333333333334,0.041666666666666664
218913,0.125,0.125,0.625,0.125
1532075,0.1,0.2,0.1,0.6
1258101,0.09090909090909091,0.0,0.8181818181818182,0.09090909090909091
760225,0.38461538461538464,0.0,0.23076923076923078,0.38461538461538464
345339,0.0,0.6811594202898551,0.2608695652173913,0.057971014492753624
343885,0.0,0.4,0.5333333333333333,0.06666666666666667
993097,0.4,0.0,0.2,0.4
538046,0.2,0.0,0.4,0.4
109184,0.15384615384615385,0.07692307692307693,0.38461538461538464,0.38461538461538464
757457,0.10526315789473684,0.18421052631578946,0.13157894736842105,0.5789473684210527
759807,0.7142857142857143,0.07142857142857142,0.07142857142857142,0.14285714285714285
1243270,0.09090909090909091,0.36363636363636365,0.5454545454545454,0.0
72525,0.35714285714285715,0.14285714285714285,0.21428571428571427,0.2857142857142857
1073856,0.18181818181818182,0.09090909090909091,0.18181818181818182,0.5454545454545454
610382,0.0,0.0,0.25,0.75
69957,0.29411764705882354,0.0,0.029411764705882353,0.6764705882352942
382101,0.07142857142857142,0.0,0.6428571428571429,0.2857142857142857
343491,0.045454545454545456,0.0,0.45454545454545453,0.5
328549,0.32558139534883723,0.0,0.13953488372093023,0.5348837209302325
208159,0.0625,0.0625,0.875,0.0
622711,0.0,0.0,0.5714285714285714,0.42857142857142855
125467,0.25,0.25,0.25,0.25
459877,0.0,0.38461538461538464,0.46153846153846156,0.15384615384615385
493274,0.2,0.1,0.3,0.4
219009,0.18181818181818182,0.09090909090909091,0.09090909090909091,0.6363636363636364
246214,0.1875,0.1875,0.0625,0.5625
82206,0.1875,0.125,0.25,0.4375
462214,0.23076923076923078,0.07692307692307693,0.07692307692307693,0.6153846153846154
1071123,0.3333333333333333,0.0,0.5833333333333334,0.08333333333333333
358930,0.125,0.125,0.375,0.375
269132,0.3,0.0,0.2,0.5
385513,0.05263157894736842,0.47368421052631576,0.3684210526315789,0.10526315789473684
99851,0.08571428571428572,0.34285714285714286,0.34285714285714286,0.22857142857142856
520023,0.25,0.08333333333333333,0.16666666666666666,0.5
1007494,0.09090909090909091,0.09090909090909091,0.18181818181818182,0.6363636363636364
181880,0.125,0.0,0.625,0.25
253675,0.5124653739612188,0.00554016620498615,0.0110803324099723,0.4709141274238227
1339818,0.06521739130434782,0.043478260869565216,0.043478260869565216,0.8478260869565217
1105236,0.3333333333333333,0.0,0.16666666666666666,0.5
1556567,0.15789473684210525,0.21052631578947367,0.21052631578947367,0.42105263157894735
495263,0.1111111111111111,0.1111111111111111,0.1111111111111111,0.6666666666666666
155149,0.0297029702970297,0.31683168316831684,0.31683168316831684,0.33663366336633666
495094,0.2,0.0,0.3,0.5
385528,0.07142857142857142,0.5714285714285714,0.35714285714285715,0.0
619752,0.18181818181818182,0.09090909090909091,0.36363636363636365,0.36363636363636365
154995,0.15555555555555556,0.37777777777777777,0.17777777777777778,0.28888888888888886
79391,0.15789473684210525,0.2894736842105263,0.10526315789473684,0.4473684210526316
910958,0.21739130434782608,0.043478260869565216,0.17391304347826086,0.5652173913043478
375015,0.18181818181818182,0.22727272727272727,0.09090909090909091,0.5
878196,0.15789473684210525,0.0,0.05263157894736842,0.7894736842105263
409166,0.1111111111111111,0.1111111111111111,0.2222222222222222,0.5555555555555556
693472,0.35714285714285715,0.0,0.21428571428571427,0.42857142857142855
393984,0.125,0.125,0.0625,0.6875
394000,0.13333333333333333,0.06666666666666667,0.2,0.6
385225,0.07692307692307693,0.11538461538461539,0.34615384615384615,0.46153846153846156
197858,0.19047619047619047,0.23809523809523808,0.14285714285714285,0.42857142857142855
92935,0.14705882352941177,0.5294117647058824,0.23529411764705882,0.08823529411764706
935013,0.5,0.0625,0.0625,0.375
277163,0.21428571428571427,0.07142857142857142,0.07142857142857142,0.6428571428571429
318021,0.4,0.3,0.2,0.1
329968,0.15384615384615385,0.07692307692307693,0.07692307692307693,0.6923076923076923
504323,0.2,0.1,0.2,0.5
660989,0.15384615384615385,0.019230769230769232,0.11538461538461539,0.7115384615384616
385229,0.125,0.3125,0.3125,0.25
494628,0.2,0.1,0.2,0.5
518677,0.42857142857142855,0.07142857142857142,0.14285714285714285,0.35714285714285715
601539,0.25,0.0,0.375,0.375
67028,0.13513513513513514,0.08108108108108109,0.35135135135135137,0.43243243243243246
1197216,0.23076923076923078,0.23076923076923078,0.38461538461538464,0.15384615384615385
73257,0.2222222222222222,0.0,0.4444444444444444,0.3333333333333333
73256,0.2,0.06666666666666667,0.26666666666666666,0.4666666666666667
271592,0.08108108108108109,0.21621621621621623,0.21621621621621623,0.4864864864864865
843052,0.1111111111111111,0.0,0.6666666666666666,0.2222222222222222
385496,0.09523809523809523,0.19047619047619047,0.5238095238095238,0.19047619047619047
384965,0.17647058823529413,0.17647058823529413,0.4117647058823529,0.23529411764705882
385542,0.14285714285714285,0.14285714285714285,0.42857142857142855,0.2857142857142857
713243,0.0,0.6363636363636364,0.29545454545454547,0.06818181818181818
204635,0.16666666666666666,0.1111111111111111,0.2222222222222222,0.5
713643,0.0,0.14285714285714285,0.3333333333333333,0.5238095238095238
111331,0.046511627906976744,0.023255813953488372,0.4418604651162791,0.4883720930232558
1229941,0.0625,0.0,0.1875,0.75
542453,0.23529411764705882,0.0,0.0,0.7647058823529411
420908,0.0,0.2,0.2,0.6
242043,0.25,0.08333333333333333,0.08333333333333333,0.5833333333333334
584869,0.5714285714285714,0.07142857142857142,0.07142857142857142,0.2857142857142857
1085583,0.13636363636363635,0.13636363636363635,0.13636363636363635,0.5909090909090909
86203,0.2777777777777778,0.0,0.08333333333333333,0.6388888888888888
1309390,0.2222222222222222,0.0,0.0,0.7777777777777778
145057,0.2,0.2,0.1,0.5
64088,0.20512820512820512,0.02564102564102564,0.10256410256410256,0.6666666666666666
1309213,0.058823529411764705,0.0,0.17647058823529413,0.7647058823529411
376409,0.4166666666666667,0.0,0.041666666666666664,0.5416666666666666
253806,0.375,0.125,0.16666666666666666,0.3333333333333333
297739,0.375,0.0,0.1875,0.4375
298081,0.3076923076923077,0.15384615384615385,0.07692307692307693,0.46153846153846156
96759,0.3076923076923077,0.15384615384615385,0.07692307692307693,0.46153846153846156
1009322,0.7,0.1,0.0,0.2
379715,0.05,0.05,0.75,0.15
1289672,0.1,0.1,0.1,0.7
510384,0.030303030303030304,0.09090909090909091,0.30303030303030304,0.5757575757575758
842942,0.08333333333333333,0.16666666666666666,0.4166666666666667,0.3333333333333333
131291,0.00847457627118644,0.3389830508474576,0.3305084745762712,0.3220338983050847
884753,0.047619047619047616,0.09523809523809523,0.2857142857142857,0.5714285714285714
131172,0.1111111111111111,0.2222222222222222,0.0,0.6666666666666666
334352,0.1111111111111111,0.2222222222222222,0.4444444444444444,0.2222222222222222
528368,0.08333333333333333,0.16666666666666666,0.25,0.5
642856,0.1,0.1,0.2,0.6
1211228,0.1111111111111111,0.4444444444444444,0.2222222222222222,0.2222222222222222
363933,0.1,0.2,0.3,0.4
154981,0.21052631578947367,0.15789473684210525,0.21052631578947367,0.42105263157894735
134636,0.07865168539325842,0.25842696629213485,0.2808988764044944,0.38202247191011235
1295494,0.0,0.22727272727272727,0.22727272727272727,0.5454545454545454
769010,0.1111111111111111,0.2222222222222222,0.3333333333333333,0.3333333333333333
251652,0.07142857142857142,0.07142857142857142,0.35714285714285715,0.5
851294,0.08333333333333333,0.25,0.4166666666666667,0.25
807722,0.05263157894736842,0.3157894736842105,0.21052631578947367,0.42105263157894735
736344,0.09090909090909091,0.18181818181818182,0.2727272727272727,0.45454545454545453
736245,0.043478260869565216,0.13043478260869565,0.30434782608695654,0.5217391304347826
1131269,0.08333333333333333,0.16666666666666666,0.4166666666666667,0.3333333333333333
777499,0.07692307692307693,0.23076923076923078,0.15384615384615385,0.5384615384615384
825545,0.0,0.25,0.4166666666666667,0.3333333333333333
920937,0.0,0.18181818181818182,0.2727272727272727,0.5454545454545454
879093,0.15384615384615385,0.07692307692307693,0.19230769230769232,0.5769230769230769
115186,0.09090909090909091,0.2727272727272727,0.2727272727272727,0.36363636363636365
838845,0.0,0.0,0.18181818181818182,0.8181818181818182
95025,0.125,0.0625,0.125,0.6875
835540,0.0,0.23076923076923078,0.5384615384615384,0.23076923076923078
163768,0.041666666666666664,0.0,0.20833333333333334,0.75
436336,0.0,0.5,0.2,0.3
805127,0.0,0.21428571428571427,0.42857142857142855,0.35714285714285715
630269,0.05555555555555555,0.2777777777777778,0.3888888888888889,0.2777777777777778
1304686,0.0,0.35,0.55,0.1
301259,0.23529411764705882,0.11764705882352941,0.11764705882352941,0.5294117647058824
492912,0.0625,0.53125,0.09375,0.3125
333578,0.15,0.15,0.3,0.4
204752,0.09375,0.40625,0.21875,0.28125
81418,0.024390243902439025,0.2682926829268293,0.2926829268292683,0.4146341463414634
204757,0.21052631578947367,0.10526315789473684,0.21052631578947367,0.47368421052631576
649663,0.0,0.16129032258064516,0.3870967741935484,0.45161290322580644
94090,0.1,0.05,0.2,0.65
119278,0.1,0.1,0.1,0.7
306924,0.09090909090909091,0.18181818181818182,0.2727272727272727,0.45454545454545453
1501438,0.0,0.0,0.3,0.7
684748,0.022727272727272728,0.6590909090909091,0.1590909090909091,0.1590909090909091
785814,0.16666666666666666,0.06666666666666667,0.13333333333333333,0.6333333333333333
95190,0.07142857142857142,0.07142857142857142,0.21428571428571427,0.6428571428571429
95182,0.15384615384615385,0.038461538461538464,0.2692307692307692,0.5384615384615384
946988,0.18181818181818182,0.0,0.0,0.8181818181818182
849492,0.061224489795918366,0.16326530612244897,0.2857142857142857,0.4897959183673469
107640,0.0,0.18181818181818182,0.18181818181818182,0.6363636363636364
167443,0.15384615384615385,0.15384615384615385,0.23076923076923078,0.46153846153846156
843661,0.08333333333333333,0.0,0.16666666666666666,0.75
89122,0.09090909090909091,0.09090909090909091,0.45454545454545453,0.36363636363636365
879047,0.021739130434782608,0.043478260869565216,0.5,0.43478260869565216
752144,0.041666666666666664,0.20833333333333334,0.4583333333333333,0.2916666666666667
107643,0.125,0.1875,0.0,0.6875
292241,0.1724137931034483,0.13793103448275862,0.2413793103448276,0.4482758620689655
301693,0.2,0.0,0.2,0.6
155150,0.10526315789473684,0.15789473684210525,0.3157894736842105,0.42105263157894735
290717,0.2,0.0,0.4,0.4
388652,0.4,0.0,0.2,0.4
152756,0.10344827586206896,0.034482758620689655,0.1724137931034483,0.6896551724137931
494624,0.1,0.4,0.0,0.5
64015,0.16,0.08,0.2,0.56
384958,0.1111111111111111,0.16666666666666666,0.2777777777777778,0.4444444444444444
273770,0.3076923076923077,0.0,0.07692307692307693,0.6153846153846154
145645,0.2,0.0,0.4,0.4
385680,0.15384615384615385,0.07692307692307693,0.5384615384615384,0.23076923076923078
65384,0.2,0.3,0.1,0.4
65377,0.125,0.0625,0.5,0.3125
1347436,0.1,0.7,0.1,0.1
1411588,0.0,0.25,0.375,0.375
306889,0.0,0.1111111111111111,0.3888888888888889,0.5
311153,0.0,0.5161290322580645,0.3225806451612903,0.16129032258064516
1439672,0.23684210526315788,0.017543859649122806,0.03508771929824561,0.7105263157894737
631370,0.1724137931034483,0.06896551724137931,0.27586206896551724,0.4827586206896552
1112590,0.125,0.16666666666666666,0.3333333333333333,0.375
1249992,0.2222222222222222,0.0,0.3333333333333333,0.4444444444444444
393723,0.35,0.25,0.1,0.3
603668,0.2972972972972973,0.21621621621621623,0.1891891891891892,0.2972972972972973
1416128,0.09090909090909091,0.09090909090909091,0.5454545454545454,0.2727272727272727
698661,0.18181818181818182,0.36363636363636365,0.18181818181818182,0.2727272727272727
1083603,0.08333333333333333,0.08333333333333333,0.3333333333333333,0.5
949636,0.42857142857142855,0.07142857142857142,0.2857142857142857,0.21428571428571427
580403,0.041666666666666664,0.4166666666666667,0.4166666666666667,0.125
424644,0.27450980392156865,0.17647058823529413,0.23529411764705882,0.3137254901960784
559170,0.32142857142857145,0.16666666666666666,0.14285714285714285,0.36904761904761907
1064256,0.1,0.3,0.1,0.5
1078788,0.07142857142857142,0.21428571428571427,0.2857142857142857,0.42857142857142855
410103,0.10344827586206896,0.1724137931034483,0.27586206896551724,0.4482758620689655
371274,0.23529411764705882,0.058823529411764705,0.29411764705882354,0.4117647058823529
1415992,0.09090909090909091,0.0,0.45454545454545453,0.45454545454545453
953433,0.03225806451612903,0.0967741935483871,0.3870967741935484,0.4838709677419355
1372791,0.0,0.3125,0.5,0.1875
334228,0.06451612903225806,0.2903225806451613,0.2903225806451613,0.3548387096774194
1258179,0.05263157894736842,0.15789473684210525,0.7368421052631579,0.05263157894736842
720157,0.09090909090909091,0.2727272727272727,0.45454545454545453,0.18181818181818182
603576,0.21739130434782608,0.21739130434782608,0.1956521739130435,0.3695652173913043
920991,0.2222222222222222,0.25,0.2222222222222222,0.3055555555555556
603592,0.32558139534883723,0.20930232558139536,0.16279069767441862,0.3023255813953488
550501,0.2857142857142857,0.1836734693877551,0.20408163265306123,0.32653061224489793
600579,0.2682926829268293,0.17073170731707318,0.21951219512195122,0.34146341463414637
600551,0.2857142857142857,0.2,0.2,0.3142857142857143
429311,0.3235294117647059,0.2647058823529412,0.11764705882352941,0.29411764705882354
545139,0.29411764705882354,0.20588235294117646,0.14705882352941177,0.35294117647058826
741745,0.09090909090909091,0.2727272727272727,0.5454545454545454,0.09090909090909091
586694,0.0967741935483871,0.12903225806451613,0.3548387096774194,0.41935483870967744
586684,0.08333333333333333,0.1111111111111111,0.3611111111111111,0.4444444444444444
528707,0.14285714285714285,0.17857142857142858,0.42857142857142855,0.25
1057882,0.2,0.1,0.5,0.2
647515,0.0,0.1,0.6,0.3
805233,0.2857142857142857,0.07142857142857142,0.42857142857142855,0.21428571428571427
600574,0.2682926829268293,0.1951219512195122,0.24390243902439024,0.2926829268292683
600568,0.2619047619047619,0.19047619047619047,0.23809523809523808,0.30952380952380953
600565,0.2978723404255319,0.1702127659574468,0.2553191489361702,0.2765957446808511
600537,0.2786885245901639,0.16393442622950818,0.26229508196721313,0.29508196721311475
824448,0.18181818181818182,0.13636363636363635,0.36363636363636365,0.3181818181818182
436603,0.3064516129032258,0.16129032258064516,0.22580645161290322,0.3064516129032258
804116,0.2727272727272727,0.18181818181818182,0.3181818181818182,0.22727272727272727
1170048,0.06666666666666667,0.06666666666666667,0.4,0.4666666666666667
390073,0.25925925925925924,0.2962962962962963,0.25925925925925924,0.18518518518518517
817586,0.3076923076923077,0.07692307692307693,0.15384615384615385,0.46153846153846156
821841,0.4,0.06666666666666667,0.26666666666666666,0.26666666666666666
754706,0.2702702702702703,0.16216216216216217,0.2702702702702703,0.2972972972972973
666325,0.2,0.08,0.3,0.42
603638,0.3023255813953488,0.18604651162790697,0.2558139534883721,0.2558139534883721
680300,0.2727272727272727,0.18181818181818182,0.5454545454545454,0.0
205265,0.17647058823529413,0.23529411764705882,0.11764705882352941,0.47058823529411764
409073,0.08333333333333333,0.25,0.16666666666666666,0.5
728099,0.12,0.16,0.4,0.32
752616,0.1111111111111111,0.05555555555555555,0.5,0.3333333333333333
1104298,0.05263157894736842,0.13157894736842105,0.3684210526315789,0.4473684210526316
915781,0.1111111111111111,0.027777777777777776,0.3611111111111111,0.5
603651,0.24444444444444444,0.15555555555555556,0.3111111111111111,0.28888888888888886
192948,0.35714285714285715,0.07142857142857142,0.35714285714285715,0.21428571428571427
192946,0.05555555555555555,0.4111111111111111,0.3888888888888889,0.14444444444444443
652740,0.023809523809523808,0.4880952380952381,0.34523809523809523,0.14285714285714285
342868,0.05128205128205128,0.3333333333333333,0.3333333333333333,0.28205128205128205
609042,0.010416666666666666,0.53125,0.3125,0.14583333333333334
1160816,0.13333333333333333,0.13333333333333333,0.3333333333333333,0.4
752447,0.0,0.3,0.4,0.3
763346,0.0,0.25,0.25,0.5
943794,0.14285714285714285,0.21428571428571427,0.5714285714285714,0.07142857142857142
670803,0.19047619047619047,0.2857142857142857,0.3333333333333333,0.19047619047619047
1026016,0.1111111111111111,0.3333333333333333,0.2222222222222222,0.3333333333333333
1476270,0.1,0.0,0.4,0.5
726490,0.0,0.5,0.25,0.25
12976,0.14457831325301204,0.13253012048192772,0.37349397590361444,0.3493975903614458
412638,0.2857142857142857,0.0,0.2857142857142857,0.42857142857142855
791456,0.08695652173913043,0.21739130434782608,0.2608695652173913,0.43478260869565216
155789,0.2708333333333333,0.25,0.20833333333333334,0.2708333333333333
660747,0.13333333333333333,0.3,0.4,0.16666666666666666
752003,0.2631578947368421,0.10526315789473684,0.3157894736842105,0.3157894736842105
947529,0.2,0.06666666666666667,0.2,0.5333333333333333
410079,0.30303030303030304,0.24242424242424243,0.18181818181818182,0.2727272727272727
635248,0.1,0.0,0.8,0.1
200636,0.047619047619047616,0.09523809523809523,0.2857142857142857,0.5714285714285714
1286111,0.05555555555555555,0.1111111111111111,0.16666666666666666,0.6666666666666666
608927,0.07692307692307693,0.15384615384615385,0.3076923076923077,0.46153846153846156
329850,0.13636363636363635,0.18181818181818182,0.13636363636363635,0.5454545454545454
527687,0.0,0.09090909090909091,0.36363636363636365,0.5454545454545454
635289,0.0,0.058823529411764705,0.5294117647058824,0.4117647058823529
384674,0.06666666666666667,0.26666666666666666,0.3333333333333333,0.3333333333333333
842874,0.05714285714285714,0.08571428571428572,0.45714285714285713,0.4
932941,0.03571428571428571,0.03571428571428571,0.6071428571428571,0.32142857142857145
859506,0.0,0.17647058823529413,0.6470588235294118,0.17647058823529413
1306502,0.07692307692307693,0.07692307692307693,0.3076923076923077,0.5384615384615384
1312373,0.04,0.16,0.32,0.48
571731,0.11538461538461539,0.07692307692307693,0.4230769230769231,0.38461538461538464
882261,0.0,0.15,0.35,0.5
1044311,0.06976744186046512,0.16279069767441862,0.32558139534883723,0.4418604651162791
511971,0.29545454545454547,0.045454545454545456,0.1590909090909091,0.5
1112148,0.20833333333333334,0.041666666666666664,0.2916666666666667,0.4583333333333333
555880,0.34782608695652173,0.043478260869565216,0.391304347826087,0.21739130434782608
752205,0.0,0.16666666666666666,0.5833333333333334,0.25
1108140,0.08333333333333333,0.020833333333333332,0.1875,0.7083333333333334
1500998,0.1,0.0,0.4,0.5
1533546,0.07692307692307693,0.07692307692307693,0.5384615384615384,0.3076923076923077
951794,0.08695652173913043,0.17391304347826086,0.5217391304347826,0.21739130434782608
823678,0.05555555555555555,0.1111111111111111,0.5555555555555556,0.2777777777777778
944381,0.09090909090909091,0.09090909090909091,0.36363636363636365,0.45454545454545453
606622,0.0,0.3,0.3,0.4
340652,0.47368421052631576,0.05263157894736842,0.21052631578947367,0.2631578947368421
322085,0.009009009009009009,0.5495495495495496,0.3063063063063063,0.13513513513513514
638182,0.14285714285714285,0.07142857142857142,0.6428571428571429,0.14285714285714285
860324,0.09090909090909091,0.18181818181818182,0.5909090909090909,0.13636363636363635
1440105,0.2,0.1,0.5,0.2
411908,0.0,0.25,0.6666666666666666,0.08333333333333333
938646,0.08695652173913043,0.17391304347826086,0.6956521739130435,0.043478260869565216
947782,0.045454545454545456,0.045454545454545456,0.5909090909090909,0.3181818181818182
470065,0.14285714285714285,0.14285714285714285,0.35714285714285715,0.35714285714285715
1057413,0.08333333333333333,0.3333333333333333,0.25,0.3333333333333333
1215737,0.07692307692307693,0.15384615384615385,0.3076923076923077,0.46153846153846156
319514,0.19047619047619047,0.09523809523809523,0.3333333333333333,0.38095238095238093
691147,0.1111111111111111,0.4444444444444444,0.1111111111111111,0.3333333333333333
550392,0.14705882352941177,0.11764705882352941,0.4117647058823529,0.3235294117647059
789245,0.125,0.25,0.375,0.25
713474,0.013157894736842105,0.42105263157894735,0.35526315789473684,0.21052631578947367
381692,0.05555555555555555,0.2222222222222222,0.3333333333333333,0.3888888888888889
204770,0.05555555555555555,0.2222222222222222,0.2777777777777778,0.4444444444444444
1246099,0.21428571428571427,0.0,0.07142857142857142,0.7142857142857143
202624,0.41379310344827586,0.0,0.06896551724137931,0.5172413793103449
47732,0.14285714285714285,0.047619047619047616,0.09523809523809523,0.7142857142857143
1117657,0.11764705882352941,0.29411764705882354,0.29411764705882354,0.29411764705882354
161228,0.1,0.0,0.3,0.6
1268786,0.36363636363636365,0.0,0.09090909090909091,0.5454545454545454
1435194,0.0,0.1,0.2,0.7
823634,0.0625,0.125,0.5,0.3125
1232521,0.3888888888888889,0.1111111111111111,0.05555555555555555,0.4444444444444444
704710,0.2,0.2,0.2,0.4
622493,0.2413793103448276,0.034482758620689655,0.034482758620689655,0.6896551724137931
1538080,0.2,0.2,0.1,0.5
687750,0.1875,0.0625,0.1875,0.5625
103638,0.25,0.0,0.375,0.375
71661,0.2222222222222222,0.0,0.4444444444444444,0.3333333333333333
349131,0.375,0.0,0.375,0.25
106384,0.0625,0.1875,0.375,0.375
1034293,0.08333333333333333,0.16666666666666666,0.25,0.5
1500134,0.0,0.2,0.4,0.4
66311,0.041666666666666664,0.0,0.4166666666666667,0.5416666666666666
222503,0.2222222222222222,0.0,0.2222222222222222,0.5555555555555556
912731,0.07142857142857142,0.14285714285714285,0.2857142857142857,0.5
103662,0.1,0.1,0.3,0.5
1189781,0.09090909090909091,0.18181818181818182,0.36363636363636365,0.36363636363636365
130633,0.1,0.1,0.5,0.3
1178561,0.0,0.25,0.25,0.5
106372,0.0,0.08333333333333333,0.4166666666666667,0.5
71657,0.0,0.25,0.25,0.5
106381,0.16666666666666666,0.08333333333333333,0.25,0.5
251120,0.2222222222222222,0.1111111111111111,0.4444444444444444,0.2222222222222222
894858,0.03333333333333333,0.26666666666666666,0.13333333333333333,0.5666666666666667
79385,0.09615384615384616,0.3076923076923077,0.07692307692307693,0.5192307692307693
830987,0.1111111111111111,0.2222222222222222,0.3333333333333333,0.3333333333333333
1329910,0.07692307692307693,0.3076923076923077,0.6153846153846154,0.0
357634,0.06666666666666667,0.13333333333333333,0.3333333333333333,0.4666666666666667
1247930,0.125,0.375,0.25,0.25
168099,0.10526315789473684,0.05263157894736842,0.5789473684210527,0.2631578947368421
556035,0.4444444444444444,0.1111111111111111,0.2222222222222222,0.2222222222222222
1555184,0.125,0.125,0.375,0.375
213176,0.18181818181818182,0.09090909090909091,0.2727272727272727,0.45454545454545453
613221,0.1875,0.125,0.4375,0.25
339310,0.18181818181818182,0.0,0.36363636363636365,0.45454545454545453
251043,0.23076923076923078,0.07692307692307693,0.38461538461538464,0.3076923076923077
519430,0.18181818181818182,0.18181818181818182,0.2727272727272727,0.36363636363636365
65363,0.05263157894736842,0.0,0.5789473684210527,0.3684210526315789
391886,0.14285714285714285,0.21428571428571427,0.42857142857142855,0.21428571428571427
65365,0.08695652173913043,0.08695652173913043,0.43478260869565216,0.391304347826087
937874,0.07142857142857142,0.42857142857142855,0.35714285714285715,0.14285714285714285
349876,0.125,0.0,0.5,0.375
1003833,0.1,0.0,0.3,0.6
103607,0.0,0.043478260869565216,0.5217391304347826,0.43478260869565216
543506,0.19230769230769232,0.34615384615384615,0.07692307692307693,0.38461538461538464
1183843,0.0,0.08333333333333333,0.3333333333333333,0.5833333333333334
669681,0.07692307692307693,0.3076923076923077,0.23076923076923078,0.38461538461538464
117303,0.32432432432432434,0.13513513513513514,0.08108108108108109,0.4594594594594595
355330,0.19480519480519481,0.22077922077922077,0.22077922077922077,0.36363636363636365
128897,0.2564102564102564,0.0641025641025641,0.10256410256410256,0.5769230769230769
957984,0.0,0.4,0.4,0.2
322027,0.19424460431654678,0.2158273381294964,0.28776978417266186,0.302158273381295
736050,0.0,0.2777777777777778,0.25,0.4722222222222222
1425445,0.013888888888888888,0.09722222222222222,0.18055555555555555,0.7083333333333334
912115,0.0,0.6,0.2,0.2
385216,0.1,0.1,0.4,0.4
406248,0.0,0.3333333333333333,0.4166666666666667,0.25
51087,0.2857142857142857,0.07142857142857142,0.2857142857142857,0.35714285714285715
251659,0.03125,0.21875,0.46875,0.28125
423877,0.06896551724137931,0.10344827586206896,0.3793103448275862,0.4482758620689655
1536313,0.05,0.15,0.4,0.4
824553,0.0,0.3,0.1,0.6
524873,0.1,0.1,0.3,0.5
643488,0.3888888888888889,0.1111111111111111,0.0,0.5
491003,0.38461538461538464,0.11538461538461539,0.15384615384615385,0.34615384615384615
1186284,0.2857142857142857,0.21428571428571427,0.14285714285714285,0.35714285714285715
1197682,0.16666666666666666,0.25,0.25,0.3333333333333333
252232,0.07692307692307693,0.07692307692307693,0.5384615384615384,0.3076923076923077
597489,0.0,0.2222222222222222,0.3333333333333333,0.4444444444444444
415910,0.0,0.125,0.125,0.75
1085037,0.17647058823529413,0.058823529411764705,0.23529411764705882,0.5294117647058824
333045,0.0,0.03333333333333333,0.7,0.26666666666666666
818218,0.2692307692307692,0.038461538461538464,0.23076923076923078,0.46153846153846156
968634,0.16666666666666666,0.25,0.3333333333333333,0.25
204025,0.0,0.16666666666666666,0.5,0.3333333333333333
478580,0.13333333333333333,0.2,0.0,0.6666666666666666
238003,0.2,0.1,0.1,0.6
330382,0.1951219512195122,0.0975609756097561,0.2926829268292683,0.4146341463414634
86437,0.46551724137931033,0.05172413793103448,0.034482758620689655,0.4482758620689655
307098,0.08333333333333333,0.25,0.6666666666666666,0.0
1083991,0.2,0.3,0.3,0.2
1255127,0.15384615384615385,0.3076923076923077,0.07692307692307693,0.46153846153846156
148887,0.17647058823529413,0.058823529411764705,0.7058823529411765,0.058823529411764705
1185517,0.2222222222222222,0.2222222222222222,0.0,0.5555555555555556
195954,0.35714285714285715,0.21428571428571427,0.0,0.42857142857142855
465408,0.09090909090909091,0.22727272727272727,0.22727272727272727,0.45454545454545453
688228,0.1,0.1,0.2,0.6
461239,0.10416666666666667,0.22916666666666666,0.3541666666666667,0.3125
1199198,0.1,0.0,0.1,0.8
379732,0.16666666666666666,0.08333333333333333,0.5833333333333334,0.16666666666666666
436147,0.0625,0.375,0.375,0.1875
394157,0.1,0.1,0.3,0.5
1159064,0.3,0.3,0.3,0.1
505607,0.15384615384615385,0.3076923076923077,0.15384615384615385,0.38461538461538464
121486,0.11764705882352941,0.058823529411764705,0.5294117647058824,0.29411764705882354
1087423,0.16666666666666666,0.0,0.2777777777777778,0.5555555555555556
875949,0.3,0.1,0.4,0.2
525506,0.2727272727272727,0.18181818181818182,0.09090909090909091,0.45454545454545453
553963,0.15384615384615385,0.07692307692307693,0.23076923076923078,0.5384615384615384
1412328,0.08695652173913043,0.043478260869565216,0.08695652173913043,0.782608695652174
961536,0.06666666666666667,0.26666666666666666,0.4,0.26666666666666666
540987,0.07692307692307693,0.23076923076923078,0.07692307692307693,0.6153846153846154
1108220,0.18181818181818182,0.18181818181818182,0.36363636363636365,0.2727272727272727
989797,0.14285714285714285,0.2857142857142857,0.2857142857142857,0.2857142857142857
1146385,0.20833333333333334,0.20833333333333334,0.20833333333333334,0.375
933574,0.125,0.3333333333333333,0.08333333333333333,0.4583333333333333
1251017,0.125,0.25,0.125,0.5
536098,0.2222222222222222,0.1111111111111111,0.1111111111111111,0.5555555555555556
1091806,0.13333333333333333,0.06666666666666667,0.13333333333333333,0.6666666666666666
589258,0.2727272727272727,0.09090909090909091,0.22727272727272727,0.4090909090909091
491831,0.02857142857142857,0.14285714285714285,0.2857142857142857,0.5428571428571428
365235,0.25,0.125,0.25,0.375
631996,0.11764705882352941,0.23529411764705882,0.29411764705882354,0.35294117647058826
947067,0.17647058823529413,0.11764705882352941,0.17647058823529413,0.5294117647058824
726602,0.061224489795918366,0.6938775510204082,0.12244897959183673,0.12244897959183673
387796,0.09090909090909091,0.45454545454545453,0.09090909090909091,0.36363636363636365
931810,0.07692307692307693,0.3076923076923077,0.23076923076923078,0.38461538461538464
424785,0.25,0.25,0.25,0.25
1466266,0.06666666666666667,0.26666666666666666,0.2,0.4666666666666667
343443,0.1111111111111111,0.4444444444444444,0.3333333333333333,0.1111111111111111
208424,0.16666666666666666,0.08333333333333333,0.5833333333333334,0.16666666666666666
65336,0.08333333333333333,0.25,0.16666666666666666,0.5
1318144,0.08695652173913043,0.13043478260869565,0.30434782608695654,0.4782608695652174
974970,0.09090909090909091,0.09090909090909091,0.18181818181818182,0.6363636363636364
934168,0.043478260869565216,0.30434782608695654,0.34782608695652173,0.30434782608695654
974486,0.2,0.3,0.2,0.3
1314829,0.09090909090909091,0.09090909090909091,0.6363636363636364,0.18181818181818182
919721,0.15384615384615385,0.23076923076923078,0.38461538461538464,0.23076923076923078
1404691,0.07142857142857142,0.21428571428571427,0.2857142857142857,0.42857142857142855
493868,0.21428571428571427,0.07142857142857142,0.35714285714285715,0.35714285714285715
1395929,0.0,0.09090909090909091,0.45454545454545453,0.45454545454545453
547187,0.06666666666666667,0.03333333333333333,0.1,0.8
650089,0.1,0.3,0.0,0.6
1412106,0.0,0.2222222222222222,0.2222222222222222,0.5555555555555556
1369488,0.0,0.2,0.3,0.5
1482927,0.0,0.2222222222222222,0.2222222222222222,0.5555555555555556
792491,0.0,0.125,0.3125,0.5625
930396,0.18181818181818182,0.09090909090909091,0.18181818181818182,0.5454545454545454
563416,0.14285714285714285,0.14285714285714285,0.21428571428571427,0.5
1487339,0.0,0.15384615384615385,0.23076923076923078,0.6153846153846154
969585,0.058823529411764705,0.23529411764705882,0.23529411764705882,0.47058823529411764
533729,0.038461538461538464,0.15384615384615385,0.4230769230769231,0.38461538461538464
484041,0.05555555555555555,0.2222222222222222,0.4444444444444444,0.2777777777777778
659757,0.38095238095238093,0.19047619047619047,0.19047619047619047,0.23809523809523808
614391,0.03225806451612903,0.5483870967741935,0.16129032258064516,0.25806451612903225
616067,0.04,0.64,0.2,0.12
133742,0.01818181818181818,0.7272727272727273,0.14545454545454545,0.10909090909090909
185773,0.041666666666666664,0.5625,0.1875,0.20833333333333334
619458,0.25,0.125,0.1875,0.4375
1316409,0.08333333333333333,0.25,0.5,0.16666666666666666
1302603,0.0625,0.1875,0.25,0.5
1309995,0.07692307692307693,0.3076923076923077,0.3076923076923077,0.3076923076923077
934132,0.058823529411764705,0.23529411764705882,0.17647058823529413,0.5294117647058824
1290723,0.16666666666666666,0.16666666666666666,0.5,0.16666666666666666
488999,0.16666666666666666,0.25,0.3333333333333333,0.25
150237,0.013157894736842105,0.11842105263157894,0.27631578947368424,0.5921052631578947
665709,0.08333333333333333,0.08333333333333333,0.3333333333333333,0.5
1270910,0.08333333333333333,0.08333333333333333,0.5,0.3333333333333333
535871,0.1111111111111111,0.3333333333333333,0.2222222222222222,0.3333333333333333
324620,0.045454545454545456,0.3181818181818182,0.22727272727272727,0.4090909090909091
617647,0.1111111111111111,0.3333333333333333,0.1388888888888889,0.4166666666666667
998419,0.14285714285714285,0.35714285714285715,0.14285714285714285,0.35714285714285715
1107750,0.18181818181818182,0.18181818181818182,0.36363636363636365,0.2727272727272727
1243467,0.1,0.3,0.3,0.3
302902,0.25,0.125,0.375,0.25
901531,0.07692307692307693,0.46153846153846156,0.38461538461538464,0.07692307692307693
535444,0.15384615384615385,0.46153846153846156,0.07692307692307693,0.3076923076923077
1089293,0.0,0.16666666666666666,0.3333333333333333,0.5
796459,0.0,0.4,0.5,0.1
105679,0.0,0.0,0.6666666666666666,0.3333333333333333
793455,0.0,0.0,0.0,1.0
843509,0.0,0.0,0.6,0.4
745687,0.0,0.0,0.09090909090909091,0.9090909090909091
928795,0.0,0.0,0.3333333333333333,0.6666666666666666
884193,0.0,0.3333333333333333,0.3333333333333333,0.3333333333333333
165884,0.16666666666666666,0.25,0.3333333333333333,0.25
89006,0.034482758620689655,0.41379310344827586,0.3793103448275862,0.1724137931034483
314845,0.46153846153846156,0.0,0.1794871794871795,0.358974358974359
426869,0.25,0.16666666666666666,0.25,0.3333333333333333
1228184,0.0,0.0,0.6153846153846154,0.38461538461538464
791280,0.09090909090909091,0.09090909090909091,0.36363636363636365,0.45454545454545453
484208,0.08,0.24,0.24,0.44
1247924,0.06666666666666667,0.26666666666666666,0.2,0.4666666666666667
601431,0.03125,0.34375,0.15625,0.46875
682580,0.0625,0.21875,0.21875,0.5
602997,0.09090909090909091,0.24242424242424243,0.15151515151515152,0.5151515151515151
503472,0.043478260869565216,0.30434782608695654,0.21739130434782608,0.43478260869565216
684049,0.07142857142857142,0.42857142857142855,0.21428571428571427,0.2857142857142857
695066,0.25,0.25,0.25,0.25
653245,0.058823529411764705,0.47058823529411764,0.29411764705882354,0.17647058823529413
1084202,0.0,0.2777777777777778,0.1111111111111111,0.6111111111111112
665406,0.008064516129032258,0.056451612903225805,0.9032258064516129,0.03225806451612903
392570,0.10714285714285714,0.25,0.35714285714285715,0.2857142857142857
1084166,0.0,0.058823529411764705,0.3235294117647059,0.6176470588235294
228759,0.05263157894736842,0.21052631578947367,0.2631578947368421,0.47368421052631576
1084174,0.0,0.2,0.2857142857142857,0.5142857142857142
1260270,0.09090909090909091,0.36363636363636365,0.18181818181818182,0.36363636363636365
1260998,0.0,0.11764705882352941,0.35294117647058826,0.5294117647058824
995659,0.07142857142857142,0.35714285714285715,0.25,0.32142857142857145
1029393,0.08,0.44,0.12,0.36
1081665,0.05555555555555555,0.3888888888888889,0.2777777777777778,0.2777777777777778
1037196,0.125,0.0625,0.375,0.4375
1126234,0.21052631578947367,0.15789473684210525,0.2631578947368421,0.3684210526315789
931623,0.21428571428571427,0.14285714285714285,0.35714285714285715,0.2857142857142857
493446,0.0,0.2,0.36,0.44
656133,0.16666666666666666,0.16666666666666666,0.25,0.4166666666666667
901705,0.017241379310344827,0.39655172413793105,0.3620689655172414,0.22413793103448276
203903,0.1,0.16666666666666666,0.23333333333333334,0.5
408003,0.02857142857142857,0.5142857142857142,0.2,0.2571428571428571
628839,0.2857142857142857,0.2,0.3142857142857143,0.2
1143297,0.15789473684210525,0.2631578947368421,0.3157894736842105,0.2631578947368421
1207883,0.06666666666666667,0.3333333333333333,0.3333333333333333,0.26666666666666666
901971,0.034482758620689655,0.4827586206896552,0.3103448275862069,0.1724137931034483
665343,0.012345679012345678,0.4074074074074074,0.4691358024691358,0.1111111111111111
344086,0.0,0.36,0.24,0.4
648181,0.022222222222222223,0.37777777777777777,0.4666666666666667,0.13333333333333333
933696,0.041666666666666664,0.5416666666666666,0.25,0.16666666666666666
933797,0.09523809523809523,0.42857142857142855,0.2857142857142857,0.19047619047619047
1276027,0.02702702702702703,0.5135135135135135,0.2972972972972973,0.16216216216216217
693218,0.03333333333333333,0.26666666666666666,0.23333333333333334,0.4666666666666667
781393,0.019230769230769232,0.28846153846153844,0.36538461538461536,0.3269230769230769
666154,0.0847457627118644,0.3559322033898305,0.3050847457627119,0.2542372881355932
955752,0.125,0.125,0.3125,0.4375
989247,0.2,0.3,0.3,0.2
1292527,0.21428571428571427,0.35714285714285715,0.35714285714285715,0.07142857142857142
1207857,0.05555555555555555,0.5277777777777778,0.2777777777777778,0.1388888888888889
666149,0.018018018018018018,0.43243243243243246,0.36936936936936937,0.18018018018018017
750512,0.25,0.25,0.25,0.25
1022049,0.3076923076923077,0.3076923076923077,0.3076923076923077,0.07692307692307693
477435,0.19047619047619047,0.38095238095238093,0.09523809523809523,0.3333333333333333
842958,0.21428571428571427,0.21428571428571427,0.21428571428571427,0.35714285714285715
685442,0.07142857142857142,0.17857142857142858,0.2857142857142857,0.4642857142857143
667251,0.08571428571428572,0.2571428571428571,0.2,0.45714285714285713
276909,0.07894736842105263,0.2894736842105263,0.15789473684210525,0.47368421052631576
667245,0.0625,0.28125,0.28125,0.375
666145,0.08108108108108109,0.2972972972972973,0.1891891891891892,0.43243243243243246
1175024,0.125,0.08333333333333333,0.5,0.2916666666666667
836379,0.0625,0.3125,0.125,0.5
536304,0.125,0.3125,0.3125,0.25
665358,0.04081632653061224,0.32653061224489793,0.4897959183673469,0.14285714285714285
902012,0.11764705882352941,0.3235294117647059,0.4411764705882353,0.11764705882352941
1118548,0.14285714285714285,0.4642857142857143,0.14285714285714285,0.25
1207832,0.1111111111111111,0.3888888888888889,0.2777777777777778,0.2222222222222222
770703,0.017857142857142856,0.45535714285714285,0.42857142857142855,0.09821428571428571
901948,0.05263157894736842,0.5087719298245614,0.3157894736842105,0.12280701754385964
495115,0.04225352112676056,0.4084507042253521,0.352112676056338,0.19718309859154928
842967,0.21428571428571427,0.21428571428571427,0.21428571428571427,0.35714285714285715
505040,0.022222222222222223,0.4666666666666667,0.4074074074074074,0.1037037037037037
666087,0.037037037037037035,0.3333333333333333,0.42592592592592593,0.2037037037037037
901715,0.03571428571428571,0.4107142857142857,0.42857142857142855,0.125
1058576,0.045454545454545456,0.36363636363636365,0.3181818181818182,0.2727272727272727
1139868,0.11764705882352941,0.23529411764705882,0.29411764705882354,0.35294117647058826
1182916,0.15384615384615385,0.15384615384615385,0.46153846153846156,0.23076923076923078
1057757,0.043478260869565216,0.34782608695652173,0.5217391304347826,0.08695652173913043
1299364,0.05555555555555555,0.16666666666666666,0.5,0.2777777777777778
973425,0.1,0.35,0.15,0.4
989277,0.06779661016949153,0.4067796610169492,0.288135593220339,0.23728813559322035
1293061,0.011428571428571429,0.4514285714285714,0.38285714285714284,0.15428571428571428
1044229,0.03225806451612903,0.16129032258064516,0.5806451612903226,0.22580645161290322
1118742,0.045454545454545456,0.36363636363636365,0.13636363636363635,0.45454545454545453
629243,0.22727272727272727,0.045454545454545456,0.13636363636363635,0.5909090909090909
452936,0.3,0.2,0.2,0.3
842953,0.23076923076923078,0.3076923076923077,0.15384615384615385,0.3076923076923077
1003646,0.125,0.175,0.275,0.425
836430,0.045454545454545456,0.5,0.18181818181818182,0.2727272727272727
1276986,0.17647058823529413,0.29411764705882354,0.23529411764705882,0.29411764705882354
836412,0.1,0.3,0.0,0.6
723208,0.125,0.1875,0.4375,0.25
701893,0.04,0.16,0.4,0.4
666078,0.058823529411764705,0.35294117647058826,0.38235294117647056,0.20588235294117646
148854,0.08333333333333333,0.25,0.16666666666666666,0.5
666066,0.0547945205479452,0.3561643835616438,0.2602739726027397,0.3287671232876712
378786,0.10975609756097561,0.2804878048780488,0.21951219512195122,0.3902439024390244
799288,0.05,0.275,0.425,0.25
118467,0.21428571428571427,0.0,0.21428571428571427,0.5714285714285714
325045,0.014044943820224719,0.4410112359550562,0.351123595505618,0.19382022471910113
540212,0.057692307692307696,0.25,0.2692307692307692,0.4230769230769231
1002962,0.2,0.3,0.4,0.1
1162617,0.16,0.32,0.2,0.32
1137691,0.16666666666666666,0.25,0.3333333333333333,0.25
1192582,0.08333333333333333,0.16666666666666666,0.3333333333333333,0.4166666666666667
408515,0.15789473684210525,0.3684210526315789,0.15789473684210525,0.3157894736842105
859784,0.10526315789473684,0.21052631578947367,0.2631578947368421,0.42105263157894735
245357,0.11428571428571428,0.14285714285714285,0.45714285714285713,0.2857142857142857
771301,0.13333333333333333,0.3333333333333333,0.26666666666666666,0.26666666666666666
491074,0.15789473684210525,0.15789473684210525,0.3157894736842105,0.3684210526315789
953372,0.15789473684210525,0.21052631578947367,0.3684210526315789,0.2631578947368421
1012895,0.15384615384615385,0.23076923076923078,0.38461538461538464,0.23076923076923078
1062446,0.08695652173913043,0.17391304347826086,0.13043478260869565,0.6086956521739131
774865,0.16666666666666666,0.16666666666666666,0.3333333333333333,0.3333333333333333
1280470,0.03333333333333333,0.4666666666666667,0.3,0.2
1184865,0.07692307692307693,0.23076923076923078,0.15384615384615385,0.5384615384615384
1012428,0.2727272727272727,0.09090909090909091,0.09090909090909091,0.5454545454545454
1147704,0.15384615384615385,0.3076923076923077,0.23076923076923078,0.3076923076923077
774836,0.1111111111111111,0.3333333333333333,0.1111111111111111,0.4444444444444444
1258474,0.08888888888888889,0.2222222222222222,0.28888888888888886,0.4
1003565,0.047619047619047616,0.023809523809523808,0.8809523809523809,0.047619047619047616
1043887,0.02564102564102564,0.2948717948717949,0.4230769230769231,0.2564102564102564
771287,0.041666666666666664,0.3333333333333333,0.3333333333333333,0.2916666666666667
1280247,0.0,0.45454545454545453,0.2727272727272727,0.2727272727272727
490764,0.09523809523809523,0.09523809523809523,0.3333333333333333,0.47619047619047616
665571,0.041666666666666664,0.25,0.375,0.3333333333333333
1222472,0.0,0.15,0.45,0.4
296336,0.06896551724137931,0.2413793103448276,0.20689655172413793,0.4827586206896552
693154,0.07692307692307693,0.11538461538461539,0.38461538461538464,0.4230769230769231
1120376,0.0,0.28125,0.28125,0.4375
992528,0.07317073170731707,0.36585365853658536,0.14634146341463414,0.4146341463414634
968034,0.027777777777777776,0.2777777777777778,0.4166666666666667,0.2777777777777778
738373,0.01694915254237288,0.2542372881355932,0.2542372881355932,0.4745762711864407
1146784,0.05,0.3,0.25,0.4
335866,0.11666666666666667,0.36666666666666664,0.16666666666666666,0.35
1017186,0.06060606060606061,0.36363636363636365,0.15151515151515152,0.42424242424242425
1252564,0.2,0.3,0.25,0.25
536029,0.1,0.2,0.3,0.4
1252607,0.12121212121212122,0.3333333333333333,0.24242424242424243,0.30303030303030304
1237667,0.05,0.35,0.2,0.4
373320,0.05084745762711865,0.3898305084745763,0.1694915254237288,0.3898305084745763
1298329,0.046511627906976744,0.23255813953488372,0.3953488372093023,0.32558139534883723
724251,0.2222222222222222,0.16666666666666666,0.1111111111111111,0.5
155417,0.047619047619047616,0.38095238095238093,0.23809523809523808,0.3333333333333333
660166,0.0,0.5,0.16666666666666666,0.3333333333333333
445860,0.0,0.1875,0.125,0.6875
117803,0.08108108108108109,0.2702702702702703,0.21621621621621623,0.43243243243243246
876259,0.07142857142857142,0.14285714285714285,0.14285714285714285,0.6428571428571429
56212,0.037037037037037035,0.037037037037037035,0.37037037037037035,0.5555555555555556
96220,0.0,0.0,0.2727272727272727,0.7272727272727273
68963,0.0,0.1111111111111111,0.3333333333333333,0.5555555555555556
584029,0.12121212121212122,0.06060606060606061,0.30303030303030304,0.5151515151515151
388282,0.13333333333333333,0.13333333333333333,0.3333333333333333,0.4
810312,0.3333333333333333,0.3333333333333333,0.16666666666666666,0.16666666666666666
171289,0.5384615384615384,0.0,0.0,0.46153846153846156
6711659,0.031746031746031744,0.19047619047619047,0.3333333333333333,0.4444444444444444
417776,0.13333333333333333,0.2,0.13333333333333333,0.5333333333333333
630419,0.02,0.14,0.32,0.52
6735341,0.1,0.0,0.2,0.7
1316994,0.045454545454545456,0.22727272727272727,0.5,0.22727272727272727
926723,0.0,0.21739130434782608,0.5217391304347826,0.2608695652173913
1357022,0.015625,0.484375,0.171875,0.328125
1140298,0.0,0.4,0.2,0.4
392087,0.02857142857142857,0.14285714285714285,0.42857142857142855,0.4
1142781,0.13793103448275862,0.2413793103448276,0.4482758620689655,0.1724137931034483
1072422,0.07407407407407407,0.2962962962962963,0.2222222222222222,0.4074074074074074
1090566,0.0,0.4166666666666667,0.25,0.3333333333333333
943524,0.0,0.5454545454545454,0.18181818181818182,0.2727272727272727
552221,0.045454545454545456,0.13636363636363635,0.4090909090909091,0.4090909090909091
1195774,0.0,0.9285714285714286,0.07142857142857142,0.0
134631,0.08163265306122448,0.32653061224489793,0.12244897959183673,0.46938775510204084
330416,0.36363636363636365,0.0,0.0,0.6363636363636364
63502,0.06818181818181818,0.13636363636363635,0.5227272727272727,0.2727272727272727
375064,0.06896551724137931,0.20689655172413793,0.2413793103448276,0.4827586206896552
81701,0.04878048780487805,0.17073170731707318,0.18292682926829268,0.5975609756097561
278733,0.2,0.0,0.0,0.8
910523,0.05714285714285714,0.3142857142857143,0.42857142857142855,0.2
370278,0.0,0.2,0.13333333333333333,0.6666666666666666
3175035,0.08333333333333333,0.0,0.3333333333333333,0.5833333333333334
4098793,0.0,0.07692307692307693,0.46153846153846156,0.46153846153846156
654789,0.13333333333333333,0.2,0.4666666666666667,0.2
345591,0.07894736842105263,0.34210526315789475,0.21052631578947367,0.3684210526315789
1165167,0.14285714285714285,0.21428571428571427,0.6428571428571429,0.0
142799,0.0,0.25,0.25,0.5
118728,0.1,0.1,0.6,0.2
124275,0.015873015873015872,0.12698412698412698,0.3333333333333333,0.5238095238095238
557764,0.03225806451612903,0.12903225806451613,0.4838709677419355,0.3548387096774194
133639,0.0,0.09090909090909091,0.36363636363636365,0.5454545454545454
73229,0.0,0.07692307692307693,0.5,0.4230769230769231
829237,0.0,0.3684210526315789,0.3157894736842105,0.3157894736842105
761318,0.3125,0.25,0.25,0.1875
563888,0.058823529411764705,0.4117647058823529,0.35294117647058826,0.17647058823529413
117975,0.12121212121212122,0.09090909090909091,0.2727272727272727,0.5151515151515151
64874,0.1875,0.0625,0.3125,0.4375
217195,0.07692307692307693,0.3076923076923077,0.46153846153846156,0.15384615384615385
4916751,0.07692307692307693,0.07692307692307693,0.3076923076923077,0.5384615384615384
6989416,0.0,0.0,1.0,0.0
6212206,0.08333333333333333,0.08333333333333333,0.4166666666666667,0.4166666666666667
6098867,0.0,0.0,0.25,0.75
164909,0.1,0.0,0.2,0.7
5074524,0.0,0.3333333333333333,0.3333333333333333,0.3333333333333333
1526024,0.0,0.2,0.8,0.0
4881004,0.0,0.6111111111111112,0.05555555555555555,0.3333333333333333
619609,0.25,0.08333333333333333,0.25,0.4166666666666667
7256052,0.0,0.5625,0.1875,0.25
1113981,0.058823529411764705,0.17647058823529413,0.29411764705882354,0.47058823529411764
1098931,0.023809523809523808,0.16666666666666666,0.3333333333333333,0.47619047619047616
968985,0.0851063829787234,0.0851063829787234,0.3191489361702128,0.5106382978723404
1595680,0.0,0.47058823529411764,0.35294117647058826,0.17647058823529413
5397476,0.019867549668874173,0.24503311258278146,0.6688741721854304,0.06622516556291391
6456035,0.012345679012345678,0.4444444444444444,0.4444444444444444,0.09876543209876543
5926449,0.0,0.574468085106383,0.3829787234042553,0.0425531914893617
5783890,0.0,0.5238095238095238,0.40476190476190477,0.07142857142857142
6487061,0.0,0.25,0.5625,0.1875
392080,0.0,0.34375,0.46875,0.1875
1404518,0.16666666666666666,0.25,0.5,0.08333333333333333
151689,0.2,0.25,0.2,0.35
349389,0.08695652173913043,0.34782608695652173,0.34782608695652173,0.21739130434782608
5523615,0.03125,0.4375,0.5,0.03125
178167,0.0,0.125,0.375,0.5
392063,0.0,0.22727272727272727,0.45454545454545453,0.3181818181818182
6379849,0.1111111111111111,0.2222222222222222,0.5555555555555556,0.1111111111111111
3433549,0.3333333333333333,0.2222222222222222,0.2222222222222222,0.2222222222222222
6259247,0.0,0.29411764705882354,0.5882352941176471,0.11764705882352941
6593454,0.25,0.0,0.75,0.0
6379807,0.047619047619047616,0.09523809523809523,0.47619047619047616,0.38095238095238093
306778,0.0,0.09090909090909091,0.5454545454545454,0.36363636363636365
145919,0.0,0.25,0.25,0.5
216990,0.0,0.3,0.4,0.3
419135,0.037037037037037035,0.25925925925925924,0.25925925925925924,0.4444444444444444
1587708,0.0,0.125,0.0625,0.8125
6361740,0.0,0.2,0.4,0.4
1338676,0.08333333333333333,0.16666666666666666,0.25,0.5
488537,0.05555555555555555,0.3333333333333333,0.3888888888888889,0.2222222222222222
6369907,0.10526315789473684,0.3157894736842105,0.21052631578947367,0.3684210526315789
6370043,0.0,0.26666666666666666,0.3333333333333333,0.4
216603,0.03571428571428571,0.4642857142857143,0.35714285714285715,0.14285714285714285
4910393,0.0,0.375,0.5625,0.0625
3803300,0.08333333333333333,0.3333333333333333,0.3333333333333333,0.25
242045,0.0,0.3076923076923077,0.3076923076923077,0.38461538461538464
1400661,0.0,0.13636363636363635,0.36363636363636365,0.5
1872931,0.0,0.4,0.4,0.2
1257084,0.18181818181818182,0.18181818181818182,0.45454545454545453,0.18181818181818182
1317000,0.03333333333333333,0.2,0.43333333333333335,0.3333333333333333
6549475,0.031746031746031744,0.3492063492063492,0.1746031746031746,0.4444444444444444
3232473,0.0,0.125,0.75,0.125
192788,0.031746031746031744,0.6190476190476191,0.21428571428571427,0.1349206349206349
6362683,0.0,0.3611111111111111,0.25,0.3888888888888889
6362698,0.029411764705882353,0.3235294117647059,0.3235294117647059,0.3235294117647059
158556,0.03571428571428571,0.2857142857142857,0.03571428571428571,0.6428571428571429
323345,0.10256410256410256,0.15384615384615385,0.2564102564102564,0.48717948717948717
268785,0.1875,0.1875,0.0625,0.5625
1215965,0.06451612903225806,0.4838709677419355,0.2903225806451613,0.16129032258064516
3165632,0.12,0.26,0.16,0.46
323367,0.0392156862745098,0.3137254901960784,0.23529411764705882,0.4117647058823529
835989,0.023809523809523808,0.35714285714285715,0.2857142857142857,0.3333333333333333
1489034,0.0,0.08571428571428572,0.6285714285714286,0.2857142857142857
1182015,0.0425531914893617,0.5319148936170213,0.23404255319148937,0.19148936170212766
1130734,0.05555555555555555,0.4166666666666667,0.3611111111111111,0.16666666666666666
6347279,0.11764705882352941,0.11764705882352941,0.11764705882352941,0.6470588235294118
6547728,0.07692307692307693,0.46153846153846156,0.3076923076923077,0.15384615384615385
387113,0.04,0.36,0.24,0.36
1443685,0.0,0.1,0.5,0.4
6370021,0.09090909090909091,0.2727272727272727,0.2727272727272727,0.36363636363636365
1516373,0.05,0.25,0.3,0.4
1385986,0.0,0.3157894736842105,0.42105263157894735,0.2631578947368421
1104403,0.05555555555555555,0.16666666666666666,0.3888888888888889,0.3888888888888889
661061,0.05,0.325,0.35,0.275
1379940,0.1,0.25,0.35,0.3
661090,0.15789473684210525,0.2631578947368421,0.15789473684210525,0.42105263157894735
870533,0.10810810810810811,0.2972972972972973,0.2702702702702703,0.32432432432432434
3237060,0.04,0.28,0.24,0.44
3638596,0.041666666666666664,0.16666666666666666,0.375,0.4166666666666667
5981089,0.17647058823529413,0.29411764705882354,0.35294117647058826,0.17647058823529413
1164983,0.16129032258064516,0.25806451612903225,0.1935483870967742,0.3870967741935484
646845,0.20689655172413793,0.3448275862068966,0.3103448275862069,0.13793103448275862
167593,0.2222222222222222,0.2962962962962963,0.2222222222222222,0.25925925925925924
638388,0.1794871794871795,0.15384615384615385,0.358974358974359,0.3076923076923077
902135,0.18181818181818182,0.21212121212121213,0.30303030303030304,0.30303030303030304
1216708,0.14814814814814814,0.2962962962962963,0.14814814814814814,0.4074074074074074
5888231,0.11764705882352941,0.35294117647058826,0.29411764705882354,0.23529411764705882
130535,0.36363636363636365,0.0,0.45454545454545453,0.18181818181818182
363028,0.08333333333333333,0.25,0.3333333333333333,0.3333333333333333
691323,0.2,0.1,0.6,0.1
1064485,0.07142857142857142,0.07142857142857142,0.42857142857142855,0.42857142857142855
52668,0.25,0.1,0.35,0.3
1037382,0.14285714285714285,0.35714285714285715,0.42857142857142855,0.07142857142857142
127190,0.0,0.26666666666666666,0.3333333333333333,0.4
66193,0.4,0.2,0.2,0.2
1083707,0.16666666666666666,0.16666666666666666,0.4166666666666667,0.25
114995,0.16666666666666666,0.1111111111111111,0.3333333333333333,0.3888888888888889
60185,0.1,0.3,0.2,0.4
1099703,0.1111111111111111,0.1111111111111111,0.0,0.7777777777777778
3445726,0.11764705882352941,0.058823529411764705,0.11764705882352941,0.7058823529411765
6181849,0.25,0.08333333333333333,0.0,0.6666666666666666
842324,0.1111111111111111,0.2222222222222222,0.2222222222222222,0.4444444444444444
1409317,0.08333333333333333,0.3333333333333333,0.25,0.3333333333333333
5574764,0.0,0.21428571428571427,0.2857142857142857,0.5
5842409,0.1111111111111111,0.1111111111111111,0.4444444444444444,0.3333333333333333
745140,0.26666666666666666,0.06666666666666667,0.3333333333333333,0.3333333333333333
678614,0.06666666666666667,0.43333333333333335,0.36666666666666664,0.13333333333333333
897809,0.2,0.0,0.3333333333333333,0.4666666666666667
540046,0.16666666666666666,0.08333333333333333,0.3333333333333333,0.4166666666666667
66206,0.0,0.3333333333333333,0.3333333333333333,0.3333333333333333
3944737,0.0,0.3181818181818182,0.045454545454545456,0.6363636363636364
3211821,0.0,0.5714285714285714,0.07142857142857142,0.35714285714285715
6517209,0.07692307692307693,0.38461538461538464,0.23076923076923078,0.3076923076923077
606307,0.10714285714285714,0.10714285714285714,0.2857142857142857,0.5
774970,0.23076923076923078,0.07692307692307693,0.3076923076923077,0.38461538461538464
973746,0.0,0.17391304347826086,0.5217391304347826,0.30434782608695654
816346,0.11764705882352941,0.11764705882352941,0.4117647058823529,0.35294117647058826
6157812,0.0,0.2857142857142857,0.38095238095238093,0.3333333333333333
66197,0.5,0.13636363636363635,0.13636363636363635,0.22727272727272727
5421890,0.0,0.28,0.08,0.64
367920,0.06060606060606061,0.36363636363636365,0.36363636363636365,0.21212121212121213
1392864,0.14285714285714285,0.0,0.2857142857142857,0.5714285714285714
1571441,0.08333333333333333,0.25,0.25,0.4166666666666667
61010,0.05,0.25,0.4,0.3
56538,0.11538461538461539,0.28846153846153844,0.23076923076923078,0.36538461538461536
882923,0.09090909090909091,0.36363636363636365,0.2727272727272727,0.2727272727272727
5400525,0.0,0.2727272727272727,0.18181818181818182,0.5454545454545454
127302,0.0,0.32,0.32,0.36
1338362,0.17647058823529413,0.17647058823529413,0.2647058823529412,0.38235294117647056
4214785,0.3,0.1,0.3,0.3
137920,0.045454545454545456,0.2727272727272727,0.09090909090909091,0.5909090909090909
5092166,0.1111111111111111,0.1111111111111111,0.2222222222222222,0.5555555555555556
647792,0.09090909090909091,0.18181818181818182,0.2727272727272727,0.45454545454545453
889555,0.07142857142857142,0.07142857142857142,0.5,0.35714285714285715
1478590,0.06666666666666667,0.3333333333333333,0.3333333333333333,0.26666666666666666
6744551,0.005813953488372093,0.6511627906976745,0.16279069767441862,0.18023255813953487
7324732,0.0,0.5606060606060606,0.030303030303030304,0.4090909090909091
6271602,0.009433962264150943,0.42452830188679247,0.1509433962264151,0.41509433962264153
6777541,0.0449438202247191,0.39325842696629215,0.056179775280898875,0.5056179775280899
6805871,0.05263157894736842,0.14473684210526316,0.10526315789473684,0.6973684210526315
7037546,0.0,0.3939393939393939,0.10606060606060606,0.5
6740881,0.37857142857142856,0.15714285714285714,0.04285714285714286,0.42142857142857143
219105,0.038461538461538464,0.6153846153846154,0.15384615384615385,0.19230769230769232
311315,0.0,0.3333333333333333,0.26666666666666666,0.4
6930462,0.0,0.2857142857142857,0.5714285714285714,0.14285714285714285
6377089,0.13333333333333333,0.26666666666666666,0.26666666666666666,0.3333333333333333
163500,0.18181818181818182,0.36363636363636365,0.09090909090909091,0.36363636363636365
1223074,0.09090909090909091,0.09090909090909091,0.09090909090909091,0.7272727272727273
5118701,0.11764705882352941,0.4117647058823529,0.23529411764705882,0.23529411764705882
7375684,0.0,0.0,0.4444444444444444,0.5555555555555556
6632699,0.1,0.1,0.7,0.1
168564,0.03389830508474576,0.2542372881355932,0.288135593220339,0.423728813559322
1317680,0.0,0.1111111111111111,0.4444444444444444,0.4444444444444444
173392,0.0,0.45454545454545453,0.3181818181818182,0.22727272727272727
6351802,0.09090909090909091,0.13636363636363635,0.2727272727272727,0.5
514595,0.02702702702702703,0.2972972972972973,0.32432432432432434,0.35135135135135137
1405974,0.0,0.4074074074074074,0.37037037037037035,0.2222222222222222
130266,0.014492753623188406,0.2463768115942029,0.42028985507246375,0.3188405797101449
958633,0.08333333333333333,0.4166666666666667,0.25,0.25
784452,0.0,0.21428571428571427,0.07142857142857142,0.7142857142857143
975068,0.18181818181818182,0.36363636363636365,0.18181818181818182,0.2727272727272727
975040,0.07692307692307693,0.46153846153846156,0.07692307692307693,0.38461538461538464
828513,0.0,0.025,0.525,0.45
774792,0.0,0.2777777777777778,0.3333333333333333,0.3888888888888889
877747,0.0,0.14285714285714285,0.2857142857142857,0.5714285714285714
127254,0.05263157894736842,0.3157894736842105,0.3157894736842105,0.3157894736842105
1103786,0.1111111111111111,0.3333333333333333,0.5555555555555556,0.0
1149060,0.14285714285714285,0.07142857142857142,0.21428571428571427,0.5714285714285714
1405586,0.07142857142857142,0.0,0.2857142857142857,0.6428571428571429
576596,0.057971014492753624,0.17391304347826086,0.391304347826087,0.37681159420289856
1415145,0.1111111111111111,0.2777777777777778,0.1111111111111111,0.5
551023,0.0,0.25,0.4166666666666667,0.3333333333333333
130844,0.09090909090909091,0.29545454545454547,0.4090909090909091,0.20454545454545456
1199900,0.1875,0.1875,0.25,0.375
66710,0.21428571428571427,0.14285714285714285,0.07142857142857142,0.5714285714285714
691333,0.16666666666666666,0.08333333333333333,0.25,0.5
895742,0.17647058823529413,0.4117647058823529,0.11764705882352941,0.29411764705882354
720667,0.13043478260869565,0.17391304347826086,0.13043478260869565,0.5652173913043478
728125,0.1111111111111111,0.1111111111111111,0.2777777777777778,0.5
157285,0.14285714285714285,0.21428571428571427,0.21428571428571427,0.42857142857142855
1118731,0.0,0.25,0.45,0.3
288025,0.23076923076923078,0.5384615384615384,0.0,0.23076923076923078
3404616,0.3333333333333333,0.2,0.06666666666666667,0.4
2970017,0.0,0.3076923076923077,0.34615384615384615,0.34615384615384615
55356,0.1,0.1,0.3,0.5
381870,0.09090909090909091,0.2727272727272727,0.18181818181818182,0.45454545454545453
831542,0.11764705882352941,0.17647058823529413,0.23529411764705882,0.47058823529411764
307229,0.10344827586206896,0.2413793103448276,0.1724137931034483,0.4827586206896552
692475,0.02631578947368421,0.13157894736842105,0.23684210526315788,0.6052631578947368
6417480,0.1,0.2,0.3,0.4
1095044,0.1111111111111111,0.1111111111111111,0.2777777777777778,0.5
6856186,0.0,0.07692307692307693,0.5384615384615384,0.38461538461538464
6440138,0.0,0.4,0.4,0.2
1404914,0.0,0.11764705882352941,0.23529411764705882,0.6470588235294118
6723472,0.18181818181818182,0.09090909090909091,0.36363636363636365,0.36363636363636365
4388977,0.1,0.4,0.2,0.3
6978984,0.08333333333333333,0.75,0.16666666666666666,0.0
6821258,0.22727272727272727,0.045454545454545456,0.3181818181818182,0.4090909090909091
7112176,0.13333333333333333,0.26666666666666666,0.4,0.2
917598,0.125,0.3125,0.4375,0.125
1470995,0.03225806451612903,0.5483870967741935,0.3870967741935484,0.03225806451612903
1483655,0.08333333333333333,0.25,0.25,0.4166666666666667
6407690,0.0,0.1,0.3,0.6
6812635,0.0,0.7647058823529411,0.17647058823529413,0.058823529411764705
7146267,0.28125,0.09375,0.25,0.375
7329278,0.14285714285714285,0.07142857142857142,0.5,0.2857142857142857
6985655,0.1,0.2,0.4,0.3
6743185,0.07692307692307693,0.23076923076923078,0.46153846153846156,0.23076923076923078
6733630,0.1,0.2,0.3,0.4
1189548,0.1111111111111111,0.1111111111111111,0.6666666666666666,0.1111111111111111
6932585,0.05555555555555555,0.2222222222222222,0.4444444444444444,0.2777777777777778
6954371,0.2,0.2,0.4,0.2
6845126,0.05555555555555555,0.3333333333333333,0.3888888888888889,0.2222222222222222
6658258,0.0,0.18181818181818182,0.5454545454545454,0.2727272727272727
6806830,0.15,0.05,0.35,0.45
3493726,0.25,0.08333333333333333,0.25,0.4166666666666667
1554626,0.35714285714285715,0.07142857142857142,0.07142857142857142,0.5
6360387,0.0,0.5,0.1875,0.3125
1549961,0.0,0.4090909090909091,0.36363636363636365,0.22727272727272727
6883425,0.11764705882352941,0.058823529411764705,0.5882352941176471,0.23529411764705882
327504,0.10526315789473684,0.21052631578947367,0.23684210526315788,0.4473684210526316
6668460,0.06666666666666667,0.13333333333333333,0.6666666666666666,0.13333333333333333
6852038,0.1,0.3,0.5,0.1
6779628,0.0,0.25,0.5,0.25
6797415,0.0,0.16666666666666666,0.5,0.3333333333333333
223260,0.2,0.24,0.2,0.36
4670577,0.05172413793103448,0.46551724137931033,0.3620689655172414,0.1206896551724138
1066506,0.05,0.45,0.25,0.25
1557911,0.0,0.25,0.125,0.625
1322048,0.03508771929824561,0.3508771929824561,0.43859649122807015,0.17543859649122806
4623944,0.1,0.3,0.4,0.2
1466928,0.08333333333333333,0.25,0.5,0.16666666666666666
1288605,0.0,0.5,0.25,0.25
1362528,0.09090909090909091,0.36363636363636365,0.2727272727272727,0.2727272727272727
192718,0.07142857142857142,0.2857142857142857,0.42857142857142855,0.21428571428571427
6559618,0.0,0.8899082568807339,0.01834862385321101,0.09174311926605505
65304,0.13043478260869565,0.17391304347826086,0.08695652173913043,0.6086956521739131
975279,0.1,0.1,0.4,0.4
1703170,0.15384615384615385,0.23076923076923078,0.3076923076923077,0.3076923076923077
1381092,0.0,0.0,0.8571428571428571,0.14285714285714285
547147,0.058823529411764705,0.47058823529411764,0.11764705882352941,0.35294117647058826
545404,0.025,0.075,0.35,0.55
508874,0.0,0.0625,0.6875,0.25
558620,0.0,0.0,0.6666666666666666,0.3333333333333333
5989879,0.1,0.4,0.5,0.0
6259193,0.037037037037037035,0.2962962962962963,0.48148148148148145,0.18518518518518517
1196504,0.18181818181818182,0.2727272727272727,0.2727272727272727,0.2727272727272727
4615278,0.043478260869565216,0.30434782608695654,0.2608695652173913,0.391304347826087
6612016,0.1,0.3,0.5,0.1
6596966,0.1,0.3,0.4,0.2
6594401,0.07142857142857142,0.21428571428571427,0.35714285714285715,0.35714285714285715
6611990,0.041666666666666664,0.2916666666666667,0.5,0.16666666666666666
6616994,0.08333333333333333,0.3333333333333333,0.4166666666666667,0.16666666666666666
6611945,0.047619047619047616,0.2857142857142857,0.42857142857142855,0.23809523809523808
6598868,0.15,0.05,0.45,0.35
6352654,0.15384615384615385,0.23076923076923078,0.3076923076923077,0.3076923076923077
6559891,0.0,0.14285714285714285,0.21428571428571427,0.6428571428571429
6551585,0.1,0.4,0.4,0.1
2569339,0.10344827586206896,0.3793103448275862,0.3103448275862069,0.20689655172413793
6462687,0.0625,0.1875,0.375,0.375
6462661,0.05555555555555555,0.1111111111111111,0.4444444444444444,0.3888888888888889
6462716,0.09090909090909091,0.2727272727272727,0.36363636363636365,0.2727272727272727
6555494,0.09090909090909091,0.21212121212121213,0.30303030303030304,0.3939393939393939
451560,0.0,0.26666666666666666,0.13333333333333333,0.6
5535053,0.10526315789473684,0.10526315789473684,0.5263157894736842,0.2631578947368421
6462882,0.3076923076923077,0.07692307692307693,0.38461538461538464,0.23076923076923078
504790,0.0,0.14285714285714285,0.21428571428571427,0.6428571428571429
6544660,0.1,0.3,0.3,0.3
4777451,0.1,0.4,0.2,0.3
323350,0.06557377049180328,0.29508196721311475,0.14754098360655737,0.4918032786885246
1268674,0.42857142857142855,0.0,0.14285714285714285,0.42857142857142855
1298693,0.09090909090909091,0.2727272727272727,0.09090909090909091,0.5454545454545454
237111,0.4,0.08,0.16,0.36
1276884,0.1111111111111111,0.1111111111111111,0.2222222222222222,0.5555555555555556
2556623,0.0,0.2,0.6,0.2
722332,0.0,0.07692307692307693,0.3076923076923077,0.6153846153846154
1396654,0.07692307692307693,0.07692307692307693,0.23076923076923078,0.6153846153846154
1254444,0.17647058823529413,0.17647058823529413,0.11764705882352941,0.5294117647058824
1316259,0.11594202898550725,0.07729468599033816,0.19806763285024154,0.6086956521739131
1248863,0.0,0.3,0.5,0.2
546514,0.11764705882352941,0.0,0.23529411764705882,0.6470588235294118
1293344,0.0,0.17647058823529413,0.7058823529411765,0.11764705882352941
1220526,0.2,0.2,0.6,0.0
1411674,0.0,0.3888888888888889,0.2777777777777778,0.3333333333333333
2788658,0.20357142857142857,0.039285714285714285,0.2642857142857143,0.4928571428571429
322420,0.0,0.3076923076923077,0.6153846153846154,0.07692307692307693
1373176,0.047619047619047616,0.09523809523809523,0.5238095238095238,0.3333333333333333
5687583,0.0,0.0,0.3,0.7
377484,0.14285714285714285,0.0,0.2857142857142857,0.5714285714285714
1400413,0.0,0.11764705882352941,0.5294117647058824,0.35294117647058826
1444440,0.1111111111111111,0.1111111111111111,0.3333333333333333,0.4444444444444444
995493,0.0,0.2857142857142857,0.42857142857142855,0.2857142857142857
169068,0.14285714285714285,0.21428571428571427,0.21428571428571427,0.42857142857142855
697854,0.13043478260869565,0.3333333333333333,0.2753623188405797,0.2608695652173913
584763,0.05357142857142857,0.47023809523809523,0.25,0.2261904761904762
159016,0.0,0.5,0.4,0.1
223102,0.058823529411764705,0.058823529411764705,0.058823529411764705,0.8235294117647058
296109,0.29411764705882354,0.29411764705882354,0.29411764705882354,0.11764705882352941
1312094,0.047619047619047616,0.23809523809523808,0.19047619047619047,0.5238095238095238
160049,0.06666666666666667,0.15555555555555556,0.4,0.37777777777777777
6135629,0.0,0.2222222222222222,0.3333333333333333,0.4444444444444444
1528091,0.034482758620689655,0.20689655172413793,0.41379310344827586,0.3448275862068966
6413319,0.0,0.125,0.375,0.5
5915495,0.6,0.1,0.1,0.2
173675,0.12903225806451613,0.22580645161290322,0.25806451612903225,0.3870967741935484
609621,0.0,0.125,0.5,0.375
605222,0.0,0.2,0.2,0.6
148528,0.0,0.5833333333333334,0.3333333333333333,0.08333333333333333
68343,0.0,0.2,0.4,0.4
1739022,0.0,0.3125,0.25,0.4375
408531,0.125,0.375,0.375,0.125
1185216,0.07142857142857142,0.21428571428571427,0.14285714285714285,0.5714285714285714
806880,0.08333333333333333,0.16666666666666666,0.25,0.5
450734,0.0,0.1111111111111111,0.2222222222222222,0.6666666666666666
6133656,0.06666666666666667,0.4,0.06666666666666667,0.4666666666666667
5945030,0.0,0.25,0.25,0.5
3507491,0.0,0.07692307692307693,0.23076923076923078,0.6923076923076923
727210,0.004347826086956522,0.391304347826087,0.5652173913043478,0.0391304347826087
1036715,0.041666666666666664,0.20833333333333334,0.25,0.5
553454,0.029411764705882353,0.20588235294117646,0.35294117647058826,0.4117647058823529
6437920,0.2777777777777778,0.05555555555555555,0.05555555555555555,0.6111111111111112
882951,0.08333333333333333,0.25,0.3333333333333333,0.3333333333333333
437615,0.06666666666666667,0.2222222222222222,0.5333333333333333,0.17777777777777778
614183,0.046511627906976744,0.20930232558139536,0.23255813953488372,0.5116279069767442
1499950,0.21428571428571427,0.2857142857142857,0.14285714285714285,0.35714285714285715
378524,0.08695652173913043,0.2608695652173913,0.17391304347826086,0.4782608695652174
1554951,0.1111111111111111,0.4444444444444444,0.2222222222222222,0.2222222222222222
6479031,0.09090909090909091,0.18181818181818182,0.18181818181818182,0.5454545454545454
97927,0.0,0.42105263157894735,0.10526315789473684,0.47368421052631576
1104518,0.03333333333333333,0.3,0.16666666666666666,0.5
610541,0.04,0.44,0.08,0.44
912385,0.038461538461538464,0.38461538461538464,0.11538461538461539,0.46153846153846156
3836293,0.0,0.4375,0.125,0.4375
6103036,0.1,0.5,0.3,0.1
6117029,0.0,0.3125,0.3125,0.375
3869924,0.0,0.5,0.1,0.4
79578,0.125,0.25,0.125,0.5
1321781,0.1111111111111111,0.3333333333333333,0.2777777777777778,0.2777777777777778
4682955,0.07692307692307693,0.38461538461538464,0.23076923076923078,0.3076923076923077
1444871,0.07692307692307693,0.3076923076923077,0.3076923076923077,0.3076923076923077
1998239,0.21428571428571427,0.14285714285714285,0.35714285714285715,0.2857142857142857
2204258,0.07692307692307693,0.38461538461538464,0.15384615384615385,0.38461538461538464
1758863,0.125,0.1875,0.1875,0.5
674025,0.0,0.25,0.25,0.5
1079047,0.06666666666666667,0.2,0.4,0.3333333333333333
3525105,0.24,0.2,0.4,0.16
323361,0.09722222222222222,0.3055555555555556,0.125,0.4722222222222222
3296510,0.1,0.1,0.1,0.7
5027358,0.06666666666666667,0.2,0.4,0.3333333333333333
6353483,0.23529411764705882,0.0,0.47058823529411764,0.29411764705882354
1598132,0.5,0.0,0.0,0.5
3712422,0.2,0.1,0.5,0.2
117857,0.0,0.07692307692307693,0.5384615384615384,0.38461538461538464
876889,0.0,0.2222222222222222,0.3333333333333333,0.4444444444444444
4253280,0.1111111111111111,0.1111111111111111,0.4444444444444444,0.3333333333333333
6437474,0.18181818181818182,0.18181818181818182,0.36363636363636365,0.2727272727272727
1290978,0.0,0.375,0.125,0.5
1446880,0.0,0.07692307692307693,0.23076923076923078,0.6923076923076923
1960650,0.0,0.36363636363636365,0.18181818181818182,0.45454545454545453
2248947,0.1,0.3,0.3,0.3
145324,0.045454545454545456,0.18181818181818182,0.3181818181818182,0.45454545454545453
654031,0.09090909090909091,0.18181818181818182,0.09090909090909091,0.6363636363636364
707606,0.07692307692307693,0.0,0.23076923076923078,0.6923076923076923
1142290,0.1,0.0,0.3,0.6
156062,0.058823529411764705,0.17647058823529413,0.23529411764705882,0.5294117647058824
2182269,0.06666666666666667,0.13333333333333333,0.26666666666666666,0.5333333333333333
4196922,0.1,0.3,0.3,0.3
1057751,0.0,0.2,0.5,0.3
1546306,0.0,0.08333333333333333,0.5833333333333334,0.3333333333333333
358466,0.0,0.0,0.5555555555555556,0.4444444444444444
571020,0.21052631578947367,0.0,0.3684210526315789,0.42105263157894735
358054,0.14285714285714285,0.0,0.35714285714285715,0.5
5615712,0.1016949152542373,0.05084745762711865,0.13559322033898305,0.711864406779661
418094,0.01098901098901099,0.27472527472527475,0.46153846153846156,0.25274725274725274
720453,0.047619047619047616,0.3333333333333333,0.47619047619047616,0.14285714285714285
1559782,0.034482758620689655,0.5517241379310345,0.2413793103448276,0.1724137931034483
379254,0.03125,0.28125,0.1875,0.5
558449,0.04,0.16,0.52,0.28
1299386,0.0625,0.25,0.375,0.3125
6381019,0.0,0.1,0.3,0.6
84476,0.0,0.07692307692307693,0.5769230769230769,0.34615384615384615
1213034,0.07142857142857142,0.21428571428571427,0.5,0.21428571428571427
5118851,0.08571428571428572,0.4,0.37142857142857144,0.14285714285714285
6373807,0.11764705882352941,0.11764705882352941,0.5882352941176471,0.17647058823529413
6377982,0.18181818181818182,0.18181818181818182,0.45454545454545453,0.18181818181818182
875930,0.1111111111111111,0.1111111111111111,0.6666666666666666,0.1111111111111111
654022,0.043478260869565216,0.13043478260869565,0.43478260869565216,0.391304347826087
4099227,0.09090909090909091,0.09090909090909091,0.2727272727272727,0.5454545454545454
679044,0.0,0.09523809523809523,0.2857142857142857,0.6190476190476191
3223231,0.0,0.1111111111111111,0.3888888888888889,0.5
2948578,0.07142857142857142,0.0,0.42857142857142855,0.5
1371709,0.1,0.4,0.2,0.3
573423,0.09375,0.1875,0.28125,0.4375
720026,0.0,0.2608695652173913,0.43478260869565216,0.30434782608695654
1540499,0.058823529411764705,0.11764705882352941,0.23529411764705882,0.5882352941176471
5074498,0.09090909090909091,0.36363636363636365,0.09090909090909091,0.45454545454545453
574298,0.12,0.16,0.4,0.32
193863,0.0,0.0,0.38461538461538464,0.6153846153846154
1209095,0.09090909090909091,0.09090909090909091,0.22727272727272727,0.5909090909090909
345538,0.1111111111111111,0.16666666666666666,0.2222222222222222,0.5
198809,0.05,0.4,0.35,0.2
792174,0.058823529411764705,0.23529411764705882,0.11764705882352941,0.5882352941176471
4696255,0.07142857142857142,0.14285714285714285,0.14285714285714285,0.6428571428571429
795796,0.0,0.3333333333333333,0.2222222222222222,0.4444444444444444
1556010,0.0,0.2,0.5,0.3
2242702,0.2,0.3,0.1,0.4
910630,0.009900990099009901,0.5643564356435643,0.33663366336633666,0.0891089108910891
3897811,0.058823529411764705,0.17647058823529413,0.35294117647058826,0.4117647058823529
799042,0.125,0.0,0.375,0.5
6141485,0.1,0.1,0.2,0.6
576600,0.0,0.2222222222222222,0.4444444444444444,0.3333333333333333
6358187,0.14285714285714285,0.14285714285714285,0.14285714285714285,0.5714285714285714
882599,0.13333333333333333,0.13333333333333333,0.4,0.3333333333333333
3377731,0.0,0.16666666666666666,0.5,0.3333333333333333
5365672,0.1,0.0,0.4,0.5
5332652,0.0,0.09090909090909091,0.2727272727272727,0.6363636363636364
393178,0.125,0.20833333333333334,0.2916666666666667,0.375
1566516,0.2,0.3,0.3,0.2
1310591,0.18181818181818182,0.2727272727272727,0.13636363636363635,0.4090909090909091
1325444,0.07142857142857142,0.11904761904761904,0.38095238095238093,0.42857142857142855
1416045,0.1111111111111111,0.4444444444444444,0.2222222222222222,0.2222222222222222
1478698,0.11764705882352941,0.4117647058823529,0.4117647058823529,0.058823529411764705
6360637,0.05,0.3,0.3,0.35
6360396,0.0,0.7777777777777778,0.1111111111111111,0.1111111111111111
1405174,0.08,0.44,0.28,0.2
1432359,0.044444444444444446,0.7555555555555555,0.044444444444444446,0.15555555555555556
6403432,0.14285714285714285,0.21428571428571427,0.42857142857142855,0.21428571428571427
1762951,0.06451612903225806,0.12903225806451613,0.0967741935483871,0.7096774193548387
692986,0.19230769230769232,0.19230769230769232,0.34615384615384615,0.2692307692307692
1439473,0.07692307692307693,0.3076923076923077,0.23076923076923078,0.38461538461538464
349365,0.07142857142857142,0.2857142857142857,0.14285714285714285,0.5
631637,0.05263157894736842,0.21052631578947367,0.2631578947368421,0.47368421052631576
931574,0.0,0.21428571428571427,0.2857142857142857,0.5
845612,0.09090909090909091,0.09090909090909091,0.15151515151515152,0.6666666666666666
763467,0.08333333333333333,0.20833333333333334,0.125,0.5833333333333334
408760,0.125,0.125,0.375,0.375
373184,0.1,0.5,0.2,0.2
1234555,0.08333333333333333,0.0,0.3333333333333333,0.5833333333333334
1234554,0.1111111111111111,0.1111111111111111,0.3333333333333333,0.4444444444444444
1083223,0.09090909090909091,0.2727272727272727,0.36363636363636365,0.2727272727272727
631165,0.125,0.25,0.25,0.375
1375593,0.25,0.08333333333333333,0.16666666666666666,0.5
958525,0.1,0.0,0.3,0.6
1434698,0.045454545454545456,0.45454545454545453,0.045454545454545456,0.45454545454545453
1259027,0.03636363636363636,0.2727272727272727,0.10909090909090909,0.5818181818181818
1528648,0.125,0.125,0.125,0.625
763382,0.07692307692307693,0.19230769230769232,0.19230769230769232,0.5384615384615384
435733,0.05555555555555555,0.2777777777777778,0.16666666666666666,0.5
790910,0.02564102564102564,0.3076923076923077,0.10256410256410256,0.5641025641025641
3870046,0.08333333333333333,0.6666666666666666,0.08333333333333333,0.16666666666666666
4339105,0.0,0.3333333333333333,0.2777777777777778,0.3888888888888889
610437,0.043478260869565216,0.30434782608695654,0.13043478260869565,0.5217391304347826
3345646,0.125,0.125,0.25,0.5
145590,0.02702702702702703,0.1891891891891892,0.21621621621621623,0.5675675675675675
364119,0.05555555555555555,0.2222222222222222,0.16666666666666666,0.5555555555555556
904088,0.0,0.3333333333333333,0.25,0.4166666666666667
3285346,0.0,0.2857142857142857,0.3333333333333333,0.38095238095238093
1597258,0.0,0.2631578947368421,0.15789473684210525,0.5789473684210527
4337872,0.2558139534883721,0.023255813953488372,0.13953488372093023,0.5813953488372093
4879667,0.09090909090909091,0.13636363636363635,0.36363636363636365,0.4090909090909091
1828238,0.058823529411764705,0.11764705882352941,0.17647058823529413,0.6470588235294118
300849,0.16666666666666666,0.16666666666666666,0.16666666666666666,0.5
3027468,0.0,0.16666666666666666,0.0,0.8333333333333334
1127142,0.0,0.1,0.3,0.6
3784099,0.0,0.1,0.3,0.6
6367897,0.0,0.23076923076923078,0.38461538461538464,0.38461538461538464
797434,0.0,0.09090909090909091,0.45454545454545453,0.45454545454545453
4593451,0.1134020618556701,0.3745704467353952,0.12714776632302405,0.3848797250859107
3642464,0.03636363636363636,0.23636363636363636,0.16363636363636364,0.5636363636363636
312172,0.0,0.3793103448275862,0.13793103448275862,0.4827586206896552
1089772,0.0761904761904762,0.17142857142857143,0.3142857142857143,0.4380952380952381
756336,0.07142857142857142,0.2857142857142857,0.14285714285714285,0.5
5336390,0.1111111111111111,0.0,0.2222222222222222,0.6666666666666666
329433,0.030612244897959183,0.7040816326530612,0.10204081632653061,0.16326530612244897
5880808,0.0,0.2222222222222222,0.3333333333333333,0.4444444444444444
5286835,0.1,0.2,0.2,0.5
889763,0.09803921568627451,0.11764705882352941,0.43137254901960786,0.35294117647058826
172952,0.047619047619047616,0.2857142857142857,0.47619047619047616,0.19047619047619047
419992,0.043478260869565216,0.30434782608695654,0.21739130434782608,0.43478260869565216
1124743,0.0,0.1,0.1,0.8
6352904,0.1,0.1,0.7,0.1
1602125,0.08333333333333333,0.4166666666666667,0.25,0.25
3306552,0.0,0.45454545454545453,0.18181818181818182,0.36363636363636365
4350458,0.08333333333333333,0.16666666666666666,0.25,0.5
402301,0.04081632653061224,0.40816326530612246,0.2857142857142857,0.2653061224489796
3691320,0.1111111111111111,0.4444444444444444,0.2222222222222222,0.2222222222222222
3817072,0.15384615384615385,0.15384615384615385,0.3076923076923077,0.38461538461538464
3549934,0.1,0.2,0.2,0.5
1399773,0.0,0.36363636363636365,0.2727272727272727,0.36363636363636365
3396241,0.07142857142857142,0.07142857142857142,0.42857142857142855,0.42857142857142855
3167636,0.0625,0.25,0.25,0.4375
3497091,0.15384615384615385,0.15384615384615385,0.3076923076923077,0.38461538461538464
2627169,0.0,0.21428571428571427,0.35714285714285715,0.42857142857142855
3893367,0.0,0.07692307692307693,0.3076923076923077,0.6153846153846154
3703798,0.0,0.23809523809523808,0.2857142857142857,0.47619047619047616
481401,0.0625,0.1875,0.3125,0.4375
3216830,0.0,0.3333333333333333,0.19047619047619047,0.47619047619047616
2714074,0.2,0.06666666666666667,0.3333333333333333,0.4
1122884,0.10344827586206896,0.2413793103448276,0.2413793103448276,0.41379310344827586
2759988,0.10526315789473684,0.10526315789473684,0.2631578947368421,0.5263157894736842
1107833,0.07407407407407407,0.2222222222222222,0.2962962962962963,0.4074074074074074
5262501,0.25,0.20833333333333334,0.4166666666666667,0.125
783025,0.0,0.22727272727272727,0.3181818181818182,0.45454545454545453
904004,0.047619047619047616,0.2857142857142857,0.2857142857142857,0.38095238095238093
5775774,0.0,0.38461538461538464,0.23076923076923078,0.38461538461538464
882149,0.03571428571428571,0.5,0.21428571428571427,0.25
2750252,0.05,0.3,0.35,0.3
3834676,0.125,0.125,0.125,0.625
1357219,0.038461538461538464,0.34615384615384615,0.34615384615384615,0.2692307692307692
2043546,0.047619047619047616,0.47619047619047616,0.14285714285714285,0.3333333333333333
6347113,0.05,0.4,0.2,0.35
1305320,0.0,0.058823529411764705,0.35294117647058826,0.5882352941176471
1144754,0.06666666666666667,0.13333333333333333,0.4666666666666667,0.3333333333333333
707976,0.1111111111111111,0.0,0.6666666666666666,0.2222222222222222
6352641,0.18181818181818182,0.09090909090909091,0.36363636363636365,0.36363636363636365
872258,0.0,0.045454545454545456,0.13636363636363635,0.8181818181818182
1323505,0.20833333333333334,0.20833333333333334,0.25,0.3333333333333333
1586564,0.16666666666666666,0.25,0.4166666666666667,0.16666666666666666
1471531,0.0,0.23076923076923078,0.5384615384615384,0.23076923076923078
5203896,0.12903225806451613,0.03225806451612903,0.5483870967741935,0.2903225806451613
2877676,0.0,0.36363636363636365,0.36363636363636365,0.2727272727272727
6110262,0.037037037037037035,0.07407407407407407,0.6296296296296297,0.25925925925925924
1367305,0.0,0.38461538461538464,0.23076923076923078,0.38461538461538464
1523159,0.07142857142857142,0.14285714285714285,0.21428571428571427,0.5714285714285714
461779,0.15151515151515152,0.21212121212121213,0.12121212121212122,0.5151515151515151
291324,0.07142857142857142,0.42857142857142855,0.07142857142857142,0.42857142857142855
1400209,0.1,0.2,0.4,0.3
666159,0.09090909090909091,0.30303030303030304,0.21212121212121213,0.3939393939393939
1137913,0.025,0.25,0.45,0.275
298370,0.09523809523809523,0.23809523809523808,0.09523809523809523,0.5714285714285714
3383013,0.045454545454545456,0.22727272727272727,0.5909090909090909,0.13636363636363635
323418,0.05263157894736842,0.21052631578947367,0.05263157894736842,0.6842105263157895
959579,0.0,0.21428571428571427,0.2857142857142857,0.5
323412,0.04,0.2,0.24,0.52
1389684,0.058823529411764705,0.35294117647058826,0.23529411764705882,0.35294117647058826
3817198,0.11764705882352941,0.11764705882352941,0.5294117647058824,0.23529411764705882
1482588,0.0625,0.0625,0.4375,0.4375
1400013,0.1,0.4,0.2,0.3
1175476,0.09090909090909091,0.0,0.2727272727272727,0.6363636363636364
1143753,0.2,0.2,0.1,0.5
2996408,0.0,0.3125,0.0625,0.625
796785,0.07142857142857142,0.42857142857142855,0.14285714285714285,0.35714285714285715
1448114,0.08333333333333333,0.4166666666666667,0.3333333333333333,0.16666666666666666
1039530,0.06666666666666667,0.4,0.13333333333333333,0.4
594208,0.08333333333333333,0.3333333333333333,0.08333333333333333,0.5
594246,0.18181818181818182,0.18181818181818182,0.09090909090909091,0.5454545454545454
1168508,0.0,0.3333333333333333,0.3333333333333333,0.3333333333333333
594225,0.25,0.25,0.0,0.5
130614,0.05732484076433121,0.1592356687898089,0.3885350318471338,0.39490445859872614
6302953,0.23300970873786409,0.04854368932038835,0.2815533980582524,0.4368932038834951
393119,0.1111111111111111,0.2222222222222222,0.18518518518518517,0.48148148148148145
2476368,0.0,0.058823529411764705,0.29411764705882354,0.6470588235294118
870393,0.16666666666666666,0.2222222222222222,0.4444444444444444,0.16666666666666666
796141,0.10526315789473684,0.21052631578947367,0.5789473684210527,0.10526315789473684
3297597,0.0,0.2857142857142857,0.2857142857142857,0.42857142857142855
735452,0.043478260869565216,0.2608695652173913,0.5217391304347826,0.17391304347826086
4318637,0.08333333333333333,0.25,0.4166666666666667,0.25
532163,0.13793103448275862,0.1724137931034483,0.2413793103448276,0.4482758620689655
3949159,0.0,0.25,0.4166666666666667,0.3333333333333333
1140622,0.2222222222222222,0.2777777777777778,0.2777777777777778,0.2222222222222222
1410024,0.06666666666666667,0.2,0.5333333333333333,0.2
3817534,0.1724137931034483,0.20689655172413793,0.4827586206896552,0.13793103448275862
6153822,0.125,0.375,0.25,0.25
1147622,0.07142857142857142,0.14285714285714285,0.21428571428571427,0.5714285714285714
6162523,0.0625,0.0625,0.4375,0.4375
6133943,0.0,0.0,0.5,0.5
227370,0.09090909090909091,0.36363636363636365,0.45454545454545453,0.09090909090909091
81704,0.03333333333333333,0.2,0.4666666666666667,0.3
5417810,0.0,0.3333333333333333,0.3333333333333333,0.3333333333333333
337656,0.0625,0.375,0.25,0.3125
1675408,0.05555555555555555,0.2777777777777778,0.2777777777777778,0.3888888888888889
2535660,0.125,0.125,0.3125,0.4375
4609513,0.17391304347826086,0.17391304347826086,0.34782608695652173,0.30434782608695654
2033913,0.07142857142857142,0.17857142857142858,0.4642857142857143,0.2857142857142857
5118641,0.05405405405405406,0.5135135135135135,0.3783783783783784,0.05405405405405406
4692737,0.14285714285714285,0.14285714285714285,0.5714285714285714,0.14285714285714285
4242382,0.09523809523809523,0.38095238095238093,0.3333333333333333,0.19047619047619047
1211160,0.0,0.3076923076923077,0.38461538461538464,0.3076923076923077
1159540,0.11538461538461539,0.15384615384615385,0.5,0.23076923076923078
4917007,0.08571428571428572,0.2,0.3142857142857143,0.4
3884144,0.0,0.28,0.44,0.28
1036868,0.05555555555555555,0.5555555555555556,0.16666666666666666,0.2222222222222222
1707070,0.0,0.5263157894736842,0.21052631578947367,0.2631578947368421
1597146,0.1,0.3,0.3,0.3
5160873,0.16666666666666666,0.4166666666666667,0.08333333333333333,0.3333333333333333
929344,0.022222222222222223,0.044444444444444446,0.022222222222222223,0.9111111111111111
397790,0.21428571428571427,0.42857142857142855,0.21428571428571427,0.14285714285714285
622446,0.17647058823529413,0.29411764705882354,0.058823529411764705,0.47058823529411764
472025,0.21739130434782608,0.13043478260869565,0.21739130434782608,0.43478260869565216
1478792,0.1,0.1,0.1,0.7
543444,0.3125,0.125,0.125,0.4375
259220,0.13333333333333333,0.2,0.13333333333333333,0.5333333333333333
3417498,0.8333333333333334,0.16666666666666666,0.0,0.0
446276,0.0,0.2,0.3,0.5
754060,0.11764705882352941,0.11764705882352941,0.23529411764705882,0.5294117647058824
479874,0.125,0.3125,0.1875,0.375
1557624,0.1111111111111111,0.1111111111111111,0.4444444444444444,0.3333333333333333
1463594,0.375,0.125,0.125,0.375
1535000,0.0,0.4,0.0,0.6
3380808,0.0,0.45454545454545453,0.36363636363636365,0.18181818181818182
3713404,0.0,0.42857142857142855,0.07142857142857142,0.5
531327,0.05,0.3,0.25,0.4
1536817,0.07142857142857142,0.17857142857142858,0.35714285714285715,0.39285714285714285
4817854,0.1111111111111111,0.2222222222222222,0.3333333333333333,0.3333333333333333
1327568,0.0,0.2,0.2,0.6
984030,0.07692307692307693,0.23076923076923078,0.3076923076923077,0.38461538461538464
1084022,0.2,0.2,0.4,0.2
1412351,0.0,0.3333333333333333,0.2222222222222222,0.4444444444444444
1222919,0.1,0.7,0.1,0.1
446633,0.09090909090909091,0.36363636363636365,0.36363636363636365,0.18181818181818182
2772169,0.1956521739130435,0.391304347826087,0.15217391304347827,0.2608695652173913
820147,0.16666666666666666,0.16666666666666666,0.5,0.16666666666666666
2904788,0.14285714285714285,0.35714285714285715,0.14285714285714285,0.35714285714285715
5154584,0.038461538461538464,0.11538461538461539,0.19230769230769232,0.6538461538461539
1336333,0.125,0.0625,0.3125,0.5
2342934,0.125,0.375,0.25,0.25
191297,0.2727272727272727,0.09090909090909091,0.09090909090909091,0.5454545454545454
647468,0.1111111111111111,0.0,0.5555555555555556,0.3333333333333333
822863,0.07692307692307693,0.19230769230769232,0.4230769230769231,0.3076923076923077
4266161,0.0,0.5,0.2,0.3
127263,0.061224489795918366,0.22448979591836735,0.3673469387755102,0.3469387755102041
1206872,0.10526315789473684,0.18421052631578946,0.4473684210526316,0.2631578947368421
1444847,0.0,0.16,0.16,0.68
1586319,0.0,0.4166666666666667,0.16666666666666666,0.4166666666666667
1947025,0.058823529411764705,0.4117647058823529,0.058823529411764705,0.47058823529411764
402202,0.043478260869565216,0.30434782608695654,0.21739130434782608,0.43478260869565216
782981,0.043478260869565216,0.34782608695652173,0.30434782608695654,0.30434782608695654
871843,0.0,0.17391304347826086,0.21739130434782608,0.6086956521739131
1034026,0.11764705882352941,0.23529411764705882,0.29411764705882354,0.35294117647058826
835181,0.08333333333333333,0.16666666666666666,0.5833333333333334,0.16666666666666666
359706,0.0625,0.25,0.375,0.3125
3503325,0.08620689655172414,0.5172413793103449,0.20689655172413793,0.1896551724137931
5289683,0.0,0.4,0.2,0.4
1541045,0.0,0.1,0.5,0.4
193372,0.0,0.2,0.4,0.4
3437842,0.0,0.18181818181818182,0.45454545454545453,0.36363636363636365
1410192,0.05263157894736842,0.21052631578947367,0.47368421052631576,0.2631578947368421
2969169,0.0,0.3333333333333333,0.5333333333333333,0.13333333333333333
2969155,0.0,0.391304347826087,0.34782608695652173,0.2608695652173913
1586303,0.09090909090909091,0.18181818181818182,0.5454545454545454,0.18181818181818182
1566746,0.09090909090909091,0.09090909090909091,0.2727272727272727,0.5454545454545454
344072,0.043478260869565216,0.34782608695652173,0.21739130434782608,0.391304347826087
568757,0.09090909090909091,0.18181818181818182,0.2727272727272727,0.45454545454545453
1354487,0.0,0.07692307692307693,0.3076923076923077,0.6153846153846154
1354506,0.0,0.1,0.3,0.6
300667,0.06666666666666667,0.4666666666666667,0.13333333333333333,0.3333333333333333
278710,0.047619047619047616,0.38095238095238093,0.14285714285714285,0.42857142857142855
1482467,0.08333333333333333,0.25,0.5,0.16666666666666666
1268341,0.16666666666666666,0.25,0.25,0.3333333333333333
808168,0.0,0.36363636363636365,0.36363636363636365,0.2727272727272727
1437191,0.0,0.18181818181818182,0.45454545454545453,0.36363636363636365
5200812,0.07142857142857142,0.07142857142857142,0.5714285714285714,0.2857142857142857
782045,0.08333333333333333,0.4166666666666667,0.25,0.25
2180799,0.16666666666666666,0.0,0.3333333333333333,0.5
162043,0.23076923076923078,0.23076923076923078,0.3076923076923077,0.23076923076923078
550422,0.09090909090909091,0.2727272727272727,0.45454545454545453,0.18181818181818182
162087,0.23076923076923078,0.15384615384615385,0.38461538461538464,0.23076923076923078
768313,0.1,0.1,0.4,0.4
136334,0.08333333333333333,0.25,0.4166666666666667,0.25
446093,0.0,0.2222222222222222,0.1111111111111111,0.6666666666666666
615105,0.0,0.13333333333333333,0.2,0.6666666666666666
721545,0.08333333333333333,0.25,0.3333333333333333,0.3333333333333333
1362913,0.0,0.07142857142857142,0.5,0.42857142857142855
1385187,0.0625,0.09375,0.25,0.59375
4905653,0.2222222222222222,0.1111111111111111,0.4444444444444444,0.2222222222222222
2535275,0.0,0.25,0.625,0.125
2535625,0.0,0.26666666666666666,0.6666666666666666,0.06666666666666667
2361632,0.19047619047619047,0.23809523809523808,0.23809523809523808,0.3333333333333333
904064,0.0,0.36363636363636365,0.4090909090909091,0.22727272727272727
973236,0.08695652173913043,0.391304347826087,0.17391304347826086,0.34782608695652173
967598,0.0,0.07692307692307693,0.23076923076923078,0.6923076923076923
1178309,0.1111111111111111,0.1111111111111111,0.2222222222222222,0.5555555555555556
1585084,0.25,0.25,0.0,0.5
1285658,0.038461538461538464,0.23076923076923078,0.19230769230769232,0.5384615384615384
2341122,0.125,0.0,0.0,0.875
178488,0.0967741935483871,0.22580645161290322,0.1935483870967742,0.4838709677419355
1671514,0.07142857142857142,0.21428571428571427,0.14285714285714285,0.5714285714285714
97348,0.04,0.12,0.52,0.32
1412043,0.0625,0.25,0.25,0.4375
1569798,0.0625,0.5,0.3125,0.125
2842456,0.10526315789473684,0.21052631578947367,0.3157894736842105,0.3684210526315789
2024291,0.007633587786259542,0.5419847328244275,0.33587786259541985,0.11450381679389313
933667,0.043478260869565216,0.391304347826087,0.30434782608695654,0.2608695652173913
791457,0.0625,0.0625,0.4375,0.4375
4242374,0.11764705882352941,0.29411764705882354,0.17647058823529413,0.4117647058823529
1192165,0.125,0.1875,0.3125,0.375
402465,0.0,0.25,0.16666666666666666,0.5833333333333334
1966017,0.15789473684210525,0.21052631578947367,0.21052631578947367,0.42105263157894735
620408,0.1,0.2,0.1,0.6
678802,0.06060606060606061,0.2727272727272727,0.2727272727272727,0.3939393939393939
666101,0.030303030303030304,0.18181818181818182,0.36363636363636365,0.42424242424242425
665927,0.0,0.21428571428571427,0.5714285714285714,0.21428571428571427
829519,0.0,0.3,0.3,0.4
158798,0.08928571428571429,0.08928571428571429,0.4107142857142857,0.4107142857142857
3188951,0.10526315789473684,0.15789473684210525,0.10526315789473684,0.631578947368421
620394,0.13333333333333333,0.13333333333333333,0.2,0.5333333333333333
4196436,0.2222222222222222,0.4444444444444444,0.1111111111111111,0.2222222222222222
1326895,0.13333333333333333,0.26666666666666666,0.13333333333333333,0.4666666666666667
1482506,0.07142857142857142,0.07142857142857142,0.35714285714285715,0.5
622532,0.06451612903225806,0.25806451612903225,0.2903225806451613,0.3870967741935484
3283612,0.125,0.125,0.375,0.375
1266124,0.0,0.23529411764705882,0.23529411764705882,0.5294117647058824
1299374,0.1,0.2,0.4,0.3
791575,0.05,0.1,0.15,0.7
414646,0.08333333333333333,0.16666666666666666,0.25,0.5
452609,0.0,0.3409090909090909,0.4090909090909091,0.25
3629150,0.1111111111111111,0.6666666666666666,0.2222222222222222,0.0
1523050,0.0,0.18181818181818182,0.2727272727272727,0.5454545454545454
734979,0.1875,0.1875,0.5,0.125
402264,0.08333333333333333,0.3333333333333333,0.16666666666666666,0.4166666666666667
456291,0.0,0.5384615384615384,0.07692307692307693,0.38461538461538464
1439228,0.09090909090909091,0.3181818181818182,0.36363636363636365,0.22727272727272727
581135,0.15384615384615385,0.11538461538461539,0.5384615384615384,0.19230769230769232
204570,0.03571428571428571,0.36904761904761907,0.16666666666666666,0.42857142857142855
224284,0.0136986301369863,0.3424657534246575,0.1917808219178082,0.4520547945205479
666163,0.01818181818181818,0.21818181818181817,0.2,0.5636363636363636
425358,0.07407407407407407,0.14814814814814814,0.1111111111111111,0.6666666666666666
2075477,0.07317073170731707,0.3902439024390244,0.2926829268292683,0.24390243902439024
1441989,0.0,0.38235294117647056,0.29411764705882354,0.3235294117647059
494832,0.23809523809523808,0.047619047619047616,0.40476190476190477,0.30952380952380953
681157,0.08333333333333333,0.16666666666666666,0.4583333333333333,0.2916666666666667
1880435,0.05,0.3,0.4,0.25
1077028,0.16,0.2,0.36,0.28
1477501,0.058823529411764705,0.11764705882352941,0.35294117647058826,0.47058823529411764
308798,0.1,0.13333333333333333,0.5,0.26666666666666666
1037657,0.0625,0.125,0.375,0.4375
1071015,0.1,0.1,0.4,0.4
988951,0.13043478260869565,0.391304347826087,0.30434782608695654,0.17391304347826086
438129,0.02857142857142857,0.37142857142857144,0.11428571428571428,0.4857142857142857
542187,0.0625,0.3125,0.1875,0.4375
575902,0.08333333333333333,0.3333333333333333,0.19444444444444445,0.3888888888888889
1562078,0.08333333333333333,0.3333333333333333,0.4166666666666667,0.16666666666666666
54073,0.0,0.29411764705882354,0.29411764705882354,0.4117647058823529
397945,0.16666666666666666,0.16666666666666666,0.2222222222222222,0.4444444444444444
1428799,0.06666666666666667,0.2,0.5333333333333333,0.2
495394,0.0,0.3,0.1,0.6
910621,0.0,0.18181818181818182,0.6363636363636364,0.18181818181818182
4551884,0.24,0.2,0.08,0.48
499632,0.0,0.15384615384615385,0.23076923076923078,0.6153846153846154
1518138,0.18181818181818182,0.36363636363636365,0.18181818181818182,0.2727272727272727
4792434,0.0,0.22727272727272727,0.4090909090909091,0.36363636363636365
1108448,0.057692307692307696,0.15384615384615385,0.4230769230769231,0.36538461538461536
581280,0.0,0.21739130434782608,0.2608695652173913,0.5217391304347826
559092,0.0,0.2727272727272727,0.2727272727272727,0.45454545454545453
1584887,0.0,0.5294117647058824,0.23529411764705882,0.23529411764705882
973826,0.0,0.2222222222222222,0.2222222222222222,0.5555555555555556
1103503,0.047619047619047616,0.2857142857142857,0.14285714285714285,0.5238095238095238
895126,0.0,0.36363636363636365,0.2727272727272727,0.36363636363636365
198700,0.09523809523809523,0.23809523809523808,0.42857142857142855,0.23809523809523808
52465,0.13333333333333333,0.06666666666666667,0.26666666666666666,0.5333333333333333
1274048,0.125,0.0,0.5,0.375
619463,0.08333333333333333,0.0,0.16666666666666666,0.75
1060054,0.0,0.0,0.13333333333333333,0.8666666666666667
1212528,0.058823529411764705,0.0,0.11764705882352941,0.8235294117647058
687292,0.14285714285714285,0.14285714285714285,0.21428571428571427,0.5
735197,0.15789473684210525,0.3157894736842105,0.3157894736842105,0.21052631578947367
1109247,0.23076923076923078,0.23076923076923078,0.23076923076923078,0.3076923076923077
412561,0.0625,0.0625,0.4375,0.4375
1113481,0.2,0.2,0.4,0.2
3437347,0.0,0.05555555555555555,0.8333333333333334,0.1111111111111111
4529924,0.0,0.047619047619047616,0.8571428571428571,0.09523809523809523
48445,0.0,0.4166666666666667,0.25,0.3333333333333333
69111,0.0,0.1,0.8,0.1
1682812,0.0,0.09090909090909091,0.8181818181818182,0.09090909090909091
5141714,0.0,0.02127659574468085,0.8723404255319149,0.10638297872340426
1843594,0.0,0.3,0.3,0.4
3503089,0.0,0.2,0.6,0.2
927948,0.25,0.25,0.25,0.25
6337442,0.07692307692307693,0.07692307692307693,0.23076923076923078,0.6153846153846154
1013562,0.06666666666666667,0.2,0.4666666666666667,0.26666666666666666
797124,0.2222222222222222,0.0,0.3333333333333333,0.4444444444444444
401669,0.0,0.1111111111111111,0.3333333333333333,0.5555555555555556
152037,0.15384615384615385,0.07692307692307693,0.3076923076923077,0.46153846153846156
6383350,0.7894736842105263,0.02631578947368421,0.0,0.18421052631578946
7141080,0.125,0.125,0.25,0.5
6902496,0.0,0.3870967741935484,0.45161290322580644,0.16129032258064516
6911603,0.0,0.2,0.3333333333333333,0.4666666666666667
7166737,0.0,0.0,0.8,0.2
1087863,0.14285714285714285,0.42857142857142855,0.07142857142857142,0.35714285714285715
1439121,0.08333333333333333,0.08333333333333333,0.25,0.5833333333333334
6592223,0.2857142857142857,0.14285714285714285,0.0,0.5714285714285714
6756096,0.23529411764705882,0.058823529411764705,0.5294117647058824,0.17647058823529413
409681,0.21428571428571427,0.11904761904761904,0.07142857142857142,0.5952380952380952
1263576,0.0,0.4166666666666667,0.25,0.3333333333333333
1468168,0.0,0.3,0.4,0.3
1208661,0.0,0.375,0.25,0.375
1576000,0.2857142857142857,0.42857142857142855,0.21428571428571427,0.07142857142857142
829595,0.0,0.1724137931034483,0.20689655172413793,0.6206896551724138
973937,0.045454545454545456,0.45454545454545453,0.13636363636363635,0.36363636363636365
1585202,0.1,0.5,0.2,0.2
1532929,0.06666666666666667,0.4,0.2,0.3333333333333333
1325002,0.07142857142857142,0.5,0.35714285714285715,0.07142857142857142
1510290,0.18181818181818182,0.045454545454545456,0.4090909090909091,0.36363636363636365
358373,0.038461538461538464,0.07692307692307693,0.0,0.8846153846153846
1390238,0.0,0.3333333333333333,0.5333333333333333,0.13333333333333333
407888,0.06153846153846154,0.26153846153846155,0.24615384615384617,0.4307692307692308
619715,0.06818181818181818,0.25,0.13636363636363635,0.5454545454545454
5981830,0.12,0.44,0.04,0.4
4311124,0.0,0.5454545454545454,0.18181818181818182,0.2727272727272727
4242967,0.0,0.6071428571428571,0.10714285714285714,0.2857142857142857
1427784,0.0,0.6923076923076923,0.23076923076923078,0.07692307692307693
212304,0.058823529411764705,0.17647058823529413,0.4411764705882353,0.3235294117647059
567838,0.5,0.35714285714285715,0.14285714285714285,0.0
229456,0.0,0.22727272727272727,0.45454545454545453,0.3181818181818182
567812,0.2962962962962963,0.37037037037037035,0.18518518518518517,0.14814814814814814
567831,0.4,0.4,0.13333333333333333,0.06666666666666667
1019865,0.0,0.3,0.2,0.5
6791913,0.034482758620689655,0.1724137931034483,0.3448275862068966,0.4482758620689655
401661,0.0136986301369863,0.0273972602739726,0.0821917808219178,0.8767123287671232
957901,0.0,0.3333333333333333,0.16666666666666666,0.5
136620,0.06666666666666667,0.4666666666666667,0.4,0.06666666666666667
681606,0.0,0.0,0.5,0.5
620180,0.0,0.6521739130434783,0.21739130434782608,0.13043478260869565
823083,0.0,0.9166666666666666,0.08333333333333333,0.0
822997,0.0,0.8461538461538461,0.07692307692307693,0.07692307692307693
1220433,0.0,0.6923076923076923,0.15384615384615385,0.15384615384615385
1362760,0.03125,0.609375,0.259375,0.1
1185572,0.0,0.5833333333333334,0.08333333333333333,0.3333333333333333
1585496,0.0,0.010416666666666666,0.9583333333333334,0.03125
66203,0.1111111111111111,0.2222222222222222,0.1111111111111111,0.5555555555555556
647615,0.038461538461538464,0.38461538461538464,0.23076923076923078,0.34615384615384615
247086,0.0,0.1111111111111111,0.4444444444444444,0.4444444444444444
883008,0.0,0.3,0.2,0.5
1552173,0.1,0.2,0.0,0.7
6547189,0.1,0.5,0.0,0.4
707635,0.0,0.0,0.2727272727272727,0.7272727272727273
6514855,0.1,0.0,0.3,0.6
2749347,0.0,0.18181818181818182,0.18181818181818182,0.6363636363636364
4330312,0.041666666666666664,0.041666666666666664,0.4583333333333333,0.4583333333333333
374373,0.14285714285714285,0.047619047619047616,0.5714285714285714,0.23809523809523808
7076646,0.14285714285714285,0.14285714285714285,0.2857142857142857,0.42857142857142855
4426369,0.0,0.20833333333333334,0.25,0.5416666666666666
1409027,0.14285714285714285,0.14285714285714285,0.22857142857142856,0.4857142857142857
2297288,0.0,0.07142857142857142,0.42857142857142855,0.5
2352083,0.1111111111111111,0.3333333333333333,0.3333333333333333,0.2222222222222222
407068,0.09090909090909091,0.09090909090909091,0.2727272727272727,0.5454545454545454
6596153,0.0,0.75,0.1875,0.0625
7077526,0.0,0.09090909090909091,0.18181818181818182,0.7272727272727273
4399663,0.07142857142857142,0.14285714285714285,0.35714285714285715,0.42857142857142855
5679805,0.08333333333333333,0.08333333333333333,0.25,0.5833333333333334
883051,0.15,0.25,0.25,0.35
1968543,0.09090909090909091,0.18181818181818182,0.09090909090909091,0.6363636363636364
743261,0.07692307692307693,0.23076923076923078,0.5384615384615384,0.15384615384615385
534028,0.16071428571428573,0.017857142857142856,0.17857142857142858,0.6428571428571429
6879049,0.1875,0.0625,0.0,0.75
723517,0.05263157894736842,0.10526315789473684,0.3157894736842105,0.5263157894736842
3949775,0.0,0.47368421052631576,0.10526315789473684,0.42105263157894735
466907,0.05714285714285714,0.2857142857142857,0.2857142857142857,0.37142857142857144
6423021,0.08333333333333333,0.25,0.4166666666666667,0.25
1292859,0.0,0.2857142857142857,0.14285714285714285,0.5714285714285714
727562,0.2857142857142857,0.2857142857142857,0.21428571428571427,0.21428571428571427
53679,0.1,0.2,0.4,0.3
1396432,0.05555555555555555,0.1111111111111111,0.5,0.3333333333333333
45251,0.09090909090909091,0.0,0.36363636363636365,0.5454545454545454
130599,0.07692307692307693,0.15384615384615385,0.38461538461538464,0.38461538461538464
6173488,0.07692307692307693,0.15384615384615385,0.5384615384615384,0.23076923076923078
776828,0.0,0.24,0.4,0.36
7011688,0.0,0.15,0.6,0.25
934178,0.25,0.1875,0.1875,0.375
5848848,0.0,0.25,0.25,0.5
923167,0.09090909090909091,0.09090909090909091,0.18181818181818182,0.6363636363636364
1118228,0.1,0.1,0.1,0.7
6583923,0.047619047619047616,0.47619047619047616,0.2857142857142857,0.19047619047619047
2480236,0.0,0.42857142857142855,0.14285714285714285,0.42857142857142855
3216840,0.1875,0.5,0.1875,0.125
652130,0.1875,0.1875,0.375,0.25
1026180,0.058823529411764705,0.29411764705882354,0.35294117647058826,0.29411764705882354
5475621,0.058823529411764705,0.29411764705882354,0.17647058823529413,0.47058823529411764
1217079,0.0,0.23529411764705882,0.35294117647058826,0.4117647058823529
285159,0.1,0.2,0.2,0.5
1499380,0.1,0.4,0.2,0.3
1895289,0.125,0.125,0.041666666666666664,0.7083333333333334
3700458,0.2,0.1,0.4,0.3
742334,0.2222222222222222,0.1111111111111111,0.3333333333333333,0.3333333333333333
1026456,0.0,0.7692307692307693,0.15384615384615385,0.07692307692307693
213140,0.1,0.5,0.2,0.2
571836,0.0,0.0625,0.5,0.4375
45035,0.002849002849002849,0.6068376068376068,0.31054131054131057,0.07977207977207977
1210230,0.13043478260869565,0.17391304347826086,0.21739130434782608,0.4782608695652174
5465882,0.0,0.0,0.8333333333333334,0.16666666666666666
6397983,0.0,0.29411764705882354,0.5294117647058824,0.17647058823529413
406287,0.0,0.09090909090909091,0.6818181818181818,0.22727272727272727
687574,0.0,0.0,0.4,0.6
420761,0.13333333333333333,0.06666666666666667,0.26666666666666666,0.5333333333333333
73674,0.18181818181818182,0.09090909090909091,0.09090909090909091,0.6363636363636364
614540,0.0,0.0,0.44,0.56
4728296,0.07692307692307693,0.38461538461538464,0.38461538461538464,0.15384615384615385
4916647,0.0,0.0,0.26666666666666666,0.7333333333333333
4821436,0.23,0.04,0.23,0.5
2896380,0.3333333333333333,0.0,0.16666666666666666,0.5
440093,0.0,0.0,0.0,1.0
1516297,0.006802721088435374,0.36054421768707484,0.4965986394557823,0.1360544217687075
6379341,0.0,0.5135135135135135,0.40540540540540543,0.08108108108108109
1597336,0.0,0.5,0.375,0.125
2400683,0.0,0.1694915254237288,0.711864406779661,0.11864406779661017
4583581,0.0,0.15384615384615385,0.6923076923076923,0.15384615384615385
48590,0.05,0.4375,0.2,0.3125
4736367,0.0,0.21428571428571427,0.42857142857142855,0.35714285714285715
301192,0.29411764705882354,0.058823529411764705,0.35294117647058826,0.29411764705882354
312910,0.4117647058823529,0.058823529411764705,0.23529411764705882,0.29411764705882354
945841,0.5,0.125,0.125,0.25
3726995,0.0,0.1,0.1,0.8
4588973,0.0,0.36363636363636365,0.2727272727272727,0.36363636363636365
1306255,0.05555555555555555,0.3333333333333333,0.3888888888888889,0.2222222222222222
845968,0.05263157894736842,0.15789473684210525,0.15789473684210525,0.631578947368421
2178717,0.0,0.25,0.4166666666666667,0.3333333333333333
164628,0.05555555555555555,0.2777777777777778,0.1111111111111111,0.5555555555555556
831999,0.0,0.06666666666666667,0.2,0.7333333333333333
5755774,0.2,0.13333333333333333,0.13333333333333333,0.5333333333333333
784650,0.0,0.1,0.2,0.7
1516702,0.0,0.46153846153846156,0.07692307692307693,0.46153846153846156
1593624,0.21428571428571427,0.42857142857142855,0.21428571428571427,0.14285714285714285
5395786,0.0,0.36363636363636365,0.36363636363636365,0.2727272727272727
4084003,0.07142857142857142,0.35714285714285715,0.35714285714285715,0.21428571428571427
1437613,0.1111111111111111,0.0,0.3333333333333333,0.5555555555555556
66877,0.15384615384615385,0.07692307692307693,0.0,0.7692307692307693
751767,0.11764705882352941,0.17647058823529413,0.5294117647058824,0.17647058823529413
1373159,0.09090909090909091,0.09090909090909091,0.2727272727272727,0.5454545454545454
47187,0.0,0.46153846153846156,0.23076923076923078,0.3076923076923077
616198,0.1702127659574468,0.2127659574468085,0.14893617021276595,0.46808510638297873
128780,0.0,0.5833333333333334,0.16666666666666666,0.25
311028,0.09090909090909091,0.18181818181818182,0.18181818181818182,0.5454545454545454
6713387,0.2,0.1,0.2,0.5
6236999,0.0,0.0,0.0,1.0
366894,0.225,0.05,0.075,0.65
6471305,0.2777777777777778,0.05555555555555555,0.0,0.6666666666666666
6505894,0.2073170731707317,0.036585365853658534,0.12195121951219512,0.6341463414634146
2671637,0.25,0.0,0.25,0.5
1385472,0.15,0.05,0.25,0.55
6815482,0.3333333333333333,0.1111111111111111,0.2222222222222222,0.3333333333333333
1083696,0.09090909090909091,0.0,0.36363636363636365,0.5454545454545454
295346,0.07142857142857142,0.35714285714285715,0.35714285714285715,0.21428571428571427
1292997,0.08108108108108109,0.3783783783783784,0.35135135135135137,0.1891891891891892
896051,0.0,0.625,0.0,0.375
1473418,0.0,0.3333333333333333,0.25,0.4166666666666667
3835859,0.0,0.2727272727272727,0.09090909090909091,0.6363636363636364
1430938,0.0,0.45454545454545453,0.2727272727272727,0.2727272727272727
661226,0.08333333333333333,0.08333333333333333,0.16666666666666666,0.6666666666666666
946252,0.1,0.0,0.3,0.6
284245,0.0,0.0,0.2,0.8
3503203,0.14285714285714285,0.14285714285714285,0.2857142857142857,0.42857142857142855
1394669,0.13333333333333333,0.4,0.2,0.26666666666666666
430576,0.3076923076923077,0.15384615384615385,0.15384615384615385,0.38461538461538464
1429815,0.41379310344827586,0.05172413793103448,0.04310344827586207,0.49137931034482757
686631,0.18181818181818182,0.2727272727272727,0.18181818181818182,0.36363636363636365
1083847,0.2,0.1,0.15,0.55
1273859,0.037037037037037035,0.1111111111111111,0.1111111111111111,0.7407407407407407
66194,0.3,0.2,0.3,0.2
1272938,0.058823529411764705,0.0,0.23529411764705882,0.7058823529411765
45045,0.3333333333333333,0.08333333333333333,0.375,0.20833333333333334
191113,0.17647058823529413,0.0,0.17647058823529413,0.6470588235294118
545690,0.0,0.14285714285714285,0.14285714285714285,0.7142857142857143
933253,0.1111111111111111,0.0,0.6666666666666666,0.2222222222222222
72578,0.36363636363636365,0.09090909090909091,0.09090909090909091,0.45454545454545453
171391,0.6153846153846154,0.0,0.0,0.38461538461538464
177427,0.2,0.0,0.2,0.6
179494,0.391304347826087,0.0,0.0,0.6086956521739131
536025,0.0,0.0,0.125,0.875
91726,0.25,0.0,0.0,0.75
347040,0.6153846153846154,0.0,0.0,0.38461538461538464
170786,0.5833333333333334,0.0,0.0,0.4166666666666667
869419,0.18181818181818182,0.0,0.2727272727272727,0.5454545454545454
1397451,0.36363636363636365,0.09090909090909091,0.2727272727272727,0.2727272727272727
459981,0.08695652173913043,0.34782608695652173,0.17391304347826086,0.391304347826087
895686,0.14285714285714285,0.2857142857142857,0.19047619047619047,0.38095238095238093
594264,0.2,0.2,0.1,0.5
407580,0.2,0.3,0.3,0.2
6698759,0.08695652173913043,0.30434782608695654,0.391304347826087,0.21739130434782608
1052514,0.25,0.1875,0.1875,0.375
752330,0.038461538461538464,0.07692307692307693,0.2692307692307692,0.6153846153846154
606411,0.09090909090909091,0.36363636363636365,0.18181818181818182,0.36363636363636365
614054,0.0,0.4444444444444444,0.3333333333333333,0.2222222222222222
889787,0.07142857142857142,0.42857142857142855,0.2857142857142857,0.21428571428571427
615498,0.058823529411764705,0.29411764705882354,0.11764705882352941,0.5294117647058824
595117,0.16666666666666666,0.4166666666666667,0.16666666666666666,0.25
505953,0.07692307692307693,0.3076923076923077,0.3076923076923077,0.3076923076923077
505923,0.05555555555555555,0.1111111111111111,0.2222222222222222,0.6111111111111112
542812,0.15789473684210525,0.15789473684210525,0.21052631578947367,0.47368421052631576
609149,0.1,0.3,0.3,0.3
1193467,0.16666666666666666,0.2777777777777778,0.1111111111111111,0.4444444444444444
436665,0.0,0.3333333333333333,0.2222222222222222,0.4444444444444444
1492874,0.0,0.3076923076923077,0.3076923076923077,0.38461538461538464
522953,0.13333333333333333,0.2,0.16666666666666666,0.5
601357,0.07142857142857142,0.35714285714285715,0.4642857142857143,0.10714285714285714
6351773,0.1,0.3,0.3,0.3
1565382,0.0,0.45454545454545453,0.36363636363636365,0.18181818181818182
3882636,0.15,0.25,0.3,0.3
270183,0.25,0.20833333333333334,0.20833333333333334,0.3333333333333333
4991610,0.07407407407407407,0.5185185185185185,0.18518518518518517,0.2222222222222222
6773102,0.08,0.06,0.04,0.82
3339895,0.05555555555555555,0.4444444444444444,0.2222222222222222,0.2777777777777778
757997,0.2222222222222222,0.2777777777777778,0.16666666666666666,0.3333333333333333
2422991,0.09090909090909091,0.18181818181818182,0.18181818181818182,0.5454545454545454
6425332,0.0,0.23076923076923078,0.23076923076923078,0.5384615384615384
4503978,0.024390243902439025,0.024390243902439025,0.4878048780487805,0.4634146341463415
6130444,0.05555555555555555,0.2222222222222222,0.16666666666666666,0.5555555555555556
393148,0.05,0.3,0.4,0.25
1449130,0.0,0.4,0.25,0.35
6419938,0.1,0.1,0.3,0.5
3281248,0.10526315789473684,0.10526315789473684,0.42105263157894735,0.3684210526315789
5075419,0.0,0.4,0.2,0.4
284996,0.12121212121212122,0.06060606060606061,0.3333333333333333,0.48484848484848486
467125,0.23529411764705882,0.11764705882352941,0.17647058823529413,0.47058823529411764
839437,0.0,0.5,0.25,0.25
1084102,0.047619047619047616,0.2857142857142857,0.047619047619047616,0.6190476190476191
2948434,0.09090909090909091,0.2727272727272727,0.09090909090909091,0.5454545454545454
6451797,0.125,0.25,0.25,0.375
670842,0.2,0.2,0.1,0.5
687359,0.0,0.125,0.125,0.75
6428206,0.0,0.4444444444444444,0.1111111111111111,0.4444444444444444
591214,0.21052631578947367,0.2631578947368421,0.10526315789473684,0.42105263157894735
6175727,0.0,0.23076923076923078,0.23076923076923078,0.5384615384615384
620204,0.0,0.5833333333333334,0.08333333333333333,0.3333333333333333
145316,0.0,0.3684210526315789,0.10526315789473684,0.5263157894736842
872723,0.16666666666666666,0.25,0.25,0.3333333333333333
1130222,0.0,0.16666666666666666,0.3333333333333333,0.5
6407003,0.2222222222222222,0.3333333333333333,0.1111111111111111,0.3333333333333333
6350141,0.25,0.0,0.125,0.625
145971,0.125,0.125,0.25,0.5
590402,0.21739130434782608,0.17391304347826086,0.043478260869565216,0.5652173913043478
753300,0.08333333333333333,0.16666666666666666,0.3333333333333333,0.4166666666666667
536823,0.0625,0.1875,0.1875,0.5625
907239,0.1,0.2,0.3,0.4
673006,0.0,0.4117647058823529,0.17647058823529413,0.4117647058823529
1326975,0.1,0.4,0.2,0.3
435727,0.058823529411764705,0.29411764705882354,0.23529411764705882,0.4117647058823529
886614,0.4444444444444444,0.1111111111111111,0.0,0.4444444444444444
97881,0.0,0.30434782608695654,0.17391304347826086,0.5217391304347826
5802995,0.0,0.36363636363636365,0.0,0.6363636363636364
2426223,0.0,0.0,0.0,1.0
1481595,0.2222222222222222,0.1111111111111111,0.2222222222222222,0.4444444444444444
660793,0.07692307692307693,0.23076923076923078,0.23076923076923078,0.46153846153846156
1564905,0.0,0.45454545454545453,0.18181818181818182,0.36363636363636365
679548,0.0,0.3,0.2,0.5
1009848,0.1111111111111111,0.3333333333333333,0.3333333333333333,0.2222222222222222
2910805,0.2222222222222222,0.0,0.3333333333333333,0.4444444444444444
751249,0.21428571428571427,0.14285714285714285,0.2857142857142857,0.35714285714285715
6472361,0.0,0.18181818181818182,0.09090909090909091,0.7272727272727273
1230093,0.07692307692307693,0.23076923076923078,0.23076923076923078,0.46153846153846156
5429646,0.05555555555555555,0.0,0.0,0.9444444444444444
3096183,0.14285714285714285,0.09523809523809523,0.38095238095238093,0.38095238095238093
1338745,0.25,0.08333333333333333,0.16666666666666666,0.5
119136,0.23529411764705882,0.11764705882352941,0.058823529411764705,0.5882352941176471
506064,0.07692307692307693,0.15384615384615385,0.11538461538461539,0.6538461538461539
1227043,0.09090909090909091,0.36363636363636365,0.36363636363636365,0.18181818181818182
4022334,0.05555555555555555,0.1111111111111111,0.2222222222222222,0.6111111111111112
6234700,0.07142857142857142,0.2857142857142857,0.35714285714285715,0.2857142857142857
499457,0.23809523809523808,0.09523809523809523,0.09523809523809523,0.5714285714285714
951852,0.2631578947368421,0.3157894736842105,0.10526315789473684,0.3157894736842105
134284,0.05128205128205128,0.41025641025641024,0.4358974358974359,0.10256410256410256
702859,0.125,0.25,0.25,0.375
2272261,0.0,0.1,0.2,0.7
1453160,0.09090909090909091,0.09090909090909091,0.18181818181818182,0.6363636363636364
1455444,0.0,0.1875,0.4375,0.375
995109,0.125,0.25,0.375,0.25
995172,0.07692307692307693,0.15384615384615385,0.46153846153846156,0.3076923076923077
1578985,0.08333333333333333,0.25,0.08333333333333333,0.5833333333333334
3951556,0.06666666666666667,0.3333333333333333,0.26666666666666666,0.3333333333333333
828530,0.0,0.3125,0.25,0.4375
714171,0.028169014084507043,0.056338028169014086,0.39436619718309857,0.5211267605633803
745390,0.3333333333333333,0.16666666666666666,0.0,0.5
545549,0.0,0.3333333333333333,0.4166666666666667,0.25
4727361,0.06666666666666667,0.3333333333333333,0.13333333333333333,0.4666666666666667
722222,0.03333333333333333,0.25,0.4166666666666667,0.3
6534163,0.1,0.1,0.1,0.7
698036,0.047619047619047616,0.19047619047619047,0.47619047619047616,0.2857142857142857
1232060,0.045454545454545456,0.045454545454545456,0.5909090909090909,0.3181818181818182
6369471,0.05555555555555555,0.2222222222222222,0.6666666666666666,0.05555555555555555
557697,0.0,0.07142857142857142,0.42857142857142855,0.5
975317,0.2631578947368421,0.10526315789473684,0.2736842105263158,0.35789473684210527
1468213,0.10256410256410256,0.07692307692307693,0.1794871794871795,0.6410256410256411
3572040,0.2,0.1,0.2,0.5
1569158,0.0,0.18518518518518517,0.5185185185185185,0.2962962962962963
6346830,0.08333333333333333,0.16666666666666666,0.3333333333333333,0.4166666666666667
714494,0.3125,0.25,0.0625,0.375
136750,0.2,0.32,0.16,0.32
1264007,0.15384615384615385,0.15384615384615385,0.23076923076923078,0.46153846153846156
211566,0.26666666666666666,0.2,0.3333333333333333,0.2
877806,0.06666666666666667,0.13333333333333333,0.06666666666666667,0.7333333333333333
54853,0.23529411764705882,0.23529411764705882,0.17647058823529413,0.35294117647058826
58932,0.09090909090909091,0.36363636363636365,0.36363636363636365,0.18181818181818182
4670387,0.15384615384615385,0.3076923076923077,0.5384615384615384,0.0
6402258,0.10526315789473684,0.2631578947368421,0.3157894736842105,0.3157894736842105
2024444,0.008064516129032258,0.5645161290322581,0.31451612903225806,0.11290322580645161
5119796,0.011111111111111112,0.5111111111111111,0.4444444444444444,0.03333333333333333
6327296,0.0,0.5333333333333333,0.43333333333333335,0.03333333333333333
1399601,0.03125,0.46875,0.375,0.125
6402318,0.03571428571428571,0.2857142857142857,0.42857142857142855,0.25
2852142,0.022727272727272728,0.30303030303030304,0.5151515151515151,0.1590909090909091
6402282,0.03125,0.28125,0.46875,0.21875
6406788,0.0,0.5147058823529411,0.4411764705882353,0.04411764705882353
76019,0.04,0.536,0.376,0.048
379177,0.02564102564102564,0.10256410256410256,0.5641025641025641,0.3076923076923077
374653,0.04081632653061224,0.08163265306122448,0.5102040816326531,0.3673469387755102
397779,0.2692307692307692,0.19230769230769232,0.11538461538461539,0.4230769230769231
739552,0.01020408163265306,0.07142857142857142,0.05102040816326531,0.8673469387755102
208026,0.08333333333333333,0.16666666666666666,0.5833333333333334,0.16666666666666666
6352054,0.08695652173913043,0.17391304347826086,0.43478260869565216,0.30434782608695654
1069014,0.13333333333333333,0.0,0.4666666666666667,0.4
1400500,0.1,0.3,0.4,0.2
531815,0.25,0.125,0.375,0.25
736604,0.2,0.1,0.2,0.5
87104,0.2222222222222222,0.1111111111111111,0.4444444444444444,0.2222222222222222
5839035,0.07894736842105263,0.07894736842105263,0.2894736842105263,0.5526315789473685
825668,0.06666666666666667,0.03333333333333333,0.16666666666666666,0.7333333333333333
131504,0.3103448275862069,0.10344827586206896,0.06896551724137931,0.5172413793103449
701163,0.1,0.6,0.2,0.1
776506,0.06666666666666667,0.2,0.6666666666666666,0.06666666666666667
1300008,0.14285714285714285,0.14285714285714285,0.2857142857142857,0.42857142857142855
698528,0.09090909090909091,0.09090909090909091,0.6363636363636364,0.18181818181818182
806845,0.1,0.2,0.4,0.3
141537,0.16666666666666666,0.1111111111111111,0.2777777777777778,0.4444444444444444
703967,0.6666666666666666,0.2222222222222222,0.0,0.1111111111111111
5600992,0.5,0.1,0.2,0.2
563450,0.125,0.375,0.25,0.25
653766,0.09090909090909091,0.09090909090909091,0.45454545454545453,0.36363636363636365
806055,0.09090909090909091,0.09090909090909091,0.36363636363636365,0.45454545454545453
698525,0.058823529411764705,0.058823529411764705,0.47058823529411764,0.4117647058823529
822969,0.07142857142857142,0.21428571428571427,0.35714285714285715,0.35714285714285715
467028,0.18181818181818182,0.18181818181818182,0.36363636363636365,0.2727272727272727
670838,0.0,0.2727272727272727,0.09090909090909091,0.6363636363636364
385399,0.09090909090909091,0.24242424242424243,0.5454545454545454,0.12121212121212122
3783307,0.25,0.225,0.2,0.325
694236,0.09090909090909091,0.30303030303030304,0.21212121212121213,0.3939393939393939
379185,0.07407407407407407,0.07407407407407407,0.6666666666666666,0.18518518518518517
1595324,0.03225806451612903,0.8387096774193549,0.06451612903225806,0.06451612903225806
611072,0.02631578947368421,0.20175438596491227,0.15789473684210525,0.6140350877192983
423779,0.14285714285714285,0.07142857142857142,0.42857142857142855,0.35714285714285715
634007,0.09090909090909091,0.09090909090909091,0.45454545454545453,0.36363636363636365
1433950,0.03571428571428571,0.7142857142857143,0.03571428571428571,0.21428571428571427
177484,0.09523809523809523,0.19047619047619047,0.47619047619047616,0.23809523809523808
4874474,0.1,0.1,0.7,0.1
515475,0.16666666666666666,0.0,0.4444444444444444,0.3888888888888889
593647,0.21428571428571427,0.14285714285714285,0.2857142857142857,0.35714285714285715
379193,0.034482758620689655,0.1724137931034483,0.5172413793103449,0.27586206896551724
134169,0.029411764705882353,0.4411764705882353,0.2647058823529412,0.2647058823529412
563517,0.2222222222222222,0.2222222222222222,0.2222222222222222,0.3333333333333333
551542,0.0,0.15384615384615385,0.6153846153846154,0.23076923076923078
695071,0.06451612903225806,0.3225806451612903,0.22580645161290322,0.3870967741935484
124170,0.11538461538461539,0.19230769230769232,0.23076923076923078,0.46153846153846156
719709,0.0,0.9142857142857143,0.05714285714285714,0.02857142857142857
445612,0.0,0.1111111111111111,0.1111111111111111,0.7777777777777778
824236,0.0,0.5555555555555556,0.1111111111111111,0.3333333333333333
126692,0.0,0.125,0.5,0.375
1311790,0.058823529411764705,0.058823529411764705,0.23529411764705882,0.6470588235294118
1217069,0.0,0.057692307692307696,0.019230769230769232,0.9230769230769231
328626,0.05405405405405406,0.05405405405405406,0.7297297297297297,0.16216216216216217
388947,0.1,0.2,0.2,0.5
101909,0.15217391304347827,0.0,0.10869565217391304,0.7391304347826086
49530,0.20588235294117646,0.23529411764705882,0.20588235294117646,0.35294117647058826
482512,0.45454545454545453,0.2727272727272727,0.0,0.2727272727272727
1298424,0.125,0.25,0.21875,0.40625
6392502,0.0,0.3333333333333333,0.2222222222222222,0.4444444444444444
1392125,0.0,0.18181818181818182,0.36363636363636365,0.45454545454545453
374606,0.027777777777777776,0.1111111111111111,0.6944444444444444,0.16666666666666666
3873446,0.0,0.4444444444444444,0.3333333333333333,0.2222222222222222
423829,0.08333333333333333,0.16666666666666666,0.5833333333333334,0.16666666666666666
374624,0.029411764705882353,0.08823529411764706,0.7058823529411765,0.17647058823529413
593625,0.1111111111111111,0.1111111111111111,0.2222222222222222,0.5555555555555556
445654,0.125,0.125,0.25,0.5
315746,0.2,0.2,0.3,0.3
445627,0.041666666666666664,0.2916666666666667,0.2916666666666667,0.375
168164,0.047619047619047616,0.2857142857142857,0.42857142857142855,0.23809523809523808
593637,0.1111111111111111,0.1111111111111111,0.4444444444444444,0.3333333333333333
445648,0.1111111111111111,0.1111111111111111,0.3333333333333333,0.4444444444444444
445633,0.0,0.1,0.4,0.5
593659,0.16666666666666666,0.05555555555555555,0.3333333333333333,0.4444444444444444
593661,0.09090909090909091,0.18181818181818182,0.2727272727272727,0.45454545454545453
4055737,0.21052631578947367,0.10526315789473684,0.10526315789473684,0.5789473684210527
466601,0.25,0.16666666666666666,0.08333333333333333,0.5
1210410,0.0,0.8571428571428571,0.14285714285714285,0.0
4525867,0.0,0.125,0.25,0.625
338008,0.25,0.08333333333333333,0.4166666666666667,0.25
469543,0.26666666666666666,0.06666666666666667,0.13333333333333333,0.5333333333333333
905407,0.16666666666666666,0.16666666666666666,0.25,0.4166666666666667
2135569,0.3,0.3,0.1,0.3
297454,0.0,0.1935483870967742,0.3225806451612903,0.4838709677419355
882787,0.0,0.2,0.35,0.45
4244905,0.14285714285714285,0.2857142857142857,0.2857142857142857,0.2857142857142857
1490089,0.1,0.1,0.2,0.6
5022654,0.0,0.3333333333333333,0.3333333333333333,0.3333333333333333
161083,0.07692307692307693,0.15384615384615385,0.3076923076923077,0.46153846153846156
195492,0.08695652173913043,0.08695652173913043,0.30434782608695654,0.5217391304347826
71478,0.1,0.2,0.2,0.5
1581613,0.2222222222222222,0.1111111111111111,0.0,0.6666666666666666
241205,0.08333333333333333,0.25,0.25,0.4166666666666667
487600,0.21428571428571427,0.0,0.0,0.7857142857142857
415118,0.07142857142857142,0.0,0.14285714285714285,0.7857142857142857
3068104,0.09090909090909091,0.18181818181818182,0.5454545454545454,0.18181818181818182
4720047,0.10714285714285714,0.5357142857142857,0.32142857142857145,0.03571428571428571
4644054,0.1111111111111111,0.2222222222222222,0.0,0.6666666666666666
327553,0.1,0.05,0.45,0.4
1052718,0.0,0.0,0.4166666666666667,0.5833333333333334
896399,0.125,0.0,0.625,0.25
345274,0.25,0.125,0.25,0.375
1114692,0.07142857142857142,0.07142857142857142,0.0,0.8571428571428571
967140,0.03225806451612903,0.25806451612903225,0.3548387096774194,0.3548387096774194
1245563,0.07142857142857142,0.14285714285714285,0.14285714285714285,0.6428571428571429
707577,0.2222222222222222,0.1111111111111111,0.3333333333333333,0.3333333333333333
444444,0.0,0.07142857142857142,0.21428571428571427,0.7142857142857143
675892,0.0,0.2777777777777778,0.3333333333333333,0.3888888888888889
870098,0.1111111111111111,0.1111111111111111,0.6666666666666666,0.1111111111111111
870246,0.0,0.07692307692307693,0.7692307692307693,0.15384615384615385
290308,0.1,0.1,0.5,0.3
911850,0.1,0.0,0.4,0.5
406588,0.2,0.0,0.4,0.4
480038,0.09090909090909091,0.09090909090909091,0.0,0.8181818181818182
909963,0.043478260869565216,0.4782608695652174,0.043478260869565216,0.43478260869565216
601316,0.0,0.23076923076923078,0.46153846153846156,0.3076923076923077
558213,0.15384615384615385,0.15384615384615385,0.38461538461538464,0.3076923076923077
1334353,0.0,0.46153846153846156,0.2153846153846154,0.3230769230769231
6403425,0.0,0.1111111111111111,0.3333333333333333,0.5555555555555556
3357334,0.18181818181818182,0.18181818181818182,0.18181818181818182,0.45454545454545453
559038,0.041666666666666664,0.125,0.22916666666666666,0.6041666666666666
403032,0.11764705882352941,0.29411764705882354,0.29411764705882354,0.29411764705882354
910838,0.045454545454545456,0.22727272727272727,0.5454545454545454,0.18181818181818182
6109488,0.25,0.25,0.375,0.125
660597,0.0,0.5384615384615384,0.038461538461538464,0.4230769230769231
5838585,0.2222222222222222,0.0,0.3333333333333333,0.4444444444444444
92841,0.1111111111111111,0.25925925925925924,0.37037037037037035,0.25925925925925924
81553,0.013333333333333334,0.14666666666666667,0.5866666666666667,0.25333333333333335
66688,0.0,0.13636363636363635,0.45454545454545453,0.4090909090909091
1267073,0.0625,0.0625,0.0,0.875
67530,0.1,0.2,0.3,0.4
168312,0.23076923076923078,0.07692307692307693,0.23076923076923078,0.46153846153846156
168196,0.05714285714285714,0.4857142857142857,0.08571428571428572,0.37142857142857144
137776,0.10526315789473684,0.05263157894736842,0.2631578947368421,0.5789473684210527
445304,0.1111111111111111,0.3333333333333333,0.3333333333333333,0.2222222222222222
445325,0.0,0.3333333333333333,0.4444444444444444,0.2222222222222222
643393,0.0,0.2,0.1,0.7
605383,0.15384615384615385,0.3076923076923077,0.23076923076923078,0.3076923076923077
911478,0.25,0.25,0.25,0.25
4340141,0.16666666666666666,0.08333333333333333,0.25,0.5
488644,0.08620689655172414,0.5517241379310345,0.22413793103448276,0.13793103448275862
344307,0.0,0.23529411764705882,0.058823529411764705,0.7058823529411765
268080,0.0625,0.125,0.4375,0.375
168191,0.1111111111111111,0.1111111111111111,0.4444444444444444,0.3333333333333333
3976631,0.21052631578947367,0.47368421052631576,0.15789473684210525,0.15789473684210525
911496,0.10526315789473684,0.15789473684210525,0.47368421052631576,0.2631578947368421
498096,0.0,0.4642857142857143,0.21428571428571427,0.32142857142857145
151565,0.06382978723404255,0.2127659574468085,0.3617021276595745,0.3617021276595745
364305,0.17647058823529413,0.0,0.23529411764705882,0.5882352941176471
1142070,0.06896551724137931,0.1724137931034483,0.6206896551724138,0.13793103448275862
1802259,0.125,0.0,0.25,0.625
871387,0.04,0.32,0.16,0.48
150523,0.0967741935483871,0.3225806451612903,0.25806451612903225,0.3225806451612903
870715,0.0,0.2857142857142857,0.2857142857142857,0.42857142857142855
1082494,0.17857142857142858,0.07142857142857142,0.25,0.5
6395369,0.08333333333333333,0.16666666666666666,0.3333333333333333,0.4166666666666667
4778294,0.08333333333333333,0.25,0.5,0.16666666666666666
6126073,0.0,0.6,0.2,0.2
1512203,0.0,0.375,0.375,0.25
2170427,0.0,0.125,0.375,0.5
137235,0.0,0.25925925925925924,0.18518518518518517,0.5555555555555556
800240,0.0,0.1111111111111111,0.3333333333333333,0.5555555555555556
1152388,0.0,0.0,0.46153846153846156,0.5384615384615384
2711794,0.15384615384615385,0.02564102564102564,0.23076923076923078,0.5897435897435898
5508748,0.2,0.4666666666666667,0.13333333333333333,0.2
356953,0.0,0.18181818181818182,0.5454545454545454,0.2727272727272727
7222751,0.0,0.3,0.2,0.5
946952,0.0,0.07142857142857142,0.35714285714285715,0.5714285714285714
606903,0.05555555555555555,0.3333333333333333,0.05555555555555555,0.5555555555555556
606225,0.2222222222222222,0.1111111111111111,0.05555555555555555,0.6111111111111112
948780,0.07142857142857142,0.21428571428571427,0.0,0.7142857142857143
1418263,0.047619047619047616,0.3333333333333333,0.23809523809523808,0.38095238095238093
149431,0.125,0.0,0.375,0.5
815757,0.0,0.14285714285714285,0.7142857142857143,0.14285714285714285
1560021,0.02127659574468085,0.7978723404255319,0.1595744680851064,0.02127659574468085
729812,0.043478260869565216,0.0,0.2608695652173913,0.6956521739130435
2793626,0.0,0.1,0.4,0.5
2649162,0.08333333333333333,0.08333333333333333,0.2361111111111111,0.5972222222222222
4529043,0.0,0.0,0.4,0.6
1184909,0.26666666666666666,0.13333333333333333,0.3333333333333333,0.26666666666666666
124262,0.038461538461538464,0.4423076923076923,0.46153846153846156,0.057692307692307696
163411,0.043478260869565216,0.6086956521739131,0.13043478260869565,0.21739130434782608
163426,0.125,0.25,0.375,0.25
881671,0.02631578947368421,0.42105263157894735,0.13157894736842105,0.42105263157894735
685902,0.0,0.0,0.5238095238095238,0.47619047619047616
407543,0.05263157894736842,0.21052631578947367,0.15789473684210525,0.5789473684210527
6754524,0.07246376811594203,0.08695652173913043,0.14492753623188406,0.6956521739130435
6591720,0.06451612903225806,0.45161290322580644,0.22580645161290322,0.25806451612903225
540696,0.1048951048951049,0.40559440559440557,0.11188811188811189,0.3776223776223776
3965727,0.0,0.07692307692307693,0.38461538461538464,0.5384615384615384
6785368,0.05,0.7,0.1,0.15
7225954,0.0,0.2857142857142857,0.5714285714285714,0.14285714285714285
6534879,0.06756756756756757,0.6351351351351351,0.2702702702702703,0.02702702702702703
553916,0.0,0.03571428571428571,0.08928571428571429,0.875
6551682,0.019230769230769232,0.3269230769230769,0.6153846153846154,0.038461538461538464
7037926,0.0,0.15384615384615385,0.6153846153846154,0.23076923076923078
6403793,0.0,0.0196078431372549,0.23529411764705882,0.7450980392156863
971505,0.25,0.125,0.125,0.5
1468557,0.2,0.06666666666666667,0.13333333333333333,0.6
6965972,0.0,0.0,0.2631578947368421,0.7368421052631579
6703534,0.022222222222222223,0.37777777777777777,0.37777777777777777,0.2222222222222222
2344149,0.2,0.4,0.4,0.0
6418501,0.18181818181818182,0.09090909090909091,0.45454545454545453,0.2727272727272727
6822060,0.14285714285714285,0.42857142857142855,0.21428571428571427,0.21428571428571427
4248806,0.10526315789473684,0.47368421052631576,0.3684210526315789,0.05263157894736842
256084,0.2857142857142857,0.2857142857142857,0.07142857142857142,0.35714285714285715
445570,0.0,0.18181818181818182,0.2727272727272727,0.5454545454545454
6531579,0.0,0.2727272727272727,0.6363636363636364,0.09090909090909091
282538,0.0,0.2,0.35,0.45
6530869,0.25,0.08333333333333333,0.08333333333333333,0.5833333333333334
4786554,0.0,0.16666666666666666,0.4166666666666667,0.4166666666666667
269987,0.047619047619047616,0.4523809523809524,0.4523809523809524,0.047619047619047616
938293,0.0,0.45454545454545453,0.36363636363636365,0.18181818181818182
950944,0.0,0.4444444444444444,0.4444444444444444,0.1111111111111111
891652,0.08333333333333333,0.08333333333333333,0.08333333333333333,0.75
195020,0.1,0.1,0.1,0.7
716413,0.0,0.1875,0.25,0.5625
97125,0.07317073170731707,0.43902439024390244,0.4146341463414634,0.07317073170731707
2480846,0.09090909090909091,0.09090909090909091,0.6363636363636364,0.18181818181818182
1424174,0.0,0.4,0.2,0.4
406539,0.15384615384615385,0.07692307692307693,0.23076923076923078,0.5384615384615384
97935,0.047619047619047616,0.42857142857142855,0.14285714285714285,0.38095238095238093
1476010,0.0,0.3333333333333333,0.3333333333333333,0.3333333333333333
601291,0.034482758620689655,0.06896551724137931,0.7241379310344828,0.1724137931034483
535668,0.2222222222222222,0.3333333333333333,0.3333333333333333,0.1111111111111111
6402372,0.0,0.16666666666666666,0.6666666666666666,0.16666666666666666
157080,0.12,0.08,0.44,0.36
3498657,0.0,0.21428571428571427,0.35714285714285715,0.42857142857142855
1566199,0.09090909090909091,0.2727272727272727,0.2727272727272727,0.36363636363636365
4410893,0.0,0.09090909090909091,0.09090909090909091,0.8181818181818182
3882922,0.07142857142857142,0.07142857142857142,0.5,0.35714285714285715
1455805,0.07692307692307693,0.07692307692307693,0.38461538461538464,0.46153846153846156
498270,0.05,0.2,0.3,0.45
1565849,0.0,0.35,0.15,0.5
6162229,0.07692307692307693,0.3076923076923077,0.23076923076923078,0.38461538461538464
1010785,0.0,0.375,0.5,0.125
1083795,0.25,0.25,0.4166666666666667,0.08333333333333333
692838,0.09090909090909091,0.09090909090909091,0.45454545454545453,0.36363636363636365
1185027,0.14285714285714285,0.07142857142857142,0.14285714285714285,0.6428571428571429
939857,0.0,0.45454545454545453,0.09090909090909091,0.45454545454545453
742706,0.0,0.047619047619047616,0.6190476190476191,0.3333333333333333
1059055,0.16666666666666666,0.25,0.3333333333333333,0.25
4216753,0.0,0.35294117647058826,0.35294117647058826,0.29411764705882354
168792,0.0,0.2,0.3,0.5
5032187,0.0,0.38095238095238093,0.3333333333333333,0.2857142857142857
1013195,0.1875,0.1875,0.125,0.5
607293,0.1111111111111111,0.2222222222222222,0.3333333333333333,0.3333333333333333
6495500,0.1111111111111111,0.1111111111111111,0.2222222222222222,0.5555555555555556
412445,0.16666666666666666,0.08333333333333333,0.16666666666666666,0.5833333333333334
3772559,0.08695652173913043,0.43478260869565216,0.21739130434782608,0.2608695652173913
3298836,0.05263157894736842,0.15789473684210525,0.42105263157894735,0.3684210526315789
951894,0.024390243902439025,0.15853658536585366,0.4634146341463415,0.35365853658536583
1441977,0.0,0.2777777777777778,0.3888888888888889,0.3333333333333333
393169,0.08695652173913043,0.17391304347826086,0.2608695652173913,0.4782608695652174
1429321,0.06896551724137931,0.4827586206896552,0.2413793103448276,0.20689655172413793
613530,0.1875,0.25,0.1875,0.375
580215,0.14285714285714285,0.42857142857142855,0.42857142857142855,0.0
204530,0.0,0.6,0.0,0.4
594459,0.058823529411764705,0.17647058823529413,0.11764705882352941,0.6470588235294118
437331,0.08333333333333333,0.16666666666666666,0.16666666666666666,0.5833333333333334
824109,0.058823529411764705,0.17647058823529413,0.29411764705882354,0.47058823529411764
1601766,0.0,0.2222222222222222,0.3333333333333333,0.4444444444444444
565152,0.0,0.16666666666666666,0.16666666666666666,0.6666666666666666
6259235,0.09090909090909091,0.36363636363636365,0.36363636363636365,0.18181818181818182
665350,0.011363636363636364,0.19318181818181818,0.48863636363636365,0.3068181818181818
983923,0.06930693069306931,0.46534653465346537,0.18811881188118812,0.27722772277227725
6157006,0.1111111111111111,0.5555555555555556,0.3333333333333333,0.0
1240917,0.08695652173913043,0.043478260869565216,0.13043478260869565,0.7391304347826086
934718,0.07142857142857142,0.35714285714285715,0.21428571428571427,0.35714285714285715
1361444,0.08333333333333333,0.3333333333333333,0.16666666666666666,0.4166666666666667
745130,0.03225806451612903,0.2903225806451613,0.25806451612903225,0.41935483870967744
1334745,0.05,0.375,0.4,0.175
1396534,0.045454545454545456,0.22727272727272727,0.3181818181818182,0.4090909090909091
1434081,0.0,0.6666666666666666,0.08333333333333333,0.25
913308,0.0,0.26666666666666666,0.26666666666666666,0.4666666666666667
960796,0.10526315789473684,0.21052631578947367,0.10526315789473684,0.5789473684210527
1358107,0.0,0.5,0.1,0.4
1288768,0.0625,0.3125,0.08333333333333333,0.5416666666666666
71537,0.0,0.0625,0.375,0.5625
295374,0.0,0.0,0.3333333333333333,0.6666666666666666
76453,0.0,0.0,0.375,0.625
71457,0.21428571428571427,0.0,0.21428571428571427,0.5714285714285714
191424,0.0,0.16129032258064516,0.2903225806451613,0.5483870967741935
1217658,0.26666666666666666,0.13333333333333333,0.26666666666666666,0.3333333333333333
137376,0.11627906976744186,0.16279069767441862,0.26744186046511625,0.45348837209302323
6752498,0.0,0.5,0.5,0.0
1467393,0.022727272727272728,0.36363636363636365,0.4090909090909091,0.20454545454545456
100462,0.1111111111111111,0.2777777777777778,0.3888888888888889,0.2222222222222222
849873,0.18181818181818182,0.36363636363636365,0.45454545454545453,0.0
2178501,0.125,0.375,0.375,0.125
127574,0.0,0.3548387096774194,0.5161290322580645,0.12903225806451613
856692,0.09090909090909091,0.2727272727272727,0.09090909090909091,0.5454545454545454
1137456,0.0,0.375,0.25,0.375
4195516,0.15384615384615385,0.3076923076923077,0.15384615384615385,0.38461538461538464
6658322,0.0,0.8,0.05714285714285714,0.14285714285714285
6891369,0.07692307692307693,0.07692307692307693,0.07692307692307693,0.7692307692307693
4937918,0.0,0.0625,0.0625,0.875
975289,0.047619047619047616,0.2857142857142857,0.19047619047619047,0.47619047619047616
961779,0.0,0.2857142857142857,0.14285714285714285,0.5714285714285714
1591965,0.0,0.6206896551724138,0.13793103448275862,0.2413793103448276
163386,0.0,0.0,0.45454545454545453,0.5454545454545454
370784,0.0,0.0,0.5454545454545454,0.45454545454545453
457468,0.14285714285714285,0.0,0.42857142857142855,0.42857142857142855
1045105,0.0,0.4444444444444444,0.3333333333333333,0.2222222222222222
995721,0.0,0.2222222222222222,0.5555555555555556,0.2222222222222222
684126,0.0,0.46153846153846156,0.46153846153846156,0.07692307692307693
877047,0.21428571428571427,0.17857142857142858,0.21428571428571427,0.39285714285714285
621298,0.05555555555555555,0.05555555555555555,0.3888888888888889,0.5
1298383,0.1,0.2833333333333333,0.31666666666666665,0.3
3593180,0.0,0.2222222222222222,0.3333333333333333,0.4444444444444444
7218292,0.2,0.1,0.2,0.5
6345680,0.0,0.3,0.6,0.1
6792616,0.36363636363636365,0.09090909090909091,0.09090909090909091,0.45454545454545453
5102193,0.1111111111111111,0.2222222222222222,0.0,0.6666666666666666
5092096,0.13333333333333333,0.6,0.13333333333333333,0.13333333333333333
2289262,0.07692307692307693,0.3076923076923077,0.3076923076923077,0.3076923076923077
5967478,0.875,0.0,0.0,0.125
1480893,0.3,0.1,0.2,0.4
1415833,0.045454545454545456,0.2727272727272727,0.5454545454545454,0.13636363636363635
698643,0.08333333333333333,0.25,0.16666666666666666,0.5
1106982,0.21428571428571427,0.14285714285714285,0.42857142857142855,0.21428571428571427
163132,0.1,0.1,0.6,0.2
533919,0.2857142857142857,0.21428571428571427,0.14285714285714285,0.35714285714285715
1527827,0.09090909090909091,0.0,0.36363636363636365,0.5454545454545454
5803915,0.25,0.125,0.0,0.625
47548,0.05,0.05,0.15,0.75
45264,0.175,0.1,0.1,0.625
52795,0.21052631578947367,0.3157894736842105,0.0,0.47368421052631576
53640,0.1,0.6,0.1,0.2
73873,0.1875,0.0,0.125,0.6875
45065,0.19047619047619047,0.09523809523809523,0.3333333333333333,0.38095238095238093
1906875,0.16666666666666666,0.125,0.16666666666666666,0.5416666666666666
576845,0.23076923076923078,0.3076923076923077,0.15384615384615385,0.3076923076923077
6959404,0.07692307692307693,0.5384615384615384,0.23076923076923078,0.15384615384615385
3751242,0.0,0.0,0.6363636363636364,0.36363636363636365
335422,0.25,0.16666666666666666,0.25,0.3333333333333333
1311290,0.3333333333333333,0.3333333333333333,0.3333333333333333,0.0
938389,0.0,0.16666666666666666,0.1111111111111111,0.7222222222222222
1059511,0.0,0.2222222222222222,0.6666666666666666,0.1111111111111111
920869,0.0,0.2,0.2,0.6
941317,0.09090909090909091,0.09090909090909091,0.18181818181818182,0.6363636363636364
822265,0.0,0.2222222222222222,0.3055555555555556,0.4722222222222222
138397,0.39473684210526316,0.02631578947368421,0.07894736842105263,0.5
74758,0.11538461538461539,0.19230769230769232,0.4230769230769231,0.2692307692307692
197847,0.09090909090909091,0.5454545454545454,0.045454545454545456,0.3181818181818182
170521,0.14285714285714285,0.09523809523809523,0.23809523809523808,0.5238095238095238
197842,0.13636363636363635,0.4090909090909091,0.13636363636363635,0.3181818181818182
604784,0.1,0.55,0.15,0.2
566492,0.09090909090909091,0.2727272727272727,0.36363636363636365,0.2727272727272727
231284,0.25,0.3125,0.3125,0.125
983974,0.05714285714285714,0.6571428571428571,0.11428571428571428,0.17142857142857143
251108,0.14285714285714285,0.3333333333333333,0.23809523809523808,0.2857142857142857
974045,0.3333333333333333,0.0,0.3333333333333333,0.3333333333333333
6706112,0.0,0.3076923076923077,0.3076923076923077,0.38461538461538464
135370,0.1125,0.2875,0.125,0.475
79388,0.0784313725490196,0.2549019607843137,0.11764705882352941,0.5490196078431373
327617,0.125,0.125,0.3125,0.4375
766490,0.08333333333333333,0.4166666666666667,0.08333333333333333,0.4166666666666667
144156,0.25806451612903225,0.03225806451612903,0.0967741935483871,0.6129032258064516
876171,0.0,0.08571428571428572,0.45714285714285713,0.45714285714285713
297375,0.08333333333333333,0.0,0.25,0.6666666666666666
148467,0.043478260869565216,0.30434782608695654,0.08695652173913043,0.5652173913043478
362896,0.058823529411764705,0.058823529411764705,0.17647058823529413,0.7058823529411765
610045,0.3548387096774194,0.03225806451612903,0.0967741935483871,0.5161290322580645
396258,0.2,0.1,0.2,0.5
159143,0.125,0.125,0.25,0.5
150994,0.5,0.125,0.125,0.25
278680,0.1111111111111111,0.1111111111111111,0.2222222222222222,0.5555555555555556
721907,0.0,0.35,0.15,0.5
6393261,0.0,0.125,0.75,0.125
182321,0.0,0.2,0.2,0.6
1240184,0.0,0.1,0.8,0.1
124160,0.026737967914438502,0.47058823529411764,0.2192513368983957,0.28342245989304815
349901,0.06680584551148225,0.5887265135699373,0.06680584551148225,0.2776617954070981
137791,0.058823529411764705,0.08823529411764706,0.38235294117647056,0.47058823529411764
493453,0.0,0.25,0.1875,0.5625
329445,0.0,0.375,0.25,0.375
594195,0.16666666666666666,0.16666666666666666,0.25,0.4166666666666667
882627,0.0,0.3333333333333333,0.3333333333333333,0.3333333333333333
124164,0.0,0.3076923076923077,0.23076923076923078,0.46153846153846156
746322,0.07142857142857142,0.21428571428571427,0.21428571428571427,0.5
1118052,0.0,0.35714285714285715,0.21428571428571427,0.42857142857142855
131486,0.08333333333333333,0.25,0.4166666666666667,0.25
233653,0.1875,0.125,0.3125,0.375
7186950,0.09090909090909091,0.09090909090909091,0.6363636363636364,0.18181818181818182
6846394,0.0,0.0,0.7,0.3
1519669,0.047619047619047616,0.19047619047619047,0.38095238095238093,0.38095238095238093
450243,0.0,0.0,0.36363636363636365,0.6363636363636364
6517708,0.0,0.2857142857142857,0.4857142857142857,0.22857142857142856
978444,0.2857142857142857,0.2857142857142857,0.2857142857142857,0.14285714285714285
1827818,0.05263157894736842,0.3157894736842105,0.631578947368421,0.0
897416,0.25,0.0,0.4166666666666667,0.3333333333333333
374506,0.018867924528301886,0.39622641509433965,0.3584905660377358,0.22641509433962265
350665,0.015625,0.375,0.390625,0.21875
292827,0.5294117647058824,0.058823529411764705,0.17647058823529413,0.23529411764705882
1439402,0.0,0.4666666666666667,0.13333333333333333,0.4
1472514,0.0,0.18181818181818182,0.2727272727272727,0.5454545454545454
1151829,0.0,0.5625,0.1875,0.25
1439138,0.0,0.21428571428571427,0.2857142857142857,0.5
284452,0.07142857142857142,0.2857142857142857,0.14285714285714285,0.5
1439150,0.0,0.2777777777777778,0.2777777777777778,0.4444444444444444
1439156,0.0,0.38461538461538464,0.15384615384615385,0.46153846153846156
1439174,0.0,0.42857142857142855,0.21428571428571427,0.35714285714285715
1439200,0.03571428571428571,0.35714285714285715,0.14285714285714285,0.4642857142857143
1472543,0.058823529411764705,0.35294117647058826,0.17647058823529413,0.4117647058823529
1921376,0.0,0.5454545454545454,0.18181818181818182,0.2727272727272727
1436942,0.0,0.5,0.14285714285714285,0.35714285714285715
1436933,0.0,0.4782608695652174,0.13043478260869565,0.391304347826087
1436931,0.0,0.39473684210526316,0.15789473684210525,0.4473684210526316
1444462,0.0,0.43478260869565216,0.13043478260869565,0.43478260869565216
379738,0.0,0.36363636363636365,0.36363636363636365,0.2727272727272727
1439222,0.0,0.5,0.1111111111111111,0.3888888888888889
1436937,0.0,0.47619047619047616,0.14285714285714285,0.38095238095238093
407874,0.037037037037037035,0.1111111111111111,0.4074074074074074,0.4444444444444444
1326507,0.0,0.09090909090909091,0.5454545454545454,0.36363636363636365
931626,0.14285714285714285,0.21428571428571427,0.42857142857142855,0.21428571428571427
619763,0.1111111111111111,0.3888888888888889,0.2222222222222222,0.2777777777777778
494859,0.1,0.0,0.1,0.8
152552,0.0,0.5,0.16666666666666666,0.3333333333333333
1373864,0.0,0.4,0.1,0.5
744853,0.0,0.42857142857142855,0.19047619047619047,0.38095238095238093
1138785,0.0,0.3333333333333333,0.1111111111111111,0.5555555555555556
1372581,0.0,0.25,0.25,0.5
509480,0.0,0.25,0.20833333333333334,0.5416666666666666
494271,0.1,0.3,0.3,0.3
705241,0.11764705882352941,0.35294117647058826,0.058823529411764705,0.47058823529411764
949234,0.23076923076923078,0.15384615384615385,0.0,0.6153846153846154
939336,0.17647058823529413,0.4117647058823529,0.11764705882352941,0.29411764705882354
400582,0.058823529411764705,0.23529411764705882,0.23529411764705882,0.47058823529411764
545924,0.06666666666666667,0.06666666666666667,0.26666666666666666,0.6
126700,0.0,0.25,0.5,0.25
445358,0.25,0.25,0.25,0.25
516577,0.25,0.25,0.5,0.0
127303,0.5,0.0,0.3888888888888889,0.1111111111111111
177007,0.2,0.5,0.0,0.3
195093,0.17647058823529413,0.17647058823529413,0.17647058823529413,0.47058823529411764
742360,0.07692307692307693,0.15384615384615385,0.5384615384615384,0.23076923076923078
720470,0.03125,0.21875,0.53125,0.21875
615074,0.06666666666666667,0.2,0.26666666666666666,0.4666666666666667
1405193,0.2,0.1,0.3,0.4
382232,0.08695652173913043,0.21739130434782608,0.30434782608695654,0.391304347826087
842940,0.15384615384615385,0.3076923076923077,0.23076923076923078,0.3076923076923077
489463,0.0,0.08333333333333333,0.3333333333333333,0.5833333333333334
910310,0.0,0.21428571428571427,0.42857142857142855,0.35714285714285715
60196,0.09090909090909091,0.22727272727272727,0.5,0.18181818181818182
345039,0.09090909090909091,0.36363636363636365,0.18181818181818182,0.36363636363636365
333178,0.15384615384615385,0.23076923076923078,0.3076923076923077,0.3076923076923077
100399,0.07142857142857142,0.21428571428571427,0.17857142857142858,0.5357142857142857
141093,0.0,0.3,0.4,0.3
141102,0.038461538461538464,0.19230769230769232,0.3076923076923077,0.46153846153846156
1321979,0.07692307692307693,0.15384615384615385,0.23076923076923078,0.5384615384615384
1317761,0.08333333333333333,0.0,0.4166666666666667,0.5
1271539,0.0,0.26666666666666666,0.4666666666666667,0.26666666666666666
236692,0.03333333333333333,0.16666666666666666,0.26666666666666666,0.5333333333333333
260191,0.15384615384615385,0.15384615384615385,0.3076923076923077,0.38461538461538464
904695,0.0625,0.25,0.25,0.4375
590026,0.06666666666666667,0.26666666666666666,0.3333333333333333,0.3333333333333333
1011515,0.125,0.1875,0.5625,0.125
1109427,0.0,0.375,0.16666666666666666,0.4583333333333333
583149,0.0,0.25,0.375,0.375
162628,0.1,0.4,0.3,0.2
296870,0.0,0.3125,0.25,0.4375
227553,0.0,0.5,0.3,0.2
296137,0.0,0.18181818181818182,0.2727272727272727,0.5454545454545454
46169,0.29411764705882354,0.23529411764705882,0.35294117647058826,0.11764705882352941
223371,0.0,0.1111111111111111,0.3333333333333333,0.5555555555555556
391801,0.0392156862745098,0.3333333333333333,0.23529411764705882,0.39215686274509803
209232,0.0,0.22580645161290322,0.2903225806451613,0.4838709677419355
1119290,0.25,0.1875,0.3125,0.25
863728,0.14285714285714285,0.14285714285714285,0.07142857142857142,0.6428571428571429
6116221,0.125,0.25,0.5,0.125
1236697,0.09090909090909091,0.2727272727272727,0.18181818181818182,0.45454545454545453
212184,0.0,0.0,0.4444444444444444,0.5555555555555556
130533,0.043478260869565216,0.2608695652173913,0.2608695652173913,0.43478260869565216
1601256,0.0,0.36363636363636365,0.2727272727272727,0.36363636363636365
3174134,0.0625,0.125,0.25,0.5625
7214117,0.14285714285714285,0.5,0.07142857142857142,0.2857142857142857
7291219,0.0,0.1,0.4,0.5
7257335,0.23529411764705882,0.29411764705882354,0.17647058823529413,0.29411764705882354
7248736,0.1,0.4,0.3,0.2
7212699,0.3,0.2,0.2,0.3
7216635,0.0,0.4,0.37142857142857144,0.22857142857142856
601976,0.045454545454545456,0.3181818181818182,0.22727272727272727,0.4090909090909091
449758,0.043478260869565216,0.08695652173913043,0.6956521739130435,0.17391304347826086
124587,0.05555555555555555,0.16666666666666666,0.5555555555555556,0.2222222222222222
4988797,0.09090909090909091,0.18181818181818182,0.36363636363636365,0.36363636363636365
1431209,0.11904761904761904,0.14285714285714285,0.2857142857142857,0.4523809523809524
7248680,0.1,0.3,0.1,0.5
555828,0.2222222222222222,0.2222222222222222,0.2222222222222222,0.3333333333333333
1486236,0.05,0.3,0.3,0.35
6712720,0.1,0.1,0.3,0.5
1527419,0.0,0.4,0.3,0.3
6997654,0.0,0.2222222222222222,0.4444444444444444,0.3333333333333333
4596098,0.024390243902439025,0.34146341463414637,0.2682926829268293,0.36585365853658536
5835605,0.0,0.2,0.6,0.2
1802655,0.7,0.0,0.0,0.3
7320728,0.0,0.8,0.1,0.1
7221237,0.0,0.0,0.0,1.0
7091943,0.0,0.08823529411764706,0.058823529411764705,0.8529411764705882
6352015,0.07142857142857142,0.14285714285714285,0.2857142857142857,0.5
6348382,0.0,0.2,0.6,0.2
841859,0.0,0.2,0.5,0.3
560671,0.0,0.36363636363636365,0.22727272727272727,0.4090909090909091
7088307,0.2,0.1,0.2,0.5
7281885,0.0,0.05263157894736842,0.9473684210526315,0.0
770878,0.125,0.25,0.125,0.5
1244186,0.0,0.2,0.4,0.4
7112674,0.0,0.0,0.9,0.1
7340060,0.0,0.9,0.0,0.1
991158,0.16666666666666666,0.5,0.0,0.3333333333333333
6560326,0.05555555555555555,0.16666666666666666,0.3888888888888889,0.3888888888888889
7318900,0.0,0.3333333333333333,0.0,0.6666666666666666
6981485,0.5,0.0,0.5,0.0
6608195,0.0,0.1,0.8,0.1
6965413,0.07692307692307693,0.0,0.38461538461538464,0.5384615384615384
7198079,0.1111111111111111,0.1111111111111111,0.1111111111111111,0.6666666666666666
5324652,0.07142857142857142,0.21428571428571427,0.6428571428571429,0.07142857142857142
6834914,0.16981132075471697,0.14465408805031446,0.27044025157232704,0.41509433962264153
7167566,0.07692307692307693,0.15384615384615385,0.6153846153846154,0.15384615384615385
2969115,0.2730496453900709,0.25886524822695034,0.20567375886524822,0.2624113475177305
6827347,0.11764705882352941,0.058823529411764705,0.5294117647058824,0.29411764705882354
615577,0.07692307692307693,0.15384615384615385,0.23076923076923078,0.5384615384615384
6651855,0.1,0.3,0.2,0.4
825224,0.058823529411764705,0.11764705882352941,0.11764705882352941,0.7058823529411765
6609651,0.2,0.2,0.3333333333333333,0.26666666666666666
7012975,0.3125,0.1875,0.1875,0.3125
6973631,0.2,0.25,0.4,0.15
7191996,0.20270270270270271,0.0945945945945946,0.25675675675675674,0.44594594594594594
526384,0.1111111111111111,0.1111111111111111,0.16666666666666666,0.6111111111111112
6466623,0.14285714285714285,0.07142857142857142,0.14285714285714285,0.6428571428571429
6837495,0.17647058823529413,0.11764705882352941,0.23529411764705882,0.47058823529411764
7148048,0.0,0.07692307692307693,0.15384615384615385,0.7692307692307693
6335377,0.0,0.18181818181818182,0.5454545454545454,0.2727272727272727
1510868,0.058823529411764705,0.058823529411764705,0.29411764705882354,0.5882352941176471
7105671,0.06666666666666667,0.06666666666666667,0.6666666666666666,0.2
6834839,0.15139442231075698,0.10358565737051793,0.27091633466135456,0.47410358565737054
7128649,0.07692307692307693,0.23076923076923078,0.38461538461538464,0.3076923076923077
6870942,0.0625,0.3125,0.5625,0.0625
6740640,0.0,0.2,0.4,0.4
7125025,0.0,0.13333333333333333,0.2,0.6666666666666666
992733,0.08333333333333333,0.08333333333333333,0.08333333333333333,0.75
7232793,0.0,0.1875,0.125,0.6875
7147725,0.0,0.18181818181818182,0.45454545454545453,0.36363636363636365
7213633,0.21428571428571427,0.21428571428571427,0.42857142857142855,0.14285714285714285
6412088,0.15384615384615385,0.07692307692307693,0.3076923076923077,0.46153846153846156
468124,0.09090909090909091,0.5454545454545454,0.0,0.36363636363636365
816289,0.0,0.14285714285714285,0.5714285714285714,0.2857142857142857
424354,0.07692307692307693,0.5384615384615384,0.38461538461538464,0.0
4250064,0.0,0.3,0.5,0.2
7209017,0.1111111111111111,0.1111111111111111,0.3333333333333333,0.4444444444444444
804946,0.0,0.4,0.16,0.44
7121835,0.045454545454545456,0.13636363636363635,0.6818181818181818,0.13636363636363635
7055926,0.0,0.09090909090909091,0.09090909090909091,0.8181818181818182
7039627,0.0,0.5,0.47058823529411764,0.029411764705882353
5864515,0.17647058823529413,0.17647058823529413,0.35294117647058826,0.29411764705882354
6970015,0.08333333333333333,0.08333333333333333,0.5,0.3333333333333333
7078281,0.0,1.0,0.0,0.0
7078040,0.05,0.0,0.05,0.9
6388006,0.15789473684210525,0.21052631578947367,0.2631578947368421,0.3684210526315789
861052,0.0,0.17647058823529413,0.29411764705882354,0.5294117647058824
1568701,0.037037037037037035,0.3333333333333333,0.25925925925925924,0.37037037037037035
1250865,0.0,0.38461538461538464,0.0,0.6153846153846154
988942,0.0,0.4583333333333333,0.16666666666666666,0.375
3456427,0.1,0.3,0.4,0.2
1572196,0.0,0.25,0.6666666666666666,0.08333333333333333
3950890,0.0,0.45454545454545453,0.2727272727272727,0.2727272727272727
1126893,0.05555555555555555,0.2222222222222222,0.2777777777777778,0.4444444444444444
132041,0.043478260869565216,0.006688963210702341,0.010033444816053512,0.939799331103679
168774,0.0,0.18181818181818182,0.36363636363636365,0.45454545454545453
6782742,0.0,0.0,0.3,0.7
147808,0.1276595744680851,0.3191489361702128,0.10638297872340426,0.44680851063829785
4864444,0.0625,0.3125,0.3125,0.3125
6361482,0.0,0.022727272727272728,0.4090909090909091,0.5681818181818182
6462017,0.0,0.1,0.5,0.4
6574696,0.2,0.0,0.0,0.8
6519536,0.1935483870967742,0.06451612903225806,0.16129032258064516,0.5806451612903226
2906383,0.0,0.45454545454545453,0.18181818181818182,0.36363636363636365
6016693,0.1111111111111111,0.1111111111111111,0.3333333333333333,0.4444444444444444
5095436,0.08333333333333333,0.08333333333333333,0.25,0.5833333333333334
6594059,0.0625,0.125,0.3125,0.5
734930,0.0,0.0,0.8888888888888888,0.1111111111111111
222528,0.125,0.25,0.375,0.25
2908926,0.0,0.6451612903225806,0.25806451612903225,0.0967741935483871
66195,0.4,0.13333333333333333,0.4,0.06666666666666667
5432363,0.0,0.2727272727272727,0.09090909090909091,0.6363636363636364
6652226,0.0,0.125,0.5,0.375
6522374,0.0625,0.3125,0.625,0.0
4591483,0.06666666666666667,0.4,0.26666666666666666,0.26666666666666666
6662603,0.0,0.16666666666666666,0.6111111111111112,0.2222222222222222
6566027,0.1,0.0,0.3,0.6
3224107,0.0,0.3,0.3,0.4
154959,0.18181818181818182,0.09090909090909091,0.09090909090909091,0.6363636363636364
1480626,0.0,0.375,0.125,0.5
6581417,0.22727272727272727,0.022727272727272728,0.1590909090909091,0.5909090909090909
6318977,0.25,0.16666666666666666,0.25,0.3333333333333333
707563,0.07692307692307693,0.07692307692307693,0.5384615384615384,0.3076923076923077
445395,0.0,0.0,0.2857142857142857,0.7142857142857143
209178,0.11904761904761904,0.13095238095238096,0.12698412698412698,0.623015873015873
4722663,0.0,0.5,0.3,0.2
5888252,0.0,0.3333333333333333,0.16666666666666666,0.5
1704154,0.0,0.0,0.5,0.5
346025,0.7,0.0,0.1,0.2
1544777,0.14285714285714285,0.35714285714285715,0.2857142857142857,0.21428571428571427
951010,0.09090909090909091,0.18181818181818182,0.7272727272727273,0.0
870419,0.1111111111111111,0.1111111111111111,0.5185185185185185,0.25925925925925924
3577684,0.25,0.16666666666666666,0.4166666666666667,0.16666666666666666
799158,0.15942028985507245,0.17391304347826086,0.2608695652173913,0.4057971014492754
1094960,0.02702702702702703,0.10810810810810811,0.05405405405405406,0.8108108108108109
979134,0.09090909090909091,0.6363636363636364,0.0,0.2727272727272727
723547,0.06666666666666667,0.2,0.3333333333333333,0.4
1221576,0.05,0.05,0.45,0.45
951981,0.02631578947368421,0.02631578947368421,0.39473684210526316,0.5526315789473685
1549818,0.0,0.6363636363636364,0.2727272727272727,0.09090909090909091
1263210,0.14285714285714285,0.14285714285714285,0.2857142857142857,0.42857142857142855
823413,0.09090909090909091,0.36363636363636365,0.36363636363636365,0.18181818181818182
1343614,0.0,0.09090909090909091,0.5454545454545454,0.36363636363636365
349896,0.1111111111111111,0.0,0.2222222222222222,0.6666666666666666
169736,0.15384615384615385,0.3076923076923077,0.15384615384615385,0.38461538461538464
6414264,0.0,0.1,0.1,0.8
587016,0.058823529411764705,0.11764705882352941,0.11764705882352941,0.7058823529411765
6340573,0.0,0.0,0.0,1.0
6259427,0.0,0.4117647058823529,0.5294117647058824,0.058823529411764705
1254437,0.0,0.06666666666666667,0.13333333333333333,0.8
984018,0.0,0.7777777777777778,0.1111111111111111,0.1111111111111111
816170,0.0,0.375,0.625,0.0
1206617,0.05536332179930796,0.02768166089965398,0.3806228373702422,0.5363321799307958
3292670,0.08333333333333333,0.16666666666666666,0.5,0.25
6351882,0.0,0.1,0.5,0.4
703991,0.125,0.375,0.0,0.5
6419009,0.07142857142857142,0.42857142857142855,0.0,0.5
134588,0.0,0.2,0.2,0.6
2036970,0.0,0.23809523809523808,0.09523809523809523,0.6666666666666666
4243060,0.0,0.4444444444444444,0.2222222222222222,0.3333333333333333
2996588,0.0,0.23076923076923078,0.23076923076923078,0.5384615384615384
1434116,0.0,0.36363636363636365,0.18181818181818182,0.45454545454545453
6437930,0.29411764705882354,0.11764705882352941,0.0,0.5882352941176471
130378,0.0,0.15384615384615385,0.6923076923076923,0.15384615384615385
789605,0.0,0.5,0.375,0.125
822644,0.0,0.23076923076923078,0.6923076923076923,0.07692307692307693
4821516,0.06535947712418301,0.026143790849673203,0.032679738562091505,0.8758169934640523
1517839,0.09090909090909091,0.45454545454545453,0.09090909090909091,0.36363636363636365
5421500,0.1,0.2,0.0,0.7
408350,0.1,0.4,0.1,0.4
1542242,0.1,0.2,0.1,0.6
828286,0.125,0.375,0.375,0.125
2429419,0.14285714285714285,0.07142857142857142,0.0,0.7857142857142857
2815156,0.08333333333333333,0.16666666666666666,0.3333333333333333,0.4166666666666667
973822,0.0,0.2222222222222222,0.6111111111111112,0.16666666666666666
4068129,0.1111111111111111,0.3333333333333333,0.1111111111111111,0.4444444444444444
541478,0.18181818181818182,0.09090909090909091,0.36363636363636365,0.36363636363636365
6352039,0.06896551724137931,0.10344827586206896,0.3793103448275862,0.4482758620689655
6281271,0.125,0.375,0.125,0.375
830505,0.18181818181818182,0.09090909090909091,0.36363636363636365,0.36363636363636365
126698,0.09090909090909091,0.18181818181818182,0.2727272727272727,0.45454545454545453
445593,0.08333333333333333,0.25,0.25,0.4166666666666667
445579,0.0,0.16666666666666666,0.3333333333333333,0.5
149278,0.07692307692307693,0.38461538461538464,0.23076923076923078,0.3076923076923077
163154,0.23076923076923078,0.38461538461538464,0.3076923076923077,0.07692307692307693
2733936,0.08196721311475409,0.13114754098360656,0.2459016393442623,0.5409836065573771
4744013,0.0,0.16666666666666666,0.3333333333333333,0.5
5751075,0.0,0.09090909090909091,0.09090909090909091,0.8181818181818182
5750904,0.07692307692307693,0.15384615384615385,0.07692307692307693,0.6923076923076923
647462,0.0,0.3333333333333333,0.3333333333333333,0.3333333333333333
5042419,0.0,0.09090909090909091,0.18181818181818182,0.7272727272727273
1439940,0.2857142857142857,0.14285714285714285,0.0,0.5714285714285714
6406297,0.0,0.3333333333333333,0.4,0.26666666666666666
653048,0.0,0.3333333333333333,0.6666666666666666,0.0
2701072,0.0,0.4444444444444444,0.4444444444444444,0.1111111111111111
1353747,0.0,0.16666666666666666,0.5833333333333334,0.25
996181,0.18181818181818182,0.09090909090909091,0.36363636363636365,0.36363636363636365
2468328,0.0,0.09090909090909091,0.45454545454545453,0.45454545454545453
4907260,0.0,0.95,0.0,0.05
651015,0.09090909090909091,0.2,0.18181818181818182,0.5272727272727272
1089876,0.0,0.16666666666666666,0.4166666666666667,0.4166666666666667
397743,0.36363636363636365,0.18181818181818182,0.09090909090909091,0.36363636363636365
481085,0.16666666666666666,0.5555555555555556,0.05555555555555555,0.2222222222222222
222141,0.1,0.3,0.2,0.4
2528801,0.21428571428571427,0.14285714285714285,0.07142857142857142,0.5714285714285714
268431,0.26666666666666666,0.3333333333333333,0.26666666666666666,0.13333333333333333
572029,0.03409090909090909,0.7613636363636364,0.06818181818181818,0.13636363636363635
349758,0.11428571428571428,0.22857142857142856,0.3142857142857143,0.34285714285714286
349926,0.045454545454545456,0.45454545454545453,0.2727272727272727,0.22727272727272727
349805,0.05555555555555555,0.2777777777777778,0.2777777777777778,0.3888888888888889
828922,0.18181818181818182,0.2727272727272727,0.2727272727272727,0.2727272727272727
822761,0.19047619047619047,0.2857142857142857,0.3333333333333333,0.19047619047619047
449908,0.13333333333333333,0.4,0.3333333333333333,0.13333333333333333
450078,0.05555555555555555,0.4444444444444444,0.3333333333333333,0.16666666666666666
465854,0.07142857142857142,0.42857142857142855,0.42857142857142855,0.07142857142857142
168183,0.05555555555555555,0.1111111111111111,0.2222222222222222,0.6111111111111112
127779,0.1,0.2,0.4,0.3
652742,0.125,0.1875,0.4375,0.25
423501,0.0,0.4,0.4,0.2
3412135,0.0,0.45454545454545453,0.2727272727272727,0.2727272727272727
1057703,0.0,0.5,0.5,0.0
669525,0.0,0.11764705882352941,0.6666666666666666,0.21568627450980393
1081632,0.0,0.5555555555555556,0.2222222222222222,0.2222222222222222
3594286,0.25,0.125,0.125,0.5
540903,0.058823529411764705,0.058823529411764705,0.35294117647058826,0.5294117647058824
429340,0.05555555555555555,0.05555555555555555,0.16666666666666666,0.7222222222222222
245529,0.09090909090909091,0.45454545454545453,0.2727272727272727,0.18181818181818182
5511985,0.0,0.0,0.8333333333333334,0.16666666666666666
575569,0.14285714285714285,0.21428571428571427,0.21428571428571427,0.42857142857142855
1229887,0.125,0.0,0.375,0.5
426179,0.08333333333333333,0.08333333333333333,0.16666666666666666,0.6666666666666666
3236548,0.0,0.2,0.2,0.6
713599,0.2,0.1,0.2,0.5
6350673,0.4166666666666667,0.16666666666666666,0.0,0.4166666666666667
1383781,0.09090909090909091,0.45454545454545453,0.09090909090909091,0.36363636363636365
860950,0.0,0.35294117647058826,0.17647058823529413,0.47058823529411764
860942,0.0,0.42857142857142855,0.10714285714285714,0.4642857142857143
860785,0.0,0.358974358974359,0.07692307692307693,0.5641025641025641
3667431,0.0,0.36363636363636365,0.18181818181818182,0.45454545454545453
5441880,0.25,0.08333333333333333,0.08333333333333333,0.5833333333333334
4937879,0.15384615384615385,0.23076923076923078,0.0,0.6153846153846154
148761,0.07142857142857142,0.5,0.14285714285714285,0.2857142857142857
4640494,0.0,0.26666666666666666,0.2,0.5333333333333333
1449154,0.0,0.47058823529411764,0.11764705882352941,0.4117647058823529
3998552,0.0,0.4444444444444444,0.1111111111111111,0.4444444444444444
4163863,0.0,0.36363636363636365,0.18181818181818182,0.45454545454545453
2966601,0.1,0.5,0.1,0.3
1449119,0.0,0.3333333333333333,0.16666666666666666,0.5
5981875,0.1,0.6,0.1,0.2
2292295,0.0625,0.4375,0.0625,0.4375
910176,0.0,0.27586206896551724,0.20689655172413793,0.5172413793103449
6111504,0.012987012987012988,0.8701298701298701,0.05194805194805195,0.06493506493506493
6154330,0.047619047619047616,0.38095238095238093,0.047619047619047616,0.5238095238095238
6154421,0.09090909090909091,0.45454545454545453,0.09090909090909091,0.36363636363636365
1161999,0.16666666666666666,0.16666666666666666,0.1111111111111111,0.5555555555555556
1082493,0.04,0.24,0.2,0.52
822728,0.13333333333333333,0.4,0.06666666666666667,0.4
406714,0.0625,0.125,0.5,0.3125
137751,0.1111111111111111,0.1111111111111111,0.3333333333333333,0.4444444444444444
136716,0.09090909090909091,0.09090909090909091,0.45454545454545453,0.36363636363636365
84353,0.0,0.3076923076923077,0.23076923076923078,0.46153846153846156
786174,0.0,0.1111111111111111,0.3333333333333333,0.5555555555555556
804498,0.041666666666666664,0.5833333333333334,0.125,0.25
1583327,0.1,0.1,0.2,0.6
1207870,0.047619047619047616,0.2857142857142857,0.47619047619047616,0.19047619047619047
6233920,0.0,0.1,0.3,0.6
1991989,0.11428571428571428,0.0,0.45714285714285713,0.42857142857142855
323466,0.0,0.07692307692307693,0.19230769230769232,0.7307692307692307
323460,0.0,0.16666666666666666,0.2777777777777778,0.5555555555555556
2049474,0.1,0.3,0.4,0.2
3553124,0.1,0.3,0.1,0.5
3355370,0.15384615384615385,0.3076923076923077,0.23076923076923078,0.3076923076923077
1533685,0.1111111111111111,0.5555555555555556,0.1111111111111111,0.2222222222222222
869658,0.058823529411764705,0.17647058823529413,0.29411764705882354,0.47058823529411764
6260363,0.08333333333333333,0.3333333333333333,0.4166666666666667,0.16666666666666666
381527,0.0,0.3125,0.25,0.4375
1528029,0.0,0.4,0.4,0.2
2969137,0.0,0.3333333333333333,0.4166666666666667,0.25
775196,0.0,0.14285714285714285,0.6190476190476191,0.23809523809523808
5121303,0.08333333333333333,0.5,0.3333333333333333,0.08333333333333333
5952152,0.0,0.0,0.36363636363636365,0.6363636363636364
6166648,0.0,0.09090909090909091,0.6363636363636364,0.2727272727272727
335753,0.047619047619047616,0.047619047619047616,0.047619047619047616,0.8571428571428571
1161180,0.03125,0.03125,0.3125,0.625
1268725,0.625,0.0,0.0,0.375
517974,0.2857142857142857,0.0,0.2857142857142857,0.42857142857142855
1179427,0.16666666666666666,0.16666666666666666,0.5,0.16666666666666666
66198,0.2,0.1,0.4,0.3
222494,0.05,0.05,0.65,0.25
2854399,0.0,0.0,0.2,0.8
338256,0.0,0.07692307692307693,0.7692307692307693,0.15384615384615385
2458543,0.0,0.0,0.8888888888888888,0.1111111111111111
289061,0.0,0.2222222222222222,0.3333333333333333,0.4444444444444444
46155,0.0625,0.09375,0.6875,0.15625
385642,0.0,0.125,0.5,0.375
5802819,0.16666666666666666,0.18518518518518517,0.09259259259259259,0.5555555555555556
3632406,0.07142857142857142,0.14285714285714285,0.21428571428571427,0.5714285714285714
357111,0.1111111111111111,0.1111111111111111,0.4444444444444444,0.3333333333333333
168742,0.18181818181818182,0.18181818181818182,0.36363636363636365,0.2727272727272727
2160611,0.5,0.3,0.0,0.2
609757,0.0,0.25,0.5,0.25
515375,0.21739130434782608,0.08695652173913043,0.13043478260869565,0.5652173913043478
156346,0.22727272727272727,0.45454545454545453,0.045454545454545456,0.2727272727272727
512050,0.16666666666666666,0.16666666666666666,0.08333333333333333,0.5833333333333334
337731,0.0,0.4375,0.125,0.4375
2439412,0.18181818181818182,0.2727272727272727,0.36363636363636365,0.18181818181818182
3596448,0.2,0.1,0.2,0.5
962120,0.16666666666666666,0.0,0.5,0.3333333333333333
191050,0.15384615384615385,0.11538461538461539,0.3076923076923077,0.4230769230769231
4593397,0.0,0.16666666666666666,0.08333333333333333,0.75
4269061,0.09090909090909091,0.09090909090909091,0.18181818181818182,0.6363636363636364
850633,0.25,0.08333333333333333,0.3333333333333333,0.3333333333333333
4691360,0.0,0.12121212121212122,0.2727272727272727,0.6060606060606061
3503130,0.0,0.08333333333333333,0.3333333333333333,0.5833333333333334
730982,0.36363636363636365,0.09090909090909091,0.0,0.5454545454545454
390057,0.4666666666666667,0.16666666666666666,0.16666666666666666,0.2
4112437,0.0,0.07142857142857142,0.6428571428571429,0.2857142857142857
2165496,0.14285714285714285,0.25,0.5,0.10714285714285714
5464191,0.0,0.07692307692307693,0.6153846153846154,0.3076923076923077
1481251,0.2,0.2,0.6,0.0
2791697,0.125,0.75,0.125,0.0
4961595,0.0,0.3333333333333333,0.5555555555555556,0.1111111111111111
4332527,0.0625,0.5,0.375,0.0625
3500469,0.1,0.2,0.2,0.5
1442088,0.05263157894736842,0.47368421052631576,0.15789473684210525,0.3157894736842105
1601219,0.06666666666666667,0.6666666666666666,0.2,0.06666666666666667
4797774,0.0,0.2857142857142857,0.21428571428571427,0.5
775671,0.15,0.2,0.6,0.05
3011790,0.06666666666666667,0.26666666666666666,0.06666666666666667,0.6
1398412,0.2,0.1,0.2,0.5
1363081,0.010416666666666666,0.5,0.23958333333333334,0.25
1468362,0.18181818181818182,0.18181818181818182,0.2727272727272727,0.36363636363636365
3161984,0.18181818181818182,0.2727272727272727,0.2727272727272727,0.2727272727272727
4064581,0.15789473684210525,0.15789473684210525,0.10526315789473684,0.5789473684210527
1877823,0.05,0.15,0.15,0.65
1152467,0.0,0.2222222222222222,0.0,0.7777777777777778
2971241,0.0,0.2903225806451613,0.45161290322580644,0.25806451612903225
460095,0.0,0.4666666666666667,0.13333333333333333,0.4
2765662,0.0,0.07692307692307693,0.15384615384615385,0.7692307692307693
1335861,0.05263157894736842,0.5789473684210527,0.2894736842105263,0.07894736842105263
3108418,0.09090909090909091,0.18181818181818182,0.09090909090909091,0.6363636363636364
1442723,0.08333333333333333,0.4166666666666667,0.16666666666666666,0.3333333333333333
2953858,0.0,0.1111111111111111,0.1111111111111111,0.7777777777777778
1478458,0.0,0.2,0.3,0.5
1449034,0.1,0.2,0.5,0.2
1545235,0.02857142857142857,0.11428571428571428,0.5428571428571428,0.3142857142857143
2183481,0.0,0.15384615384615385,0.38461538461538464,0.46153846153846156
1401444,0.0,0.2,0.1,0.7
1967318,0.14285714285714285,0.14285714285714285,0.5714285714285714,0.14285714285714285
2036554,0.1,0.3,0.5,0.1
1472263,0.09090909090909091,0.18181818181818182,0.18181818181818182,0.5454545454545454
1442611,0.1,0.2,0.2,0.5
1471078,0.1111111111111111,0.3333333333333333,0.4444444444444444,0.1111111111111111
738503,0.0,0.2857142857142857,0.07142857142857142,0.6428571428571429
682107,0.21428571428571427,0.5,0.0,0.2857142857142857
652840,0.14285714285714285,0.2857142857142857,0.2857142857142857,0.2857142857142857
804827,0.3333333333333333,0.25,0.20833333333333334,0.20833333333333334
1507921,0.0,0.2,0.0,0.8
1433476,0.1875,0.1875,0.3125,0.3125
515093,0.0,0.2222222222222222,0.5555555555555556,0.2222222222222222
1544972,0.0,0.1111111111111111,0.4444444444444444,0.4444444444444444
933897,0.10526315789473684,0.21052631578947367,0.21052631578947367,0.47368421052631576
495014,0.0,0.2,0.4666666666666667,0.3333333333333333
460712,0.07142857142857142,0.21428571428571427,0.35714285714285715,0.35714285714285715
1481936,0.18181818181818182,0.0,0.45454545454545453,0.36363636363636365
1548566,0.18181818181818182,0.5454545454545454,0.09090909090909091,0.18181818181818182
1425500,0.09090909090909091,0.18181818181818182,0.2727272727272727,0.45454545454545453
944372,0.0,0.3076923076923077,0.46153846153846156,0.23076923076923078
565634,0.08333333333333333,0.3333333333333333,0.0,0.5833333333333334
577594,0.1,0.2,0.3,0.4
483929,0.16666666666666666,0.16666666666666666,0.5,0.16666666666666666
170512,0.125,0.25,0.375,0.25
1413796,0.25,0.16666666666666666,0.16666666666666666,0.4166666666666667
1348161,0.0,0.32,0.28,0.4
1409378,0.0,0.375,0.125,0.5
1401600,0.25,0.16666666666666666,0.0,0.5833333333333334
1336407,0.2222222222222222,0.18055555555555555,0.2638888888888889,0.3333333333333333
948047,0.09090909090909091,0.2727272727272727,0.45454545454545453,0.18181818181818182
1378189,0.05,0.2,0.55,0.2
1375694,0.6829268292682927,0.04878048780487805,0.04878048780487805,0.21951219512195122
869442,0.0,0.5384615384615384,0.23076923076923078,0.23076923076923078
707627,0.0,0.25,0.25,0.5
872618,0.07692307692307693,0.23076923076923078,0.23076923076923078,0.46153846153846156
1179814,0.0,0.2727272727272727,0.18181818181818182,0.5454545454545454
816287,0.1,0.3,0.5,0.1
136726,0.18181818181818182,0.0,0.45454545454545453,0.36363636363636365
1220045,0.14285714285714285,0.14285714285714285,0.14285714285714285,0.5714285714285714
467216,0.0625,0.25,0.25,0.4375
663003,0.1111111111111111,0.2222222222222222,0.16666666666666666,0.5
159273,0.09090909090909091,0.36363636363636365,0.2727272727272727,0.2727272727272727
980960,0.23076923076923078,0.15384615384615385,0.3076923076923077,0.3076923076923077
1107632,0.2,0.3,0.4,0.1
379947,0.2,0.2,0.2,0.4
670482,0.15384615384615385,0.07692307692307693,0.23076923076923078,0.5384615384615384
163498,0.0,0.45454545454545453,0.45454545454545453,0.09090909090909091
806359,0.0,0.25,0.5,0.25
776040,0.0,0.18181818181818182,0.2727272727272727,0.5454545454545454
501539,0.35,0.2,0.05,0.4
136763,0.136986301369863,0.2465753424657534,0.0958904109589041,0.5205479452054794
145658,0.125,0.1875,0.375,0.3125
493554,0.0,0.2,0.2,0.6
481107,0.35,0.15,0.15,0.35
551549,0.08333333333333333,0.16666666666666666,0.25,0.5
1227082,0.1,0.1,0.3,0.5
1077791,0.36363636363636365,0.09090909090909091,0.09090909090909091,0.45454545454545453
327196,0.023255813953488372,0.46511627906976744,0.13953488372093023,0.37209302325581395
1191877,0.08333333333333333,0.16666666666666666,0.25,0.5
1253952,0.0,0.2857142857142857,0.09523809523809523,0.6190476190476191
708311,0.07272727272727272,0.18181818181818182,0.23636363636363636,0.509090909090909
890759,0.0,0.5,0.2,0.3
785101,0.08333333333333333,0.16666666666666666,0.25,0.5
934725,0.058823529411764705,0.17647058823529413,0.11764705882352941,0.6470588235294118
1224586,0.1,0.2,0.05,0.65
136361,0.07692307692307693,0.8461538461538461,0.0,0.07692307692307693
154987,0.07142857142857142,0.19047619047619047,0.2857142857142857,0.4523809523809524
225998,0.2777777777777778,0.05555555555555555,0.3333333333333333,0.3333333333333333
241472,0.35714285714285715,0.0,0.2857142857142857,0.35714285714285715
397844,0.25,0.25,0.25,0.25
1285777,0.05714285714285714,0.02857142857142857,0.2,0.7142857142857143
910599,0.07692307692307693,0.19230769230769232,0.07692307692307693,0.6538461538461539
822679,0.11764705882352941,0.17647058823529413,0.058823529411764705,0.6470588235294118
134040,0.0,0.42857142857142855,0.0,0.5714285714285714
1029152,0.09090909090909091,0.0,0.18181818181818182,0.7272727272727273
1006558,0.21052631578947367,0.3157894736842105,0.21052631578947367,0.2631578947368421
66174,0.05555555555555555,0.2222222222222222,0.4444444444444444,0.2777777777777778
338187,0.0,0.2,0.5333333333333333,0.26666666666666666
533875,0.0,0.3,0.4,0.3
328102,0.04,0.12,0.68,0.16
367537,0.09090909090909091,0.45454545454545453,0.2727272727272727,0.18181818181818182
1112686,0.2727272727272727,0.0,0.45454545454545453,0.2727272727272727
989273,0.1,0.1,0.3,0.5
679300,0.2,0.1,0.3,0.4
1168896,0.1,0.0,0.55,0.35
1186434,0.5714285714285714,0.14285714285714285,0.07142857142857142,0.21428571428571427
683963,0.0,0.5384615384615384,0.3076923076923077,0.15384615384615385
537468,0.16666666666666666,0.08333333333333333,0.3333333333333333,0.4166666666666667
910007,0.0,0.4166666666666667,0.5,0.08333333333333333
145682,0.08333333333333333,0.3333333333333333,0.08333333333333333,0.5
946342,0.0,0.2727272727272727,0.09090909090909091,0.6363636363636364
182779,0.1388888888888889,0.1111111111111111,0.19444444444444445,0.5555555555555556
193243,0.0,0.36363636363636365,0.36363636363636365,0.2727272727272727
943484,0.0,0.2857142857142857,0.2857142857142857,0.42857142857142855
1027628,0.06666666666666667,0.2,0.3333333333333333,0.4
1037080,0.1,0.4,0.4,0.1
1216988,0.05,0.15,0.15,0.65
493900,0.0,0.2222222222222222,0.3333333333333333,0.4444444444444444
853633,0.07692307692307693,0.07692307692307693,0.3076923076923077,0.5384615384615384
327669,0.0,0.16666666666666666,0.4444444444444444,0.3888888888888889
950064,0.0,0.9156626506024096,0.03614457831325301,0.04819277108433735
851755,0.0,0.2,0.6,0.2
1084124,0.0,0.2222222222222222,0.1111111111111111,0.6666666666666666
162867,0.06666666666666667,0.13333333333333333,0.3333333333333333,0.4666666666666667
1079210,0.0,0.06666666666666667,0.13333333333333333,0.8
888925,0.07692307692307693,0.38461538461538464,0.07692307692307693,0.46153846153846156
997916,0.1,0.2,0.2,0.5
614243,0.0,0.23076923076923078,0.5384615384615384,0.23076923076923078
350238,0.038461538461538464,0.38461538461538464,0.15384615384615385,0.4230769230769231
460332,0.047619047619047616,0.23809523809523808,0.23809523809523808,0.47619047619047616
701825,0.1,0.2,0.3,0.4
493467,0.0,0.08333333333333333,0.25,0.6666666666666666
791416,0.0,0.3333333333333333,0.3333333333333333,0.3333333333333333
742945,0.2,0.2,0.3,0.3
243903,0.0,0.16666666666666666,0.3333333333333333,0.5
71917,0.07692307692307693,0.15384615384615385,0.15384615384615385,0.6153846153846154
156472,0.0,0.25,0.16666666666666666,0.5833333333333334
754872,0.2222222222222222,0.1111111111111111,0.2222222222222222,0.4444444444444444
754582,0.2222222222222222,0.1111111111111111,0.2222222222222222,0.4444444444444444
168297,0.25,0.16666666666666666,0.3333333333333333,0.25
127801,0.14285714285714285,0.14285714285714285,0.42857142857142855,0.2857142857142857
349787,0.07142857142857142,0.35714285714285715,0.21428571428571427,0.35714285714285715
127813,0.16666666666666666,0.16666666666666666,0.5,0.16666666666666666
349877,0.2727272727272727,0.09090909090909091,0.18181818181818182,0.45454545454545453
149199,0.26666666666666666,0.06666666666666667,0.26666666666666666,0.4
574293,0.0,0.25,0.0,0.75
699537,0.14285714285714285,0.14285714285714285,0.42857142857142855,0.2857142857142857
706652,0.1951219512195122,0.14634146341463414,0.2682926829268293,0.3902439024390244
699552,0.14285714285714285,0.21428571428571427,0.2714285714285714,0.37142857142857144
7040318,0.0,0.18181818181818182,0.0,0.8181818181818182
7221334,0.0,0.8,0.1,0.1
707532,0.0,0.0,1.0,0.0
318126,0.08333333333333333,0.041666666666666664,0.5416666666666666,0.3333333333333333
162858,0.0,0.5,0.375,0.125
1519702,0.1,0.3,0.3,0.3
1384905,0.0,0.75,0.25,0.0
243283,0.20408163265306123,0.10884353741496598,0.21768707482993196,0.46938775510204084
539806,0.36,0.36,0.2,0.08
3974842,0.0,0.07142857142857142,0.21428571428571427,0.7142857142857143
417894,0.011834319526627219,0.757396449704142,0.11242603550295859,0.11834319526627218
6591840,0.0,0.4,0.2,0.4
6608625,0.0,0.23076923076923078,0.23076923076923078,0.5384615384615384
4518744,0.14285714285714285,0.8571428571428571,0.0,0.0
4905883,0.25,0.5833333333333334,0.16666666666666666,0.0
6531085,0.23529411764705882,0.47058823529411764,0.17647058823529413,0.11764705882352941
701122,0.1,0.3,0.0,0.6
130434,0.0,0.11764705882352941,0.5294117647058824,0.35294117647058826
7377471,0.0,0.0,0.0,1.0
713465,0.02040816326530612,0.5918367346938775,0.32653061224489793,0.061224489795918366
842242,0.11764705882352941,0.17647058823529413,0.7058823529411765,0.0
1565384,0.2222222222222222,0.2222222222222222,0.3333333333333333,0.2222222222222222
7078081,0.0,0.0,0.5,0.5
567821,0.0,0.058823529411764705,0.23529411764705882,0.7058823529411765
1311485,0.0,0.2,0.4,0.4
567803,0.2413793103448276,0.3103448275862069,0.2413793103448276,0.20689655172413793
1343655,0.0,0.0,0.5,0.5
7085606,0.3333333333333333,0.0,0.3333333333333333,0.3333333333333333
1565696,0.07692307692307693,0.3076923076923077,0.15384615384615385,0.46153846153846156
6956238,0.07692307692307693,0.0,0.5384615384615384,0.38461538461538464
1215778,0.0,0.6888888888888889,0.2222222222222222,0.08888888888888889
3743339,0.0,0.9,0.1,0.0
6356431,0.0,0.42857142857142855,0.21428571428571427,0.35714285714285715
6856734,0.3333333333333333,0.02564102564102564,0.05128205128205128,0.5897435897435898
1401782,0.0,0.3,0.2,0.5
728337,0.10526315789473684,0.0,0.7368421052631579,0.15789473684210525
1434135,0.0,0.36363636363636365,0.18181818181818182,0.45454545454545453
1449104,0.0,0.5384615384615384,0.23076923076923078,0.23076923076923078
1434107,0.0,0.47058823529411764,0.23529411764705882,0.29411764705882354
1488905,0.0,0.45454545454545453,0.09090909090909091,0.45454545454545453
4385502,0.2,0.1,0.1,0.6
870824,0.0,0.5555555555555556,0.1111111111111111,0.3333333333333333
6356860,0.0,0.5444444444444444,0.32222222222222224,0.13333333333333333
6210891,0.0136986301369863,0.3561643835616438,0.4520547945205479,0.1780821917808219
1391209,0.0,0.3,0.3,0.4
1201487,0.1,0.7,0.1,0.1
567355,0.0625,0.125,0.0,0.8125
385235,0.038461538461538464,0.11538461538461539,0.7307692307692307,0.11538461538461539
531869,0.16666666666666666,0.35714285714285715,0.07142857142857142,0.40476190476190477
1293451,0.25,0.125,0.25,0.375
631859,0.045454545454545456,0.2727272727272727,0.09090909090909091,0.5909090909090909
623945,0.11764705882352941,0.35294117647058826,0.17647058823529413,0.35294117647058826
2760268,0.02631578947368421,0.3684210526315789,0.5,0.10526315789473684
3720889,0.125,0.25,0.25,0.375
126995,0.07142857142857142,0.0,0.6428571428571429,0.2857142857142857
947173,0.3,0.0,0.0,0.7
367597,0.14285714285714285,0.2857142857142857,0.14285714285714285,0.42857142857142855
445538,0.25,0.0,0.25,0.5
1059749,0.0,0.1,0.0,0.9
588768,0.2222222222222222,0.2222222222222222,0.0,0.5555555555555556
378945,0.058823529411764705,0.17647058823529413,0.5882352941176471,0.17647058823529413
379168,0.05660377358490566,0.07547169811320754,0.4716981132075472,0.39622641509433965
227333,0.18181818181818182,0.09090909090909091,0.45454545454545453,0.2727272727272727
124404,0.25,0.25,0.4166666666666667,0.08333333333333333
127971,0.0,0.7222222222222222,0.05555555555555555,0.2222222222222222
135973,0.5555555555555556,0.1111111111111111,0.0,0.3333333333333333
128646,0.13043478260869565,0.34782608695652173,0.07608695652173914,0.44565217391304346
90859,0.16,0.36,0.16,0.32
197841,0.16,0.4,0.08,0.36
197855,0.21052631578947367,0.42105263157894735,0.10526315789473684,0.2631578947368421
362851,0.08333333333333333,0.16666666666666666,0.25,0.5
398009,0.2857142857142857,0.2857142857142857,0.42857142857142855,0.0
163431,0.125,0.125,0.5,0.25
163438,0.125,0.125,0.375,0.375
186685,0.07692307692307693,0.5384615384615384,0.15384615384615385,0.23076923076923078
322390,0.13333333333333333,0.0,0.26666666666666666,0.6
91056,0.21428571428571427,0.35714285714285715,0.2857142857142857,0.14285714285714285
327633,0.2,0.4,0.1,0.3
222391,0.058823529411764705,0.0,0.7647058823529411,0.17647058823529413
246159,0.1111111111111111,0.0,0.5555555555555556,0.3333333333333333
339772,0.0,0.1,0.3,0.6
91053,0.11538461538461539,0.3076923076923077,0.19230769230769232,0.38461538461538464
218572,0.18181818181818182,0.18181818181818182,0.0,0.6363636363636364
260056,0.18181818181818182,0.0,0.18181818181818182,0.6363636363636364
1385926,0.1,0.2,0.5,0.2
1188818,0.0,0.0,1.0,0.0
283169,0.08333333333333333,0.25,0.4166666666666667,0.25
70009,0.0,0.09090909090909091,0.2727272727272727,0.6363636363636364
168784,0.0,0.0,0.2222222222222222,0.7777777777777778
5985308,0.2641509433962264,0.14465408805031446,0.389937106918239,0.20125786163522014
531937,0.16666666666666666,0.2222222222222222,0.2222222222222222,0.3888888888888889
7279289,0.16666666666666666,0.0,0.1111111111111111,0.7222222222222222
816073,0.18181818181818182,0.18181818181818182,0.45454545454545453,0.18181818181818182
1496962,0.2,0.0,0.4,0.4
493985,0.05263157894736842,0.05263157894736842,0.42105263157894735,0.47368421052631576
698540,0.2222222222222222,0.1111111111111111,0.2222222222222222,0.4444444444444444
417945,0.0,0.0,0.75,0.25
572472,0.05,0.15,0.65,0.15
1001647,0.0,0.0,0.5,0.5
1224907,0.1,0.3,0.3,0.3
417929,0.08333333333333333,0.0,0.75,0.16666666666666666
398152,0.2,0.0,0.7,0.1
417910,0.15384615384615385,0.0,0.6923076923076923,0.15384615384615385
1082363,0.0,0.0,0.5,0.5
7091083,0.0,0.8043478260869565,0.1956521739130435,0.0
7244673,0.0,0.0,0.6428571428571429,0.35714285714285715
7309770,0.0,0.0,0.23529411764705882,0.7647058823529411
968430,0.0,0.0,0.7692307692307693,0.23076923076923078
567807,0.3157894736842105,0.3157894736842105,0.21052631578947367,0.15789473684210525
862642,0.0,0.1111111111111111,0.3888888888888889,0.5
1248819,0.1111111111111111,0.3333333333333333,0.3333333333333333,0.2222222222222222
567841,0.3684210526315789,0.42105263157894735,0.15789473684210525,0.05263157894736842
950406,0.0,0.23809523809523808,0.5238095238095238,0.23809523809523808
962372,0.0,0.0,0.2727272727272727,0.7272727272727273
694073,0.0,0.21428571428571427,0.35714285714285715,0.42857142857142855
1311749,0.0,0.0,0.6666666666666666,0.3333333333333333
1311747,0.0,0.16666666666666666,0.6666666666666666,0.16666666666666666
5988991,0.06060606060606061,0.18181818181818182,0.24242424242424243,0.5151515151515151
910794,0.0,0.1,0.3,0.6
484153,0.0,0.0,0.8888888888888888,0.1111111111111111
1750511,0.3125,0.1875,0.5,0.0
6662734,0.12195121951219512,0.5121951219512195,0.36585365853658536,0.0
294418,0.037037037037037035,0.07407407407407407,0.6296296296296297,0.25925925925925924
823232,0.07142857142857142,0.07142857142857142,0.5714285714285714,0.2857142857142857
735417,0.06666666666666667,0.06666666666666667,0.7333333333333333,0.13333333333333333
3941521,0.0,0.6363636363636364,0.18181818181818182,0.18181818181818182
1470964,0.0,0.2222222222222222,0.7777777777777778,0.0
7443844,0.0,0.8666666666666667,0.13333333333333333,0.0
4579421,0.0,0.0,1.0,0.0
155154,0.0,0.037037037037037035,0.1111111111111111,0.8518518518518519
6879402,0.15,0.35,0.025,0.475
6068472,0.07692307692307693,0.07692307692307693,0.3076923076923077,0.5384615384615384
7169370,0.14285714285714285,0.0,0.07142857142857142,0.7857142857142857
582370,0.125,0.225,0.15,0.5
6837507,0.2222222222222222,0.1111111111111111,0.2777777777777778,0.3888888888888889
6853565,0.0,0.5,0.2,0.3
2788883,0.0,0.0,1.0,0.0
789246,0.0,0.18181818181818182,0.2727272727272727,0.5454545454545454
418667,0.11764705882352941,0.11764705882352941,0.5882352941176471,0.17647058823529413
6857879,0.3076923076923077,0.3076923076923077,0.38461538461538464,0.0
250501,0.0625,0.25,0.21875,0.46875
6876425,0.2857142857142857,0.47619047619047616,0.19047619047619047,0.047619047619047616
7367100,0.0,0.2727272727272727,0.6363636363636364,0.09090909090909091
7428748,0.0,0.8,0.2,0.0
6581988,0.0,0.02631578947368421,0.0,0.9736842105263158
6537917,0.0,0.0,0.2,0.8
417918,0.0,0.34782608695652173,0.391304347826087,0.2608695652173913
379159,0.061224489795918366,0.12244897959183673,0.42857142857142855,0.3877551020408163
609107,0.09090909090909091,0.09090909090909091,0.6363636363636364,0.18181818181818182
1462669,0.0,0.18181818181818182,0.0,0.8181818181818182
642702,0.1111111111111111,0.5555555555555556,0.1111111111111111,0.2222222222222222
6620688,0.4,0.06666666666666667,0.26666666666666666,0.26666666666666666
701228,0.0,0.16666666666666666,0.5,0.3333333333333333
7317238,0.15384615384615385,0.0,0.23076923076923078,0.6153846153846154
6348651,0.375,0.0,0.0,0.625
374802,0.053763440860215055,0.22580645161290322,0.43010752688172044,0.2903225806451613
379978,0.058823529411764705,0.1568627450980392,0.49019607843137253,0.29411764705882354
233704,0.1875,0.0625,0.3125,0.4375
406532,0.0,0.1,0.4,0.5
417936,0.0,0.09090909090909091,0.8181818181818182,0.09090909090909091
417922,0.0,0.0,0.8333333333333334,0.16666666666666666
380057,0.0625,0.15625,0.53125,0.25
414130,0.0,0.09090909090909091,0.5454545454545454,0.36363636363636365
380030,0.05555555555555555,0.16666666666666666,0.5,0.2777777777777778
392584,0.0,0.08695652173913043,0.6521739130434783,0.2608695652173913
417888,0.09090909090909091,0.09090909090909091,0.7272727272727273,0.09090909090909091
380013,0.03125,0.125,0.59375,0.25
380021,0.02857142857142857,0.14285714285714285,0.5714285714285714,0.2571428571428571
380037,0.0625,0.15625,0.53125,0.25
380046,0.07142857142857142,0.17857142857142858,0.5,0.25
379112,0.07142857142857142,0.23809523809523808,0.30952380952380953,0.38095238095238093
7107828,0.0,0.7837837837837838,0.21621621621621623,0.0
7121366,0.0,0.0,1.0,0.0
7104142,0.0,0.13043478260869565,0.17391304347826086,0.6956521739130435
4330914,0.0,1.0,0.0,0.0
680742,0.0,0.0,0.7727272727272727,0.22727272727272727
1271203,0.08333333333333333,0.5833333333333334,0.25,0.08333333333333333
1872988,0.0,0.84,0.12,0.04
6616337,0.0,0.0,1.0,0.0
1313462,0.05970149253731343,0.29850746268656714,0.18507462686567164,0.45671641791044776
2287678,0.0,0.18181818181818182,0.5454545454545454,0.2727272727272727
741918,0.034482758620689655,0.2413793103448276,0.3103448275862069,0.41379310344827586
465880,0.020833333333333332,0.6041666666666666,0.16666666666666666,0.20833333333333334
6649895,0.1,0.4,0.2,0.3
6621624,0.043478260869565216,0.17391304347826086,0.21739130434782608,0.5652173913043478
328165,0.0,0.3,0.4,0.3
277737,0.047619047619047616,0.3333333333333333,0.09523809523809523,0.5238095238095238
6559824,0.38461538461538464,0.15384615384615385,0.23076923076923078,0.23076923076923078
1304063,0.0,1.0,0.0,0.0
7320521,0.0,0.9090909090909091,0.09090909090909091,0.0
5793833,0.08333333333333333,0.08333333333333333,0.25,0.5833333333333334
5821499,0.08333333333333333,0.3333333333333333,0.08333333333333333,0.5
6344568,0.0,0.3,0.1,0.6
6345829,0.0,0.36363636363636365,0.18181818181818182,0.45454545454545453
5821445,0.10526315789473684,0.15789473684210525,0.21052631578947367,0.5263157894736842
7114897,0.125,0.1875,0.125,0.5625
7191048,0.0,0.75,0.25,0.0
4915089,0.0,0.0,0.0,1.0
7070884,0.0,0.6346153846153846,0.3333333333333333,0.03205128205128205
