placeid,night,morning,noon,evening
11601,0.465818759936407,0.025437201907790145,0.07154213036565978,0.43720190779014306
170134,0.7027027027027027,0.0,0.02702702702702703,0.2702702702702703
610907,0.3548387096774194,0.03225806451612903,0.1935483870967742,0.41935483870967744
244626,0.6,0.13333333333333333,0.06666666666666667,0.2
404377,0.7777777777777778,0.05555555555555555,0.05555555555555555,0.1111111111111111
233050,0.29333333333333333,0.02666666666666667,0.17333333333333334,0.5066666666666667
743699,0.0,0.0,0.3076923076923077,0.6923076923076923
802746,0.5714285714285714,0.0,0.0,0.42857142857142855
399627,0.5,0.0,0.05357142857142857,0.44642857142857145
4166267,0.0,0.0,0.5714285714285714,0.42857142857142855
47061,0.5566502463054187,0.019704433497536946,0.024630541871921183,0.39901477832512317
41485,0.3445692883895131,0.0149812734082397,0.00749063670411985,0.6329588014981273
64337,0.41025641025641024,0.05128205128205128,0.15384615384615385,0.38461538461538464
1325462,0.5,0.0,0.25,0.25
236923,0.6666666666666666,0.0,0.0,0.3333333333333333
236936,0.5294117647058824,0.0,0.0,0.47058823529411764
1209275,0.4117647058823529,0.0,0.0,0.5882352941176471
1013493,0.24242424242424243,0.0,0.030303030303030304,0.7272727272727273
53368,0.3986784140969163,0.011013215859030838,0.03524229074889868,0.5550660792951542
9943,0.24444444444444444,0.02,0.07555555555555556,0.66
3096921,0.13513513513513514,0.02702702702702703,0.08108108108108109,0.7567567567567568
9996,0.1905829596412556,0.020179372197309416,0.07623318385650224,0.7130044843049327
1132125,0.25,0.0,0.0,0.75
10616,0.2552083333333333,0.041666666666666664,0.0625,0.640625
1184415,0.5833333333333334,0.0,0.0,0.4166666666666667
13257,0.4166666666666667,0.02976190476190476,0.02976190476190476,0.5238095238095238
3451739,0.5416666666666666,0.0,0.0,0.4583333333333333
53362,0.42424242424242425,0.0,0.09090909090909091,0.48484848484848486
283310,0.3628691983122363,0.03375527426160337,0.0759493670886076,0.5274261603375527
12042,0.20216606498194944,0.02527075812274368,0.02888086642599278,0.7436823104693141
45455,0.18181818181818182,0.0,0.0,0.8181818181818182
360448,0.2,0.0,0.13333333333333333,0.6666666666666666
410772,0.42105263157894735,0.0,0.0,0.5789473684210527
536794,0.4166666666666667,0.08333333333333333,0.0,0.5
566422,0.3333333333333333,0.06666666666666667,0.06666666666666667,0.5333333333333333
598186,0.16666666666666666,0.16666666666666666,0.2619047619047619,0.40476190476190477
154234,0.5555555555555556,0.05555555555555555,0.08333333333333333,0.3055555555555556
1345168,0.29333333333333333,0.013333333333333334,0.08,0.6133333333333333
1451677,0.391304347826087,0.0,0.043478260869565216,0.5652173913043478
1085299,0.4090909090909091,0.045454545454545456,0.045454545454545456,0.5
832058,0.4468864468864469,0.02564102564102564,0.03296703296703297,0.4945054945054945
122316,0.4090909090909091,0.045454545454545456,0.015151515151515152,0.5303030303030303
11793,0.31351351351351353,0.021621621621621623,0.04756756756756757,0.6172972972972973
9952,0.2746858168761221,0.019748653500897665,0.03949730700179533,0.6660682226211849
463447,0.453125,0.015625,0.0625,0.46875
427053,0.7868852459016393,0.03278688524590164,0.03278688524590164,0.14754098360655737
386375,0.45454545454545453,0.030303030303030304,0.09090909090909091,0.42424242424242425
9948,0.3060200668896321,0.046822742474916385,0.12040133779264214,0.5267558528428093
53366,0.49038461538461536,0.019230769230769232,0.028846153846153848,0.46153846153846156
53358,0.4146341463414634,0.0,0.04878048780487805,0.5365853658536586
55372,0.4069767441860465,0.027131782945736434,0.031007751937984496,0.5348837209302325
28788,0.35093696763202725,0.015332197614991482,0.07836456558773425,0.555366269165247
668544,0.38095238095238093,0.0,0.0,0.6190476190476191
265053,0.39759036144578314,0.024096385542168676,0.04819277108433735,0.5301204819277109
668586,0.3333333333333333,0.0,0.16666666666666666,0.5
237097,0.38866396761133604,0.020242914979757085,0.02834008097165992,0.562753036437247
143371,0.28205128205128205,0.02564102564102564,0.02564102564102564,0.6666666666666666
728439,0.2,0.0,0.2,0.6
562090,0.30952380952380953,0.0,0.21428571428571427,0.47619047619047616
65260,0.33557046979865773,0.020134228187919462,0.09395973154362416,0.5503355704697986
65269,0.2784090909090909,0.03409090909090909,0.10227272727272728,0.5852272727272727
933818,0.2708333333333333,0.020833333333333332,0.10416666666666667,0.6041666666666666
103449,0.3181818181818182,0.09090909090909091,0.10227272727272728,0.48863636363636365
10990,0.3173076923076923,0.009615384615384616,0.11538461538461539,0.5576923076923077
340241,0.05555555555555555,0.0,0.05555555555555555,0.8888888888888888
122047,0.23076923076923078,0.0,0.11538461538461539,0.6538461538461539
122035,0.2222222222222222,0.0,0.1111111111111111,0.6666666666666666
122015,0.21739130434782608,0.043478260869565216,0.21739130434782608,0.5217391304347826
121952,0.25,0.041666666666666664,0.2916666666666667,0.4166666666666667
121993,0.25925925925925924,0.037037037037037035,0.14814814814814814,0.5555555555555556
121948,0.25925925925925924,0.037037037037037035,0.3333333333333333,0.37037037037037035
121975,0.25925925925925924,0.0,0.2222222222222222,0.5185185185185185
121997,0.30434782608695654,0.0,0.17391304347826086,0.5217391304347826
122118,0.25925925925925924,0.07407407407407407,0.14814814814814814,0.5185185185185185
122110,0.4,0.05,0.15,0.4
122114,0.3076923076923077,0.07692307692307693,0.19230769230769232,0.4230769230769231
121917,0.21348314606741572,0.011235955056179775,0.19101123595505617,0.5842696629213483
1562119,0.08333333333333333,0.0,0.0,0.9166666666666666
1261611,0.8181818181818182,0.0,0.0,0.18181818181818182
1300311,0.2727272727272727,0.03636363636363636,0.03636363636363636,0.6545454545454545
861311,0.3662613981762918,0.016717325227963525,0.05319148936170213,0.5638297872340425
341507,0.6571428571428571,0.0,0.0,0.34285714285714286
558076,0.28817204301075267,0.034408602150537634,0.11182795698924732,0.5655913978494623
9907,0.3523936170212766,0.02127659574468085,0.06914893617021277,0.5571808510638298
9883,0.35063291139240504,0.0189873417721519,0.1341772151898734,0.4962025316455696
20585,0.4268465909090909,0.014204545454545454,0.2819602272727273,0.27698863636363635
223827,0.5555555555555556,0.08888888888888889,0.044444444444444446,0.3111111111111111
1214806,0.6153846153846154,0.23076923076923078,0.0,0.15384615384615385
13582,0.6573426573426573,0.027972027972027972,0.05874125874125874,0.25594405594405595
19857,0.5357142857142857,0.03571428571428571,0.026785714285714284,0.4017857142857143
9816,0.40860215053763443,0.02795698924731183,0.06451612903225806,0.4989247311827957
261655,0.4,0.18947368421052632,0.16842105263157894,0.24210526315789474
447274,0.325,0.0,0.1,0.575
448537,0.2564102564102564,0.02564102564102564,0.3076923076923077,0.41025641025641024
266768,0.5,0.0,0.08333333333333333,0.4166666666666667
230951,0.21428571428571427,0.07142857142857142,0.2857142857142857,0.42857142857142855
40781,0.46839080459770116,0.028735632183908046,0.04885057471264368,0.4540229885057471
65026,0.21153846153846154,0.0,0.25961538461538464,0.5288461538461539
79755,0.19863013698630136,0.0,0.3356164383561644,0.4657534246575342
122362,0.8181818181818182,0.0,0.0,0.18181818181818182
220363,0.5909090909090909,0.022727272727272728,0.022727272727272728,0.36363636363636365
231223,0.65625,0.0,0.03125,0.3125
34306,0.18181818181818182,0.0,0.45454545454545453,0.36363636363636365
214983,0.39285714285714285,0.03571428571428571,0.21428571428571427,0.35714285714285715
57789,0.5641025641025641,0.0,0.0,0.4358974358974359
30882,0.4411764705882353,0.0,0.0,0.5588235294117647
61358,0.424390243902439,0.0,0.01951219512195122,0.5560975609756098
220265,0.4444444444444444,0.0,0.0,0.5555555555555556
212447,0.2777777777777778,0.0,0.5555555555555556,0.16666666666666666
13261,0.5769230769230769,0.02564102564102564,0.10256410256410256,0.2948717948717949
165042,0.44761904761904764,0.0,0.0,0.5523809523809524
9958,0.8518518518518519,0.037037037037037035,0.0,0.1111111111111111
200821,0.5454545454545454,0.09090909090909091,0.0,0.36363636363636365
59305,0.55,0.0,0.075,0.375
64875,0.4,0.05714285714285714,0.22857142857142856,0.3142857142857143
64641,0.34375,0.09375,0.125,0.4375
43591,0.7409638554216867,0.05421686746987952,0.03614457831325301,0.1686746987951807
46276,0.38823529411764707,0.023529411764705882,0.15294117647058825,0.43529411764705883
30927,0.36486486486486486,0.02702702702702703,0.13513513513513514,0.47297297297297297
48582,0.53125,0.0234375,0.09375,0.3515625
38889,0.8363636363636363,0.0,0.01818181818181818,0.14545454545454545
1063033,0.030303030303030304,0.0,0.42424242424242425,0.5454545454545454
13455,0.6309523809523809,0.023809523809523808,0.05952380952380952,0.2857142857142857
6750576,0.7352941176470589,0.11764705882352941,0.029411764705882353,0.11764705882352941
331446,0.6271186440677966,0.06779661016949153,0.0,0.3050847457627119
1400998,0.3333333333333333,0.0,0.1111111111111111,0.5555555555555556
1142679,0.18181818181818182,0.0,0.36363636363636365,0.45454545454545453
1400997,0.5454545454545454,0.0,0.09090909090909091,0.36363636363636365
513677,0.8148148148148148,0.1111111111111111,0.037037037037037035,0.037037037037037035
43639,0.7697368421052632,0.07894736842105263,0.0,0.1513157894736842
544303,0.8208955223880597,0.07462686567164178,0.0,0.1044776119402985
6434287,0.8695652173913043,0.0,0.0,0.13043478260869565
745018,0.2222222222222222,0.0,0.16666666666666666,0.6111111111111112
548943,0.875,0.0,0.0,0.125
806223,0.08333333333333333,0.0,0.22916666666666666,0.6875
192249,0.5652173913043478,0.043478260869565216,0.043478260869565216,0.34782608695652173
12430,0.38009404388714735,0.03134796238244514,0.04075235109717868,0.5478056426332288
12233,0.5285359801488834,0.04466501240694789,0.09925558312655088,0.32754342431761785
1034506,0.0625,0.0,0.3125,0.625
900352,0.9047619047619048,0.0,0.047619047619047616,0.047619047619047616
966522,0.5294117647058824,0.47058823529411764,0.0,0.0
332016,0.8571428571428571,0.0,0.0,0.14285714285714285
3115602,0.7058823529411765,0.0,0.0,0.29411764705882354
1422170,0.52,0.04,0.16,0.28
556888,0.9,0.1,0.0,0.0
928735,0.7,0.0,0.0,0.3
521501,0.36363636363636365,0.07575757575757576,0.06060606060606061,0.5
225181,0.3333333333333333,0.4166666666666667,0.0,0.25
1270858,0.5,0.0,0.2,0.3
13248,0.38311688311688313,0.03896103896103896,0.06493506493506493,0.512987012987013
1386578,0.391304347826087,0.0,0.0,0.6086956521739131
23275,0.37016052880075545,0.029587661315706643,0.17091595845136923,0.42933585143216874
1223869,0.20134228187919462,0.006711409395973154,0.2483221476510067,0.5436241610738255
849131,0.47058823529411764,0.5294117647058824,0.0,0.0
764061,0.7647058823529411,0.0,0.058823529411764705,0.17647058823529413
654906,0.6304347826086957,0.0,0.021739130434782608,0.34782608695652173
37937,0.44285714285714284,0.1,0.06666666666666667,0.3904761904761905
296369,0.3157894736842105,0.04824561403508772,0.32894736842105265,0.30701754385964913
1217701,0.0,0.0,0.375,0.625
96121,0.4294478527607362,0.07975460122699386,0.09202453987730061,0.3987730061349693
254456,0.16535433070866143,0.031496062992125984,0.1889763779527559,0.6141732283464567
326289,0.45161290322580644,0.25806451612903225,0.0,0.2903225806451613
442587,0.6428571428571429,0.07142857142857142,0.0,0.2857142857142857
907773,0.5333333333333333,0.0,0.0,0.4666666666666667
794743,0.5555555555555556,0.0,0.0,0.4444444444444444
916952,0.3953488372093023,0.06976744186046512,0.023255813953488372,0.5116279069767442
712412,0.6428571428571429,0.07142857142857142,0.0,0.2857142857142857
144390,0.7424242424242424,0.0,0.0,0.25757575757575757
451883,0.42105263157894735,0.05263157894736842,0.10526315789473684,0.42105263157894735
140282,0.46153846153846156,0.15384615384615385,0.15384615384615385,0.23076923076923078
41113,0.625,0.20833333333333334,0.020833333333333332,0.14583333333333334
243258,0.7586206896551724,0.0,0.0,0.2413793103448276
1322510,0.5,0.0,0.14285714285714285,0.35714285714285715
589371,0.7,0.06666666666666667,0.0,0.23333333333333334
33380,0.2748603351955307,0.09385474860335195,0.21675977653631284,0.4145251396648045
109469,0.3372093023255814,0.05813953488372093,0.3372093023255814,0.26744186046511625
186920,0.1437007874015748,0.001968503937007874,0.234251968503937,0.6200787401574803
1080399,0.5789473684210527,0.0,0.0,0.42105263157894735
80192,0.553030303030303,0.09090909090909091,0.015151515151515152,0.3409090909090909
62265,0.5609756097560976,0.07317073170731707,0.0,0.36585365853658536
443875,0.4716981132075472,0.018867924528301886,0.018867924528301886,0.49056603773584906
25412,0.23076923076923078,0.019230769230769232,0.40384615384615385,0.34615384615384615
784232,0.5161290322580645,0.06451612903225806,0.0,0.41935483870967744
439025,0.3076923076923077,0.0,0.0,0.6923076923076923
602628,0.5263157894736842,0.0,0.10526315789473684,0.3684210526315789
101527,0.65625,0.125,0.03125,0.1875
147786,0.4351145038167939,0.007633587786259542,0.0,0.5572519083969466
102604,0.7931034482758621,0.0,0.034482758620689655,0.1724137931034483
43456,0.7956989247311828,0.0,0.010752688172043012,0.1935483870967742
120125,0.5692307692307692,0.015384615384615385,0.0,0.4153846153846154
663072,0.28205128205128205,0.0,0.02564102564102564,0.6923076923076923
794507,0.5,0.0,0.0,0.5
692157,0.23809523809523808,0.09523809523809523,0.19047619047619047,0.47619047619047616
463411,0.13333333333333333,0.0,0.26666666666666666,0.6
320356,0.4444444444444444,0.1111111111111111,0.0,0.4444444444444444
748854,0.7777777777777778,0.1111111111111111,0.0,0.1111111111111111
221465,0.8,0.05,0.05,0.1
36770,0.7105263157894737,0.07894736842105263,0.0,0.21052631578947367
847835,0.8181818181818182,0.09090909090909091,0.0,0.09090909090909091
1489031,0.43283582089552236,0.0,0.0,0.5671641791044776
38631,0.4603174603174603,0.06349206349206349,0.06349206349206349,0.4126984126984127
553771,0.5172413793103449,0.0,0.06896551724137931,0.41379310344827586
915310,0.4642857142857143,0.0,0.07142857142857142,0.4642857142857143
155638,0.38095238095238093,0.03968253968253968,0.20634920634920634,0.373015873015873
434639,0.6796116504854369,0.07766990291262135,0.009708737864077669,0.23300970873786409
516711,0.171875,0.0,0.1875,0.640625
1431326,0.921875,0.03125,0.0,0.046875
161689,0.7866666666666666,0.013333333333333334,0.02666666666666667,0.17333333333333334
42865,0.3103448275862069,0.034482758620689655,0.034482758620689655,0.6206896551724138
10987,0.375,0.03125,0.03125,0.5625
24699,0.44642857142857145,0.125,0.16071428571428573,0.26785714285714285
459541,0.3958333333333333,0.0625,0.125,0.4166666666666667
247116,0.6486486486486487,0.013513513513513514,0.06756756756756757,0.2702702702702703
28573,0.8,0.10909090909090909,0.0,0.09090909090909091
13258,0.5694444444444444,0.06944444444444445,0.06944444444444445,0.2916666666666667
1469384,0.5555555555555556,0.0,0.0,0.4444444444444444
243236,0.48520710059171596,0.03155818540433925,0.04339250493096647,0.43984220907297833
72026,0.44,0.0,0.08,0.48
499298,0.2545454545454545,0.01818181818181818,0.09090909090909091,0.6363636363636364
14764,0.5789473684210527,0.0,0.15789473684210525,0.2631578947368421
1264727,0.3333333333333333,0.0,0.1111111111111111,0.5555555555555556
600576,0.41333333333333333,0.08,0.09333333333333334,0.41333333333333333
77913,0.3763440860215054,0.13978494623655913,0.0967741935483871,0.3870967741935484
43875,0.11267605633802817,0.014084507042253521,0.323943661971831,0.5492957746478874
765820,0.29910714285714285,0.03125,0.10267857142857142,0.5669642857142857
221478,0.5850340136054422,0.013605442176870748,0.013605442176870748,0.3877551020408163
3020551,0.42528735632183906,0.022988505747126436,0.034482758620689655,0.5172413793103449
55132,0.5,0.024390243902439025,0.012195121951219513,0.4634146341463415
1104587,0.875,0.0,0.0,0.125
538379,0.38271604938271603,0.0,0.024691358024691357,0.5925925925925926
490542,0.11023622047244094,0.0,0.09448818897637795,0.7952755905511811
602435,0.36666666666666664,0.6,0.0,0.03333333333333333
9905,0.4772727272727273,0.06818181818181818,0.045454545454545456,0.4090909090909091
359018,0.32407407407407407,0.046296296296296294,0.1574074074074074,0.4722222222222222
25795,0.5547445255474452,0.038929440389294405,0.10948905109489052,0.29683698296836986
405440,0.96,0.0,0.0,0.04
302324,0.4,0.0,0.1,0.5
437664,0.08333333333333333,0.0,0.25,0.6666666666666666
334420,0.10416666666666667,0.0,0.14583333333333334,0.75
1183880,0.5,0.2,0.1,0.2
1174695,0.041666666666666664,0.0,0.041666666666666664,0.9166666666666666
1450149,0.6666666666666666,0.0,0.0,0.3333333333333333
125270,0.5333333333333333,0.06666666666666667,0.0,0.4
914346,0.375,0.0,0.0,0.625
668595,0.4666666666666667,0.0,0.0,0.5333333333333333
744797,0.2647058823529412,0.029411764705882353,0.14705882352941177,0.5588235294117647
1266188,0.3333333333333333,0.0,0.23809523809523808,0.42857142857142855
1240530,0.2916666666666667,0.020833333333333332,0.20833333333333334,0.4791666666666667
545570,0.23333333333333334,0.0,0.36666666666666664,0.4
25860,0.34782608695652173,0.014492753623188406,0.10144927536231885,0.5362318840579711
296414,0.24242424242424243,0.06060606060606061,0.12121212121212122,0.5757575757575758
296365,0.3,0.02,0.08,0.6
542627,0.4166666666666667,0.05555555555555555,0.027777777777777776,0.5
720904,0.3,0.1,0.3,0.3
468473,0.2222222222222222,0.022222222222222223,0.28888888888888886,0.4666666666666667
590423,0.4375,0.0,0.0,0.5625
138765,0.3333333333333333,0.09090909090909091,0.045454545454545456,0.5303030303030303
3555806,0.28776978417266186,0.014388489208633094,0.050359712230215826,0.6474820143884892
9207,0.35294117647058826,0.04411764705882353,0.0661764705882353,0.5367647058823529
27691,0.4246575342465753,0.03424657534246575,0.0273972602739726,0.5136986301369864
1243083,0.7857142857142857,0.14285714285714285,0.0,0.07142857142857142
573399,0.375,0.0625,0.1875,0.375
378785,0.5,0.2916666666666667,0.0,0.20833333333333334
2584258,0.5833333333333334,0.0,0.0,0.4166666666666667
7031284,0.09375,0.0,0.15625,0.75
516411,0.5245901639344263,0.09836065573770492,0.06557377049180328,0.3114754098360656
6658836,0.0,0.0,0.125,0.875
291218,0.8229166666666666,0.041666666666666664,0.020833333333333332,0.11458333333333333
870719,0.5416666666666666,0.0,0.08333333333333333,0.375
463770,0.2857142857142857,0.03571428571428571,0.14285714285714285,0.5357142857142857
5719474,0.6,0.1,0.0,0.3
457491,0.3055555555555556,0.027777777777777776,0.1388888888888889,0.5277777777777778
369226,0.391304347826087,0.13043478260869565,0.043478260869565216,0.43478260869565216
54497,0.28125,0.03125,0.171875,0.515625
840676,0.45454545454545453,0.030303030303030304,0.030303030303030304,0.48484848484848486
53963,0.5853658536585366,0.024390243902439025,0.0,0.3902439024390244
914541,0.5714285714285714,0.0,0.07142857142857142,0.35714285714285715
38615,0.40540540540540543,0.06306306306306306,0.1036036036036036,0.42792792792792794
7056390,0.35638297872340424,0.13297872340425532,0.05319148936170213,0.4574468085106383
1162516,0.35,0.025,0.125,0.5
1402255,0.2,0.13333333333333333,0.26666666666666666,0.4
74740,0.3586206896551724,0.020689655172413793,0.1724137931034483,0.4482758620689655
205921,0.30303030303030304,0.030303030303030304,0.09090909090909091,0.5757575757575758
132466,0.4857142857142857,0.02857142857142857,0.08571428571428572,0.4
1186296,0.35714285714285715,0.07142857142857142,0.07142857142857142,0.5
1449962,0.35294117647058826,0.058823529411764705,0.11764705882352941,0.47058823529411764
861173,0.2903225806451613,0.03225806451612903,0.0967741935483871,0.5806451612903226
1132814,0.3301282051282051,0.01282051282051282,0.21153846153846154,0.44551282051282054
732511,0.3125,0.0625,0.125,0.5
1200090,0.5217391304347826,0.043478260869565216,0.08695652173913043,0.34782608695652173
3370514,0.4,0.0,0.1,0.5
179394,0.5,0.0,0.0,0.5
386107,0.125,0.0,0.25,0.625
2054380,0.25,0.03571428571428571,0.2857142857142857,0.42857142857142855
969964,0.375,0.0,0.125,0.5
60012,0.5,0.0,0.05,0.45
556629,0.38461538461538464,0.0,0.15384615384615385,0.46153846153846156
1169659,0.3333333333333333,0.0,0.16666666666666666,0.5
3583636,0.0,0.0,0.2222222222222222,0.7777777777777778
188018,0.43333333333333335,0.0,0.16666666666666666,0.4
1175107,0.25,0.0,0.16666666666666666,0.5833333333333334
1175085,0.45454545454545453,0.0,0.18181818181818182,0.36363636363636365
697436,0.6,0.2,0.0,0.2
758241,0.6923076923076923,0.0,0.0,0.3076923076923077
506952,0.6363636363636364,0.0,0.0,0.36363636363636365
1056513,0.2,0.0,0.0,0.8
1056493,0.25,0.0,0.0,0.75
445392,0.375,0.0,0.0,0.625
431519,0.15,0.0,0.0,0.85
1131433,0.3333333333333333,0.0,0.1111111111111111,0.5555555555555556
1123054,0.6428571428571429,0.0,0.0,0.35714285714285715
489653,0.2222222222222222,0.0,0.2222222222222222,0.5555555555555556
330487,0.34782608695652173,0.043478260869565216,0.043478260869565216,0.5652173913043478
908637,0.65,0.05,0.0,0.3
1801527,0.6,0.0,0.1,0.3
1488349,0.5454545454545454,0.0,0.09090909090909091,0.36363636363636365
347811,0.6857142857142857,0.0,0.02857142857142857,0.2857142857142857
721345,0.5,0.0,0.0,0.5
74326,0.5909090909090909,0.12121212121212122,0.09090909090909091,0.19696969696969696
17142,0.6578947368421053,0.017543859649122806,0.02631578947368421,0.2982456140350877
981670,0.36,0.12,0.16,0.36
357965,0.6333333333333333,0.03333333333333333,0.1,0.23333333333333334
1014144,0.5,0.0,0.2,0.3
191521,0.32,0.04,0.28,0.36
1242198,0.25,0.0,0.25,0.5
26647,0.375,0.0,0.0625,0.5625
467907,0.323943661971831,0.014084507042253521,0.15492957746478872,0.5070422535211268
600117,0.5,0.0,0.0,0.5
398877,0.8,0.0,0.0,0.2
303531,0.375,0.025,0.0,0.6
85846,0.5,0.0,0.07142857142857142,0.42857142857142855
623030,0.6,0.0,0.0,0.4
21195,0.4,0.0,0.1,0.5
556295,0.6470588235294118,0.0,0.0,0.35294117647058826
526017,0.5294117647058824,0.0,0.17647058823529413,0.29411764705882354
1367412,0.23076923076923078,0.0,0.6153846153846154,0.15384615384615385
591819,0.4444444444444444,0.0,0.2222222222222222,0.3333333333333333
525785,0.6,0.0,0.1,0.3
525775,0.5294117647058824,0.0,0.0,0.47058823529411764
1210067,0.3333333333333333,0.0,0.0,0.6666666666666666
1025323,0.7777777777777778,0.1111111111111111,0.0,0.1111111111111111
185784,0.375,0.0,0.0,0.625
129022,0.625,0.0,0.125,0.25
584059,0.5555555555555556,0.0,0.0,0.4444444444444444
1043471,0.24242424242424243,0.6666666666666666,0.0,0.09090909090909091
764997,0.2,0.1,0.1,0.6
1186152,0.25,0.0,0.25,0.5
542608,0.2727272727272727,0.0,0.0,0.7272727272727273
1034376,0.4,0.0,0.2,0.4
455273,0.3,0.0,0.2,0.5
154320,0.30303030303030304,0.06060606060606061,0.18181818181818182,0.45454545454545453
49147,0.25,0.0,0.10714285714285714,0.6428571428571429
420320,0.3076923076923077,0.0,0.0,0.6923076923076923
114027,0.4358974358974359,0.02564102564102564,0.2564102564102564,0.28205128205128205
209963,0.4090909090909091,0.045454545454545456,0.22727272727272727,0.3181818181818182
425273,0.5161290322580645,0.03225806451612903,0.0967741935483871,0.3548387096774194
495114,0.0,0.043478260869565216,0.391304347826087,0.5652173913043478
298670,0.0945945945945946,0.0,0.18243243243243243,0.722972972972973
536820,0.27586206896551724,0.034482758620689655,0.20689655172413793,0.4827586206896552
222752,0.3404255319148936,0.02127659574468085,0.2127659574468085,0.425531914893617
1096457,0.3333333333333333,0.0,0.25,0.4166666666666667
28687,0.38392857142857145,0.0,0.36607142857142855,0.25
1485271,0.625,0.0625,0.0625,0.25
1099024,0.2,0.0,0.0,0.8
904971,0.0,0.1111111111111111,0.1111111111111111,0.7777777777777778
245820,0.21739130434782608,0.043478260869565216,0.34782608695652173,0.391304347826087
938502,0.25,0.0,0.21428571428571427,0.5357142857142857
180164,0.27586206896551724,0.034482758620689655,0.2413793103448276,0.4482758620689655
220199,0.23809523809523808,0.031746031746031744,0.2777777777777778,0.4523809523809524
2297888,0.29411764705882354,0.0,0.11764705882352941,0.5882352941176471
235448,0.5,0.06140350877192982,0.008771929824561403,0.4298245614035088
705084,0.44047619047619047,0.011904761904761904,0.011904761904761904,0.5357142857142857
1008156,0.5333333333333333,0.0,0.0,0.4666666666666667
1014285,0.35714285714285715,0.0,0.0,0.6428571428571429
1520944,0.2857142857142857,0.0,0.0,0.7142857142857143
1725778,0.375,0.0,0.0,0.625
1091624,0.47619047619047616,0.0,0.0,0.5238095238095238
1330565,0.2,0.0,0.1,0.7
1278086,0.6086956521739131,0.0,0.043478260869565216,0.34782608695652173
1048529,0.37037037037037035,0.0,0.0,0.6296296296296297
1584012,0.2,0.0,0.06666666666666667,0.7333333333333333
915364,0.5217391304347826,0.0,0.043478260869565216,0.43478260869565216
739152,0.3333333333333333,0.06666666666666667,0.13333333333333333,0.4666666666666667
1508935,0.4,0.0,0.0,0.6
879082,0.2602739726027397,0.0,0.0136986301369863,0.726027397260274
694615,0.42857142857142855,0.0,0.0,0.5714285714285714
812206,0.4425287356321839,0.011494252873563218,0.040229885057471264,0.5057471264367817
143307,0.25925925925925924,0.012345679012345678,0.012345679012345678,0.7160493827160493
569483,0.17142857142857143,0.0,0.11428571428571428,0.7142857142857143
382383,0.3157894736842105,0.07894736842105263,0.15789473684210525,0.4473684210526316
606163,0.125,0.0,0.1875,0.6875
496620,0.09868421052631579,0.07236842105263158,0.23684210526315788,0.5921052631578947
334647,0.248,0.216,0.104,0.432
1385895,0.3333333333333333,0.06060606060606061,0.18181818181818182,0.42424242424242425
1065291,0.4166666666666667,0.0,0.25,0.3333333333333333
1140433,0.4444444444444444,0.1111111111111111,0.0,0.4444444444444444
474055,0.5,0.0,0.14285714285714285,0.35714285714285715
299564,0.5,0.14285714285714285,0.07142857142857142,0.2857142857142857
536801,0.5294117647058824,0.0,0.0,0.47058823529411764
341540,0.3484848484848485,0.0,0.09090909090909091,0.5606060606060606
222688,0.3333333333333333,0.0,0.4444444444444444,0.2222222222222222
641204,0.4444444444444444,0.0,0.2222222222222222,0.3333333333333333
91173,0.6666666666666666,0.0,0.16666666666666666,0.16666666666666666
525997,0.7142857142857143,0.0,0.07142857142857142,0.21428571428571427
336303,0.4090909090909091,0.0,0.36363636363636365,0.22727272727272727
468704,0.5,0.0,0.2,0.3
591839,0.5555555555555556,0.0,0.1111111111111111,0.3333333333333333
489318,0.45,0.0,0.3,0.25
985132,0.1111111111111111,0.0,0.4444444444444444,0.4444444444444444
298179,0.46153846153846156,0.07692307692307693,0.07692307692307693,0.38461538461538464
275766,0.25,0.0,0.25,0.5
651693,0.3333333333333333,0.0,0.1111111111111111,0.5555555555555556
788145,0.3333333333333333,0.0,0.2222222222222222,0.4444444444444444
836186,0.6666666666666666,0.0,0.0,0.3333333333333333
660946,0.0,0.0,0.2222222222222222,0.7777777777777778
879690,0.25,0.0,0.0,0.75
304059,0.21428571428571427,0.0,0.07142857142857142,0.7142857142857143
899515,0.45454545454545453,0.0,0.0,0.5454545454545454
171354,0.42857142857142855,0.0,0.0,0.5714285714285714
394420,0.5,0.0,0.0,0.5
142679,0.2,0.0,0.2,0.6
960067,0.2,0.0,0.2,0.6
135120,0.3492063492063492,0.06349206349206349,0.19047619047619047,0.3968253968253968
142650,0.2727272727272727,0.0,0.2727272727272727,0.45454545454545453
262899,0.5333333333333333,0.13333333333333333,0.0,0.3333333333333333
164842,0.3333333333333333,0.0,0.0,0.6666666666666666
137465,0.18181818181818182,0.0,0.09090909090909091,0.7272727272727273
270019,0.5555555555555556,0.1111111111111111,0.0,0.3333333333333333
200095,0.375,0.0,0.0,0.625
573328,0.2727272727272727,0.022727272727272728,0.11363636363636363,0.5909090909090909
218773,0.3142857142857143,0.02857142857142857,0.08571428571428572,0.5714285714285714
218779,0.3103448275862069,0.05172413793103448,0.15517241379310345,0.4827586206896552
132791,0.3424657534246575,0.00684931506849315,0.1643835616438356,0.4863013698630137
425462,0.3333333333333333,0.037037037037037035,0.1111111111111111,0.5185185185185185
1249549,0.04,0.04,0.74,0.18
159623,0.3548387096774194,0.03225806451612903,0.0967741935483871,0.5161290322580645
431560,0.16666666666666666,0.05555555555555555,0.16666666666666666,0.6111111111111112
582396,0.19047619047619047,0.047619047619047616,0.14285714285714285,0.6190476190476191
997815,0.21428571428571427,0.07142857142857142,0.07142857142857142,0.6428571428571429
653574,0.26666666666666666,0.03333333333333333,0.13333333333333333,0.5666666666666667
1068848,0.16666666666666666,0.16666666666666666,0.16666666666666666,0.5
984651,0.19047619047619047,0.047619047619047616,0.23809523809523808,0.5238095238095238
527987,0.25,0.0,0.125,0.625
1727286,0.18181818181818182,0.045454545454545456,0.18181818181818182,0.5909090909090909
220883,0.26785714285714285,0.017857142857142856,0.16071428571428573,0.5535714285714286
135227,0.2711864406779661,0.01694915254237288,0.09322033898305085,0.6186440677966102
359021,0.25,0.025,0.15,0.575
1132695,0.18518518518518517,0.037037037037037035,0.1111111111111111,0.6666666666666666
605256,0.1875,0.03125,0.25,0.53125
710254,0.2727272727272727,0.030303030303030304,0.09090909090909091,0.6060606060606061
1548642,0.3125,0.0,0.0625,0.625
159631,0.37142857142857144,0.02857142857142857,0.08571428571428572,0.5142857142857142
431246,0.24,0.0,0.08,0.68
906769,0.28125,0.03125,0.15625,0.53125
952005,0.23076923076923078,0.0,0.15384615384615385,0.6153846153846154
5633592,0.23076923076923078,0.07692307692307693,0.0,0.6923076923076923
6003363,0.09523809523809523,0.0,0.0,0.9047619047619048
143123,0.1423076923076923,0.011538461538461539,0.06923076923076923,0.7769230769230769
6420687,0.5555555555555556,0.16666666666666666,0.1111111111111111,0.16666666666666666
446992,0.3076923076923077,0.0,0.0,0.6923076923076923
26976,0.08636363636363636,0.004545454545454545,0.36363636363636365,0.5454545454545454
22154,0.5645161290322581,0.12903225806451613,0.03225806451612903,0.27419354838709675
198800,0.3937007874015748,0.07874015748031496,0.031496062992125984,0.49606299212598426
42622,0.6624472573839663,0.029535864978902954,0.02109704641350211,0.2869198312236287
424177,0.1509433962264151,0.2857142857142857,0.14016172506738545,0.42318059299191374
342054,0.32989690721649484,0.05154639175257732,0.09278350515463918,0.5257731958762887
213515,0.043478260869565216,0.0,0.010869565217391304,0.9456521739130435
99409,0.6346153846153846,0.06923076923076923,0.0038461538461538464,0.2923076923076923
185634,0.2,0.0,0.16666666666666666,0.6333333333333333
58252,0.8679245283018868,0.05660377358490566,0.018867924528301886,0.05660377358490566
60619,0.3225806451612903,0.0,0.22580645161290322,0.45161290322580644
1217439,0.6428571428571429,0.0,0.0,0.35714285714285715
556729,0.6470588235294118,0.058823529411764705,0.058823529411764705,0.23529411764705882
306186,0.7422680412371134,0.09278350515463918,0.010309278350515464,0.15463917525773196
564036,0.30303030303030304,0.07575757575757576,0.030303030303030304,0.5909090909090909
37006,0.4482758620689655,0.011494252873563218,0.14942528735632185,0.39080459770114945
331266,0.4117647058823529,0.029411764705882353,0.0,0.5588235294117647
162058,0.7714285714285715,0.0,0.02857142857142857,0.2
371078,0.296969696969697,0.0,0.06060606060606061,0.6424242424242425
215777,0.25,0.0,0.014705882352941176,0.7352941176470589
503808,0.6,0.05,0.15,0.2
303013,0.3333333333333333,0.0,0.0,0.6666666666666666
6567027,0.36,0.0,0.0,0.64
51765,0.36,0.0,0.04,0.6
285254,0.2,0.0,0.4,0.4
42519,0.36036036036036034,0.009009009009009009,0.08108108108108109,0.5495495495495496
904691,0.75,0.0,0.0,0.25
3195536,0.4,0.0,0.0,0.6
594958,0.5,0.0,0.16666666666666666,0.3333333333333333
346508,0.6,0.1,0.1,0.2
354837,0.2,0.05,0.1,0.65
344459,0.13043478260869565,0.0,0.2608695652173913,0.6086956521739131
982526,0.75,0.08333333333333333,0.0,0.16666666666666666
175162,0.1724137931034483,0.06896551724137931,0.0,0.7586206896551724
340685,0.08333333333333333,0.0,0.08333333333333333,0.8333333333333334
536328,0.14285714285714285,0.0,0.17142857142857143,0.6857142857142857
310660,0.46511627906976744,0.09302325581395349,0.046511627906976744,0.3953488372093023
600244,0.6944444444444444,0.0,0.027777777777777776,0.2777777777777778
150738,0.4899328859060403,0.12080536912751678,0.09395973154362416,0.2953020134228188
35721,0.35,0.05,0.2,0.4
351939,0.4074074074074074,0.0,0.037037037037037035,0.5555555555555556
38474,0.23529411764705882,0.058823529411764705,0.10294117647058823,0.6029411764705882
259552,0.35,0.0,0.0,0.65
433524,0.49122807017543857,0.017543859649122806,0.08771929824561403,0.40350877192982454
42626,0.4827586206896552,0.034482758620689655,0.06896551724137931,0.41379310344827586
42616,0.5,0.041666666666666664,0.125,0.3333333333333333
42620,0.5,0.0,0.07142857142857142,0.42857142857142855
625245,0.6153846153846154,0.05128205128205128,0.10256410256410256,0.23076923076923078
991596,0.11764705882352941,0.17647058823529413,0.058823529411764705,0.6470588235294118
226279,0.6567164179104478,0.05970149253731343,0.014925373134328358,0.26865671641791045
292352,0.41317365269461076,0.005988023952095809,0.12574850299401197,0.4550898203592814
54368,0.47368421052631576,0.0,0.0,0.5263157894736842
104896,0.543859649122807,0.05263157894736842,0.17543859649122806,0.22807017543859648
164930,0.2903225806451613,0.0,0.03225806451612903,0.6774193548387096
47766,0.43103448275862066,0.0,0.06896551724137931,0.5
166525,0.3548387096774194,0.0,0.2903225806451613,0.3548387096774194
110700,0.3333333333333333,0.0,0.09523809523809523,0.5714285714285714
124815,0.36363636363636365,0.0,0.045454545454545456,0.5909090909090909
42853,0.17391304347826086,0.0,0.17391304347826086,0.6521739130434783
42737,0.05714285714285714,0.0,0.4,0.5428571428571428
47733,0.3548387096774194,0.03225806451612903,0.0967741935483871,0.5161290322580645
194922,0.3939393939393939,0.0,0.12121212121212122,0.48484848484848486
166302,0.7142857142857143,0.0,0.14285714285714285,0.14285714285714285
192680,0.7966101694915254,0.01694915254237288,0.06779661016949153,0.11864406779661017
104057,0.24324324324324326,0.0,0.32432432432432434,0.43243243243243246
195075,0.18421052631578946,0.02631578947368421,0.013157894736842105,0.7763157894736842
104758,0.2962962962962963,0.0,0.0,0.7037037037037037
104191,0.4074074074074074,0.037037037037037035,0.07407407407407407,0.48148148148148145
178122,0.35,0.05,0.05,0.55
154755,0.25,0.08333333333333333,0.08333333333333333,0.5833333333333334
56803,0.4090909090909091,0.0,0.045454545454545456,0.5454545454545454
144780,0.4,0.0,0.1,0.5
524804,0.3333333333333333,0.0,0.05555555555555555,0.6111111111111112
813962,0.3333333333333333,0.0,0.0,0.6666666666666666
814013,0.7777777777777778,0.0,0.1111111111111111,0.1111111111111111
427357,0.625,0.0,0.0,0.375
814052,0.5,0.0,0.0,0.5
238992,0.5,0.0,0.0,0.5
116137,0.5454545454545454,0.0,0.0,0.45454545454545453
116133,0.5625,0.0,0.0,0.4375
30683,0.7272727272727273,0.012987012987012988,0.0,0.2597402597402597
1655324,0.14285714285714285,0.0,0.0,0.8571428571428571
513396,0.75,0.125,0.0,0.125
873139,0.4,0.0,0.2,0.4
37012,0.3448275862068966,0.0,0.0,0.6551724137931034
302405,0.35294117647058826,0.0,0.23529411764705882,0.4117647058823529
573287,0.6666666666666666,0.02564102564102564,0.0,0.3076923076923077
265484,0.5294117647058824,0.0,0.0,0.47058823529411764
435108,0.5833333333333334,0.16666666666666666,0.08333333333333333,0.16666666666666666
35138,0.79,0.04,0.01,0.16
487421,0.25,0.0625,0.375,0.3125
411226,0.5441176470588235,0.014705882352941176,0.10294117647058823,0.3382352941176471
410720,0.4444444444444444,0.018518518518518517,0.05555555555555555,0.48148148148148145
410724,0.4878048780487805,0.0,0.14634146341463414,0.36585365853658536
281664,0.1875,0.0625,0.375,0.375
410734,0.47619047619047616,0.07142857142857142,0.09523809523809523,0.35714285714285715
80659,0.45454545454545453,0.0,0.13636363636363635,0.4090909090909091
47710,0.26153846153846155,0.05641025641025641,0.38974358974358975,0.2923076923076923
772427,0.5294117647058824,0.058823529411764705,0.17647058823529413,0.23529411764705882
3832939,0.42857142857142855,0.0,0.0,0.5714285714285714
214595,0.3333333333333333,0.022222222222222223,0.1111111111111111,0.5333333333333333
409372,0.6666666666666666,0.0,0.0,0.3333333333333333
512640,0.6363636363636364,0.0,0.09090909090909091,0.2727272727272727
1490845,0.42857142857142855,0.0,0.0,0.5714285714285714
331224,0.36363636363636365,0.36363636363636365,0.045454545454545456,0.22727272727272727
621381,0.5,0.0,0.0,0.5
1435649,0.38461538461538464,0.0,0.0,0.6153846153846154
763269,0.1111111111111111,0.0,0.1111111111111111,0.7777777777777778
930403,0.375,0.08333333333333333,0.08333333333333333,0.4583333333333333
520100,0.35714285714285715,0.0,0.07142857142857142,0.5714285714285714
814330,0.3333333333333333,0.05555555555555555,0.05555555555555555,0.5555555555555556
814586,0.4444444444444444,0.0,0.1111111111111111,0.4444444444444444
4599164,0.16666666666666666,0.08333333333333333,0.0,0.75
220752,0.75,0.0,0.0,0.25
1512709,0.42424242424242425,0.0,0.030303030303030304,0.5454545454545454
238656,0.4358974358974359,0.0,0.02564102564102564,0.5384615384615384
54202,0.47058823529411764,0.007352941176470588,0.022058823529411766,0.5
236082,0.44,0.02,0.04,0.5
1158586,0.5454545454545454,0.0,0.0,0.45454545454545453
76511,0.21875,0.0,0.1875,0.59375
739928,0.5,0.03333333333333333,0.03333333333333333,0.43333333333333335
90211,0.33707865168539325,0.0,0.011235955056179775,0.651685393258427
764028,0.4044943820224719,0.0449438202247191,0.0,0.550561797752809
596226,1.0,0.0,0.0,0.0
354981,0.43902439024390244,0.0,0.0,0.5609756097560976
794007,0.358974358974359,0.017094017094017096,0.07692307692307693,0.5470085470085471
553448,0.47058823529411764,0.058823529411764705,0.0,0.47058823529411764
422835,0.40540540540540543,0.02702702702702703,0.12162162162162163,0.44594594594594594
74418,0.2647058823529412,0.058823529411764705,0.08823529411764706,0.5882352941176471
548752,0.625,0.0,0.0,0.375
693895,0.5862068965517241,0.0,0.0,0.41379310344827586
1231337,0.2727272727272727,0.0,0.09090909090909091,0.6363636363636364
1192932,0.2222222222222222,0.0,0.08333333333333333,0.6944444444444444
1430560,0.25,0.0,0.0,0.75
2240481,0.3333333333333333,0.0,0.16666666666666666,0.5
763878,0.30434782608695654,0.0,0.17391304347826086,0.5217391304347826
285956,0.08333333333333333,0.08333333333333333,0.0,0.8333333333333334
23658,0.36764705882352944,0.04411764705882353,0.11764705882352941,0.47058823529411764
1033697,0.10526315789473684,0.0,0.0,0.8947368421052632
13325,0.3333333333333333,0.016666666666666666,0.15,0.5
23474,0.6574074074074074,0.032407407407407406,0.004629629629629629,0.3055555555555556
223698,0.3333333333333333,0.08333333333333333,0.08333333333333333,0.5
13424,0.32741116751269034,0.025380710659898477,0.07106598984771574,0.5761421319796954
152179,0.029411764705882353,0.0,0.35294117647058826,0.6176470588235294
23795,0.6261261261261262,0.04504504504504504,0.06756756756756757,0.26126126126126126
166011,0.5454545454545454,0.0,0.0,0.45454545454545453
664556,0.5,0.125,0.125,0.25
414947,0.26666666666666666,0.0,0.0,0.7333333333333333
214601,0.6,0.0,0.0,0.4
281879,0.6046511627906976,0.13953488372093023,0.023255813953488372,0.23255813953488372
399988,0.7083333333333334,0.16666666666666666,0.041666666666666664,0.08333333333333333
14401,0.3333333333333333,0.037037037037037035,0.18518518518518517,0.4444444444444444
199835,0.625,0.0,0.0,0.375
970480,0.6,0.1,0.0,0.3
410743,0.5,0.0,0.17857142857142858,0.32142857142857145
670678,0.5428571428571428,0.11428571428571428,0.08571428571428572,0.2571428571428571
514364,0.43478260869565216,0.17391304347826086,0.0,0.391304347826087
541307,0.375,0.0,0.0,0.625
79949,0.46153846153846156,0.0,0.23076923076923078,0.3076923076923077
451817,0.5833333333333334,0.0,0.25,0.16666666666666666
79941,0.4375,0.03125,0.15625,0.375
725505,0.8,0.0,0.0,0.2
786729,0.75,0.0,0.0,0.25
325732,0.6666666666666666,0.0,0.0,0.3333333333333333
739758,0.4166666666666667,0.0,0.16666666666666666,0.4166666666666667
438006,0.2727272727272727,0.09090909090909091,0.09090909090909091,0.5454545454545454
124814,0.2857142857142857,0.03571428571428571,0.14285714285714285,0.5357142857142857
13529,0.21568627450980393,0.0784313725490196,0.11764705882352941,0.5882352941176471
376494,0.14285714285714285,0.0,0.0,0.8571428571428571
255694,0.7419354838709677,0.0,0.0967741935483871,0.16129032258064516
463736,0.6071428571428571,0.0,0.0,0.39285714285714285
227702,0.5238095238095238,0.023809523809523808,0.14285714285714285,0.30952380952380953
47722,0.36363636363636365,0.01818181818181818,0.18181818181818182,0.43636363636363634
601818,0.3157894736842105,0.0,0.05263157894736842,0.631578947368421
601787,0.36585365853658536,0.0,0.34146341463414637,0.2926829268292683
51616,0.4305555555555556,0.027777777777777776,0.013888888888888888,0.5277777777777778
54588,0.5671641791044776,0.07462686567164178,0.0,0.3582089552238806
965973,0.4489795918367347,0.04081632653061224,0.0,0.5102040816326531
52832,0.19086021505376344,0.008064516129032258,0.1827956989247312,0.6182795698924731
242427,0.4482758620689655,0.0,0.034482758620689655,0.5172413793103449
481310,0.29411764705882354,0.0,0.0,0.7058823529411765
546942,0.23529411764705882,0.0,0.0,0.7647058823529411
242436,0.4925373134328358,0.029850746268656716,0.0,0.47761194029850745
202784,0.16981132075471697,0.0,0.6226415094339622,0.20754716981132076
525516,0.25,0.0,0.0,0.75
220179,0.7368421052631579,0.0,0.10526315789473684,0.15789473684210525
512661,0.6,0.0,0.0,0.4
351829,0.3137254901960784,0.0196078431372549,0.058823529411764705,0.6078431372549019
161686,0.46,0.06,0.06,0.42
254303,0.6341463414634146,0.0,0.0,0.36585365853658536
88251,0.5757575757575758,0.08080808080808081,0.020202020202020204,0.32323232323232326
154550,0.4,0.022222222222222223,0.022222222222222223,0.5555555555555556
242530,0.7209302325581395,0.023255813953488372,0.046511627906976744,0.20930232558139536
25724,0.4966442953020134,0.03355704697986577,0.053691275167785234,0.4161073825503356
131599,0.45614035087719296,0.017543859649122806,0.05263157894736842,0.47368421052631576
109009,0.6578947368421053,0.02631578947368421,0.0,0.3157894736842105
55416,0.5277777777777778,0.08333333333333333,0.0,0.3888888888888889
278286,0.5263157894736842,0.023391812865497075,0.017543859649122806,0.4327485380116959
1509220,0.2727272727272727,0.13636363636363635,0.22727272727272727,0.36363636363636365
83600,0.7166666666666667,0.06666666666666667,0.06666666666666667,0.15
58599,0.48717948717948717,0.0641025641025641,0.11538461538461539,0.3333333333333333
686893,0.5081967213114754,0.13114754098360656,0.04918032786885246,0.3114754098360656
316031,0.5625,0.08333333333333333,0.08333333333333333,0.2708333333333333
183160,0.3181818181818182,0.0,0.10606060606060606,0.5757575757575758
6342779,0.6,0.1,0.0,0.3
55349,0.47619047619047616,0.11904761904761904,0.07142857142857142,0.3333333333333333
53354,0.4,0.0,0.08,0.52
104634,0.3380281690140845,0.014084507042253521,0.15492957746478872,0.49295774647887325
1299597,0.4318181818181818,0.0,0.06818181818181818,0.5
19938,0.425,0.025,0.10833333333333334,0.44166666666666665
196508,0.4485981308411215,0.11214953271028037,0.09345794392523364,0.34579439252336447
513447,0.6515151515151515,0.12121212121212122,0.015151515151515152,0.21212121212121213
102886,0.6,0.2,0.0,0.2
1102111,0.32051282051282054,0.07692307692307693,0.10256410256410256,0.5
664108,0.2695035460992908,0.03546099290780142,0.07092198581560284,0.624113475177305
1102091,0.33090909090909093,0.04363636363636364,0.10181818181818182,0.5236363636363637
30890,0.2874015748031496,0.01968503937007874,0.03543307086614173,0.65748031496063
6467079,1.0,0.0,0.0,0.0
270115,0.25,0.0,0.125,0.625
1093900,0.5454545454545454,0.09090909090909091,0.09090909090909091,0.2727272727272727
111726,0.5909090909090909,0.0,0.045454545454545456,0.36363636363636365
443700,0.6883116883116883,0.18181818181818182,0.0,0.12987012987012986
55325,0.4852941176470588,0.03308823529411765,0.1323529411764706,0.3492647058823529
47497,0.3492063492063492,0.026455026455026454,0.07407407407407407,0.5502645502645502
854531,0.5180722891566265,0.0,0.0963855421686747,0.3855421686746988
65281,0.4200913242009132,0.0273972602739726,0.0958904109589041,0.45662100456621
818233,0.21052631578947367,0.05263157894736842,0.10526315789473684,0.631578947368421
61732,0.8344370860927153,0.046357615894039736,0.019867549668874173,0.09933774834437085
76793,0.6666666666666666,0.0,0.0,0.3333333333333333
48932,0.5147058823529411,0.0,0.0,0.4852941176470588
205338,0.6571428571428571,0.0,0.0,0.34285714285714286
67051,0.4090909090909091,0.0,0.045454545454545456,0.5454545454545454
981809,0.04,0.0,0.12,0.84
592257,0.38461538461538464,0.38461538461538464,0.15384615384615385,0.07692307692307693
479423,0.2222222222222222,0.1111111111111111,0.0,0.6666666666666666
38640,0.8153846153846154,0.046153846153846156,0.046153846153846156,0.09230769230769231
22315,0.7586206896551724,0.0,0.0,0.2413793103448276
132304,0.034482758620689655,0.005747126436781609,0.005747126436781609,0.9540229885057471
794310,0.9166666666666666,0.0,0.0,0.08333333333333333
38625,0.9090909090909091,0.0,0.0,0.09090909090909091
76476,0.39655172413793105,0.0,0.05172413793103448,0.5517241379310345
144824,0.5365853658536586,0.07317073170731707,0.0,0.3902439024390244
1852970,0.5454545454545454,0.0,0.09090909090909091,0.36363636363636365
310004,0.6,0.1,0.2,0.1
48232,0.5806451612903226,0.03225806451612903,0.03225806451612903,0.3548387096774194
131274,0.46808510638297873,0.0,0.02127659574468085,0.5106382978723404
3533417,0.1724137931034483,0.0,0.0,0.8275862068965517
2060909,0.7272727272727273,0.0,0.0,0.2727272727272727
101136,0.36923076923076925,0.015384615384615385,0.06153846153846154,0.5538461538461539
33414,0.1348314606741573,0.011235955056179775,0.15168539325842698,0.702247191011236
358675,0.4909090909090909,0.0,0.05454545454545454,0.45454545454545453
325081,0.7,0.02,0.02,0.26
434652,0.5789473684210527,0.14035087719298245,0.03508771929824561,0.24561403508771928
68720,0.7375,0.0625,0.025,0.175
507168,0.5217391304347826,0.043478260869565216,0.13043478260869565,0.30434782608695654
9935,0.575,0.0,0.0,0.425
961372,0.3333333333333333,0.0,0.0,0.6666666666666666
315755,0.5283018867924528,0.0,0.0,0.4716981132075472
299765,0.5454545454545454,0.09090909090909091,0.0,0.36363636363636365
285042,0.3684210526315789,0.0,0.0,0.631578947368421
199387,0.3333333333333333,0.0,0.1111111111111111,0.5555555555555556
553878,0.2,0.1,0.1,0.6
845709,0.45454545454545453,0.18181818181818182,0.18181818181818182,0.18181818181818182
837898,0.45454545454545453,0.0,0.09090909090909091,0.45454545454545453
76491,0.5769230769230769,0.038461538461538464,0.11538461538461539,0.2692307692307692
772712,0.625,0.0,0.0,0.375
140003,1.0,0.0,0.0,0.0
375279,0.7446808510638298,0.02127659574468085,0.02127659574468085,0.2127659574468085
284853,0.3968253968253968,0.15873015873015872,0.1111111111111111,0.3333333333333333
761158,0.6875,0.25,0.0,0.0625
760918,0.6,0.4,0.0,0.0
76503,0.7058823529411765,0.0,0.0,0.29411764705882354
378069,1.0,0.0,0.0,0.0
288941,0.2631578947368421,0.10526315789473684,0.14035087719298245,0.49122807017543857
76413,0.5333333333333333,0.06666666666666667,0.0,0.4
76405,0.5652173913043478,0.0,0.0,0.43478260869565216
496563,0.5833333333333334,0.0,0.08333333333333333,0.3333333333333333
469021,0.8421052631578947,0.0,0.0,0.15789473684210525
584405,0.8148148148148148,0.1111111111111111,0.0,0.07407407407407407
442901,0.5,0.0,0.0,0.5
164648,0.46875,0.0,0.15625,0.375
575351,0.6666666666666666,0.0,0.0,0.3333333333333333
681001,0.3,0.0,0.0,0.7
200789,0.7,0.0,0.0,0.3
215564,0.4,0.0,0.0,0.6
175585,0.6078431372549019,0.0,0.0,0.39215686274509803
587742,0.2222222222222222,0.0,0.1111111111111111,0.6666666666666666
487590,0.5,0.1,0.0,0.4
329443,0.16,0.04,0.0,0.8
336458,0.2727272727272727,0.0,0.12121212121212122,0.6060606060606061
446654,0.9259259259259259,0.0,0.0,0.07407407407407407
492260,0.631578947368421,0.0,0.05263157894736842,0.3157894736842105
402923,0.38095238095238093,0.047619047619047616,0.14285714285714285,0.42857142857142855
290800,0.36363636363636365,0.0,0.18181818181818182,0.45454545454545453
76513,0.6428571428571429,0.0,0.017857142857142856,0.3392857142857143
30474,0.375,0.03571428571428571,0.07142857142857142,0.5178571428571429
30902,0.7272727272727273,0.0,0.045454545454545456,0.22727272727272727
502637,0.4666666666666667,0.0,0.0,0.5333333333333333
161652,0.5909090909090909,0.0,0.045454545454545456,0.36363636363636365
168550,0.3076923076923077,0.038461538461538464,0.10256410256410256,0.5512820512820513
365007,0.1569767441860465,0.005813953488372093,0.13372093023255813,0.7034883720930233
435287,0.5789473684210527,0.05263157894736842,0.0,0.3684210526315789
197403,0.6576576576576577,0.0,0.009009009009009009,0.3333333333333333
291316,0.7222222222222222,0.0,0.05555555555555555,0.2222222222222222
128389,0.4,0.0,0.0,0.6
71865,0.057692307692307696,0.038461538461538464,0.11538461538461539,0.7884615384615384
400003,0.1,0.3,0.0,0.6
165997,0.39603960396039606,0.009900990099009901,0.039603960396039604,0.5544554455445545
249462,0.5789473684210527,0.02631578947368421,0.02631578947368421,0.3684210526315789
296531,0.45751633986928103,0.0,0.13725490196078433,0.40522875816993464
205852,0.44,0.0,0.0,0.56
1156600,0.3684210526315789,0.05263157894736842,0.05263157894736842,0.5263157894736842
1375005,0.37142857142857144,0.0,0.0,0.6285714285714286
1116067,0.6470588235294118,0.0,0.11764705882352941,0.23529411764705882
1229162,0.47619047619047616,0.0,0.09523809523809523,0.42857142857142855
1166712,0.5,0.023809523809523808,0.07142857142857142,0.40476190476190477
177523,0.1875,0.03125,0.25,0.53125
702084,0.7777777777777778,0.0,0.0,0.2222222222222222
13530,0.4146341463414634,0.12195121951219512,0.14634146341463414,0.3170731707317073
13512,0.4772727272727273,0.11363636363636363,0.13636363636363635,0.2727272727272727
13516,0.4883720930232558,0.09302325581395349,0.13953488372093023,0.27906976744186046
824647,0.5384615384615384,0.0,0.07692307692307693,0.38461538461538464
745727,0.5769230769230769,0.0,0.0,0.4230769230769231
27838,0.4634146341463415,0.0,0.024390243902439025,0.5121951219512195
13528,0.29365079365079366,0.023809523809523808,0.14285714285714285,0.5396825396825397
27847,0.3333333333333333,0.0,0.06666666666666667,0.6
13510,0.36363636363636365,0.03636363636363636,0.14545454545454545,0.45454545454545453
123407,0.6875,0.0625,0.0,0.25
1373089,0.4,0.0,0.0,0.6
205750,0.1111111111111111,0.0,0.1111111111111111,0.7777777777777778
587900,0.125,0.0,0.0,0.875
13501,0.3235294117647059,0.04411764705882353,0.16176470588235295,0.47058823529411764
1364304,0.34444444444444444,0.022222222222222223,0.022222222222222223,0.6111111111111112
11796,0.46,0.02,0.02,0.5
13265,0.35714285714285715,0.023809523809523808,0.09523809523809523,0.5238095238095238
9831,0.3592233009708738,0.02912621359223301,0.043689320388349516,0.5679611650485437
20500,0.33766233766233766,0.0,0.05194805194805195,0.6103896103896104
25458,0.24561403508771928,0.03508771929824561,0.03508771929824561,0.6842105263157895
12990,0.4,0.0,0.0,0.6
188458,0.65,0.15,0.0,0.2
207008,0.569620253164557,0.0,0.0,0.43037974683544306
13499,0.27848101265822783,0.06329113924050633,0.1518987341772152,0.5063291139240507
13264,0.5789473684210527,0.05263157894736842,0.05263157894736842,0.3157894736842105
13260,0.6206896551724138,0.034482758620689655,0.1724137931034483,0.1724137931034483
328394,0.12585034013605442,0.003401360544217687,0.3299319727891156,0.5408163265306123
218491,0.782608695652174,0.021739130434782608,0.021739130434782608,0.17391304347826086
34804,0.46296296296296297,0.037037037037037035,0.12962962962962962,0.37037037037037035
695905,0.5263157894736842,0.0,0.0,0.47368421052631576
635779,0.0851063829787234,0.0,0.0425531914893617,0.8723404255319149
13506,0.2033898305084746,0.11864406779661017,0.13559322033898305,0.5423728813559322
13513,0.18181818181818182,0.03636363636363636,0.09090909090909091,0.6909090909090909
33607,0.43636363636363634,0.0,0.03636363636363636,0.5272727272727272
916941,0.7,0.0,0.1,0.2
1062019,0.25,0.125,0.25,0.375
633427,0.26666666666666666,0.3333333333333333,0.2,0.2
54363,0.3333333333333333,0.05555555555555555,0.19444444444444445,0.4166666666666667
724337,0.25,0.0,0.16666666666666666,0.5833333333333334
306331,0.47619047619047616,0.19047619047619047,0.047619047619047616,0.2857142857142857
247467,0.36363636363636365,0.0,0.18181818181818182,0.45454545454545453
287325,0.46153846153846156,0.0,0.15384615384615385,0.38461538461538464
301431,0.1342281879194631,0.0,0.4161073825503356,0.44966442953020136
55380,0.41284403669724773,0.03669724770642202,0.1926605504587156,0.3577981651376147
40257,0.5795454545454546,0.045454545454545456,0.056818181818181816,0.3181818181818182
640335,0.10256410256410256,0.0,0.23076923076923078,0.6666666666666666
732589,0.3684210526315789,0.0,0.10526315789473684,0.5263157894736842
324991,0.2708333333333333,0.041666666666666664,0.041666666666666664,0.6458333333333334
79027,0.8108108108108109,0.009009009009009009,0.018018018018018018,0.16216216216216217
99195,0.6818181818181818,0.13636363636363635,0.045454545454545456,0.13636363636363635
717248,0.125,0.0,0.0,0.875
119314,0.43859649122807015,0.07894736842105263,0.08771929824561403,0.39473684210526316
1014143,0.3870967741935484,0.06451612903225806,0.0967741935483871,0.45161290322580644
676062,0.19047619047619047,0.023809523809523808,0.14285714285714285,0.6428571428571429
27229,0.6310679611650486,0.009708737864077669,0.0,0.3592233009708738
248638,0.35135135135135137,0.0,0.16216216216216217,0.4864864864864865
135760,0.6136363636363636,0.022727272727272728,0.09090909090909091,0.2727272727272727
439423,0.39285714285714285,0.0,0.0,0.6071428571428571
1047395,0.4074074074074074,0.07407407407407407,0.037037037037037035,0.48148148148148145
200514,0.52,0.0,0.04,0.44
146984,0.33636363636363636,0.02727272727272727,0.07272727272727272,0.5636363636363636
77353,0.2708333333333333,0.020833333333333332,0.14583333333333334,0.5625
84586,0.52,0.032,0.04,0.408
55402,0.34782608695652173,0.014492753623188406,0.057971014492753624,0.5797101449275363
131672,0.13114754098360656,0.01639344262295082,0.0,0.8524590163934426
225706,0.4125,0.0125,0.2125,0.3625
391237,0.6363636363636364,0.045454545454545456,0.07575757575757576,0.24242424242424243
6783897,0.1111111111111111,0.4074074074074074,0.2222222222222222,0.25925925925925924
1298028,0.5652173913043478,0.2608695652173913,0.043478260869565216,0.13043478260869565
44471,0.643652561247216,0.066815144766147,0.017817371937639197,0.2717149220489978
1116245,0.5172413793103449,0.0,0.10344827586206896,0.3793103448275862
591442,0.6504065040650406,0.0,0.07317073170731707,0.2764227642276423
848427,0.38461538461538464,0.3076923076923077,0.0,0.3076923076923077
1172428,0.6363636363636364,0.045454545454545456,0.045454545454545456,0.2727272727272727
681880,0.5555555555555556,0.0,0.1111111111111111,0.3333333333333333
578666,0.2,0.1,0.3,0.4
252954,0.8541666666666666,0.020833333333333332,0.0,0.125
325709,0.84,0.08,0.0,0.08
733211,0.5263157894736842,0.21052631578947367,0.10526315789473684,0.15789473684210525
935556,0.125,0.0,0.125,0.75
225967,0.5882352941176471,0.058823529411764705,0.0,0.35294117647058826
492977,0.5555555555555556,0.05555555555555555,0.1111111111111111,0.2777777777777778
358662,0.875,0.0,0.0,0.125
53396,0.42857142857142855,0.18571428571428572,0.07142857142857142,0.3142857142857143
53389,0.5454545454545454,0.09090909090909091,0.09090909090909091,0.2727272727272727
384341,0.5263157894736842,0.13157894736842105,0.02631578947368421,0.3157894736842105
731840,0.6896551724137931,0.0,0.10344827586206896,0.20689655172413793
335059,0.35,0.0,0.25,0.4
435242,0.7142857142857143,0.14285714285714285,0.0,0.14285714285714285
6383714,0.2857142857142857,0.5714285714285714,0.0,0.14285714285714285
840984,0.6956521739130435,0.17391304347826086,0.13043478260869565,0.0
635147,0.17391304347826086,0.0,0.0,0.8260869565217391
946354,0.4642857142857143,0.32142857142857145,0.0,0.21428571428571427
51418,0.42105263157894735,0.05263157894736842,0.08771929824561403,0.43859649122807015
465432,0.2857142857142857,0.0,0.14285714285714285,0.5714285714285714
538332,0.4,0.2,0.0,0.4
3979012,0.23076923076923078,0.07692307692307693,0.15384615384615385,0.5384615384615384
1391364,0.16666666666666666,0.0,0.1111111111111111,0.7222222222222222
741351,0.5961538461538461,0.07692307692307693,0.019230769230769232,0.3076923076923077
1303694,0.75,0.125,0.0,0.125
1352378,0.6363636363636364,0.36363636363636365,0.0,0.0
1136577,0.3333333333333333,0.08333333333333333,0.25,0.3333333333333333
80079,0.6,0.2,0.0,0.2
992763,0.375,0.0,0.0,0.625
1319584,0.6,0.0,0.2,0.2
1262197,0.7,0.0,0.05,0.25
754009,0.16666666666666666,0.08333333333333333,0.08333333333333333,0.6666666666666666
55786,0.6595744680851063,0.1276595744680851,0.0425531914893617,0.1702127659574468
239023,0.6153846153846154,0.07692307692307693,0.0,0.3076923076923077
1163193,0.75,0.0,0.125,0.125
3205784,0.5,0.3181818181818182,0.045454545454545456,0.13636363636363635
786098,0.4,0.0,0.0,0.6
1055671,0.3333333333333333,0.1111111111111111,0.2222222222222222,0.3333333333333333
2519264,0.4444444444444444,0.1111111111111111,0.0,0.4444444444444444
15693,0.825,0.075,0.025,0.075
47672,0.525,0.075,0.1,0.3
366778,0.5,0.045454545454545456,0.0,0.45454545454545453
537534,0.3541666666666667,0.0,0.16666666666666666,0.4791666666666667
1297946,0.5555555555555556,0.2777777777777778,0.0,0.16666666666666666
391420,0.0,0.3076923076923077,0.15384615384615385,0.5384615384615384
6757441,0.6153846153846154,0.23076923076923078,0.0,0.15384615384615385
624841,0.4,0.05,0.0,0.55
320252,0.4375,0.03125,0.15625,0.375
239934,0.375,0.5,0.0,0.125
881211,0.6,0.3,0.0,0.1
172604,0.7777777777777778,0.1111111111111111,0.0,0.1111111111111111
1309297,0.0,0.7777777777777778,0.0,0.2222222222222222
451832,0.0967741935483871,0.0,0.03225806451612903,0.8709677419354839
603998,0.3333333333333333,0.3333333333333333,0.0,0.3333333333333333
341655,0.6363636363636364,0.09090909090909091,0.0,0.2727272727272727
537822,0.4444444444444444,0.0,0.0,0.5555555555555556
705144,0.4444444444444444,0.0,0.1111111111111111,0.4444444444444444
6542416,1.0,0.0,0.0,0.0
44707,0.725,0.05,0.125,0.1
86728,0.36585365853658536,0.04878048780487805,0.04878048780487805,0.5365853658536586
434903,0.5666666666666667,0.3333333333333333,0.0,0.1
1024123,0.35714285714285715,0.0,0.07142857142857142,0.5714285714285714
195249,0.26666666666666666,0.06666666666666667,0.26666666666666666,0.4
497031,0.47058823529411764,0.0196078431372549,0.0392156862745098,0.47058823529411764
539358,0.48484848484848486,0.0,0.030303030303030304,0.48484848484848486
301396,0.4,0.021052631578947368,0.12631578947368421,0.45263157894736844
102671,0.5454545454545454,0.0,0.09090909090909091,0.36363636363636365
852921,0.23809523809523808,0.0,0.19047619047619047,0.5714285714285714
1059382,0.1875,0.0,0.15625,0.65625
85213,0.4117647058823529,0.0,0.23529411764705882,0.35294117647058826
1131912,0.13333333333333333,0.06666666666666667,0.2,0.6
121811,0.35,0.0,0.25,0.4
805780,0.42857142857142855,0.07142857142857142,0.0,0.5
964738,0.5471698113207547,0.09433962264150944,0.018867924528301886,0.33962264150943394
941010,0.42857142857142855,0.07142857142857142,0.14285714285714285,0.35714285714285715
832084,0.42857142857142855,0.14285714285714285,0.047619047619047616,0.38095238095238093
905874,0.36363636363636365,0.2727272727272727,0.0,0.36363636363636365
386412,0.2222222222222222,0.037037037037037035,0.07407407407407407,0.6666666666666666
386439,0.4,0.06666666666666667,0.06666666666666667,0.4666666666666667
140444,0.5041322314049587,0.3884297520661157,0.0,0.10743801652892562
72907,0.5454545454545454,0.4318181818181818,0.022727272727272728,0.0
22239,0.5,0.05,0.05,0.4
1381358,0.3076923076923077,0.0,0.0,0.6923076923076923
231063,0.47058823529411764,0.029411764705882353,0.058823529411764705,0.4411764705882353
191175,0.47058823529411764,0.0,0.0,0.5294117647058824
186446,0.2222222222222222,0.05555555555555555,0.0,0.7222222222222222
303551,0.4444444444444444,0.07407407407407407,0.07407407407407407,0.4074074074074074
72747,0.6785714285714286,0.17857142857142858,0.0,0.14285714285714285
6573870,0.8181818181818182,0.0,0.0,0.18181818181818182
1001283,0.5357142857142857,0.03571428571428571,0.0,0.42857142857142855
200825,0.1523809523809524,0.0,0.29523809523809524,0.5523809523809524
1373969,0.16666666666666666,0.0,0.0,0.8333333333333334
117184,0.7934782608695652,0.05434782608695652,0.0,0.15217391304347827
1218359,0.631578947368421,0.0,0.0,0.3684210526315789
912264,0.21739130434782608,0.043478260869565216,0.043478260869565216,0.6956521739130435
122102,0.45454545454545453,0.09090909090909091,0.0,0.45454545454545453
120536,0.8135593220338984,0.05084745762711865,0.0,0.13559322033898305
485642,0.4857142857142857,0.0,0.05714285714285714,0.45714285714285713
705733,0.8333333333333334,0.0,0.05555555555555555,0.1111111111111111
290686,0.5833333333333334,0.0,0.027777777777777776,0.3888888888888889
38612,0.65625,0.109375,0.03125,0.203125
7214598,0.3870967741935484,0.010752688172043012,0.07526881720430108,0.5268817204301075
1495153,0.375,0.0,0.125,0.5
641241,0.6153846153846154,0.0,0.07692307692307693,0.3076923076923077
59447,0.3333333333333333,0.041666666666666664,0.0,0.625
1219065,0.5454545454545454,0.0,0.09090909090909091,0.36363636363636365
3202704,0.7142857142857143,0.0,0.0,0.2857142857142857
1508737,0.375,0.0,0.125,0.5
426311,0.14285714285714285,0.0,0.19047619047619047,0.6666666666666666
12515,0.125,0.013157894736842105,0.03289473684210526,0.8289473684210527
1444636,0.46153846153846156,0.0,0.07692307692307693,0.46153846153846156
202283,0.5569620253164557,0.0,0.0759493670886076,0.3670886075949367
936101,0.625,0.0,0.125,0.25
1498865,0.6666666666666666,0.30303030303030304,0.0,0.030303030303030304
1186423,0.47368421052631576,0.05263157894736842,0.0,0.47368421052631576
1599437,0.7142857142857143,0.0,0.0,0.2857142857142857
1570460,1.0,0.0,0.0,0.0
1516676,0.3333333333333333,0.05555555555555555,0.1388888888888889,0.4722222222222222
21530,0.26936026936026936,0.016835016835016835,0.08080808080808081,0.632996632996633
32948,0.24793388429752067,0.04132231404958678,0.10743801652892562,0.6033057851239669
468500,0.5263157894736842,0.0,0.0,0.47368421052631576
42769,0.6358381502890174,0.017341040462427744,0.028901734104046242,0.3179190751445087
273300,0.58984375,0.0703125,0.01953125,0.3203125
46455,0.5411764705882353,0.058823529411764705,0.09411764705882353,0.3058823529411765
296534,0.42436974789915966,0.07142857142857142,0.1134453781512605,0.3907563025210084
43437,0.41025641025641024,0.0,0.0,0.5897435897435898
351778,0.2727272727272727,0.0,0.0,0.7272727272727273
2255718,0.625,0.0,0.0,0.375
650158,0.6666666666666666,0.0,0.0,0.3333333333333333
2049836,0.4,0.1,0.2,0.3
1029795,0.5384615384615384,0.0,0.07692307692307693,0.38461538461538464
6084189,0.16666666666666666,0.0,0.0,0.8333333333333334
3132419,0.38461538461538464,0.0,0.0,0.6153846153846154
1039949,0.20408163265306123,0.04081632653061224,0.04081632653061224,0.7142857142857143
73642,0.37037037037037035,0.037037037037037035,0.05555555555555555,0.5370370370370371
7003765,0.3333333333333333,0.1111111111111111,0.1111111111111111,0.4444444444444444
249633,0.20588235294117646,0.029411764705882353,0.058823529411764705,0.7058823529411765
374612,0.24324324324324326,0.02702702702702703,0.08108108108108109,0.6486486486486487
1293312,0.2,0.0,0.2,0.6
6264749,0.4117647058823529,0.0,0.17647058823529413,0.4117647058823529
404126,0.6666666666666666,0.06666666666666667,0.0,0.26666666666666666
1139291,0.7272727272727273,0.0,0.09090909090909091,0.18181818181818182
787220,0.3333333333333333,0.0,0.2222222222222222,0.4444444444444444
1463297,0.4,0.06666666666666667,0.0,0.5333333333333333
19380,0.4117647058823529,0.11764705882352941,0.058823529411764705,0.4117647058823529
1086676,0.5714285714285714,0.2857142857142857,0.0,0.14285714285714285
154015,0.5,0.0,0.0,0.5
846834,0.3333333333333333,0.0,0.14814814814814814,0.5185185185185185
17835,0.42857142857142855,0.0,0.09523809523809523,0.47619047619047616
542747,0.6341463414634146,0.24390243902439024,0.0,0.12195121951219512
1163075,0.3263157894736842,0.05263157894736842,0.06315789473684211,0.5578947368421052
4074805,0.2727272727272727,0.0,0.0,0.7272727272727273
261174,0.28125,0.03125,0.1875,0.5
214785,0.38095238095238093,0.09523809523809523,0.17857142857142858,0.34523809523809523
983264,0.6428571428571429,0.14285714285714285,0.14285714285714285,0.07142857142857142
88059,0.4,0.016666666666666666,0.03333333333333333,0.55
28258,0.43859649122807015,0.017543859649122806,0.03508771929824561,0.5087719298245614
164604,0.4270833333333333,0.041666666666666664,0.03125,0.5
45342,0.325,0.041666666666666664,0.15,0.48333333333333334
938997,0.2,0.03333333333333333,0.16666666666666666,0.6
538387,0.6052631578947368,0.0,0.0,0.39473684210526316
970398,0.5,0.1,0.0,0.4
43153,0.7011494252873564,0.05172413793103448,0.028735632183908046,0.21839080459770116
963096,0.0,0.0,0.25,0.75
688509,0.36,0.04,0.24,0.36
540745,0.3333333333333333,0.02962962962962963,0.1111111111111111,0.5259259259259259
210018,0.7857142857142857,0.0,0.017857142857142856,0.19642857142857142
566838,0.43478260869565216,0.043478260869565216,0.0,0.5217391304347826
421504,0.35555555555555557,0.0,0.0,0.6444444444444445
457425,0.5333333333333333,0.0,0.08888888888888889,0.37777777777777777
507373,0.9,0.1,0.0,0.0
371943,0.5634920634920635,0.015873015873015872,0.031746031746031744,0.3888888888888889
748627,0.625,0.16666666666666666,0.0,0.20833333333333334
17719,0.4235294117647059,0.023529411764705882,0.07058823529411765,0.4823529411764706
53400,0.4330708661417323,0.023622047244094488,0.2204724409448819,0.3228346456692913
517415,0.0410958904109589,0.0,0.2328767123287671,0.726027397260274
427175,0.47619047619047616,0.1111111111111111,0.06349206349206349,0.3492063492063492
32554,0.6075949367088608,0.012658227848101266,0.012658227848101266,0.3670886075949367
496474,0.5625,0.03125,0.1875,0.21875
37205,0.6666666666666666,0.0,0.0,0.3333333333333333
43527,0.4473684210526316,0.05263157894736842,0.05263157894736842,0.4473684210526316
137662,0.26595744680851063,0.031914893617021274,0.30851063829787234,0.39361702127659576
104465,0.5374149659863946,0.08843537414965986,0.05442176870748299,0.3197278911564626
41830,0.5952380952380952,0.047619047619047616,0.047619047619047616,0.30952380952380953
36949,0.8145695364238411,0.09933774834437085,0.006622516556291391,0.07947019867549669
602342,0.6923076923076923,0.0,0.0,0.3076923076923077
265696,0.36507936507936506,0.0,0.047619047619047616,0.5873015873015873
86631,0.5208333333333334,0.4375,0.0,0.041666666666666664
585253,0.5,0.15,0.0,0.35
53595,0.6524064171122995,0.2727272727272727,0.0,0.0748663101604278
370548,0.38414634146341464,0.0975609756097561,0.0975609756097561,0.42073170731707316
305578,0.40239043824701193,0.10358565737051793,0.14342629482071714,0.350597609561753
356134,0.56,0.24,0.0,0.2
172723,0.4523809523809524,0.40476190476190477,0.023809523809523808,0.11904761904761904
908802,0.45,0.05,0.15,0.35
577336,0.16666666666666666,0.06666666666666667,0.0,0.7666666666666667
1383578,0.2708333333333333,0.041666666666666664,0.08333333333333333,0.6041666666666666
487627,0.6285714285714286,0.02857142857142857,0.02857142857142857,0.3142857142857143
144453,0.4430379746835443,0.012658227848101266,0.20253164556962025,0.34177215189873417
91161,0.23076923076923078,0.0,0.3076923076923077,0.46153846153846156
43868,0.5,0.08333333333333333,0.1875,0.22916666666666666
356758,0.44680851063829785,0.14893617021276595,0.0425531914893617,0.3617021276595745
119225,0.44871794871794873,0.038461538461538464,0.1282051282051282,0.38461538461538464
650675,0.14285714285714285,0.0,0.35714285714285715,0.5
360792,0.3018867924528302,0.03773584905660377,0.05660377358490566,0.6037735849056604
1072316,0.4,0.0,0.15,0.45
948165,0.2,0.0,0.2,0.6
948093,0.08333333333333333,0.0,0.3333333333333333,0.5833333333333334
175642,0.32608695652173914,0.0,0.043478260869565216,0.6304347826086957
878862,0.3333333333333333,0.0,0.0,0.6666666666666666
857736,0.23529411764705882,0.058823529411764705,0.11764705882352941,0.5882352941176471
818356,0.6,0.0,0.1,0.3
223953,0.5384615384615384,0.0,0.0,0.46153846153846156
680695,0.3076923076923077,0.07692307692307693,0.23076923076923078,0.38461538461538464
524451,0.4230769230769231,0.0,0.038461538461538464,0.5384615384615384
587939,0.14285714285714285,0.0,0.047619047619047616,0.8095238095238095
196712,0.4,0.0,0.1,0.5
663577,0.2727272727272727,0.0,0.0,0.7272727272727273
678293,0.6666666666666666,0.0,0.0,0.3333333333333333
662745,0.45454545454545453,0.2727272727272727,0.09090909090909091,0.18181818181818182
67257,0.44,0.0,0.16,0.4
464670,0.7317073170731707,0.10975609756097561,0.04878048780487805,0.10975609756097561
541799,0.6333333333333333,0.06666666666666667,0.06666666666666667,0.23333333333333334
129674,0.47058823529411764,0.0784313725490196,0.11764705882352941,0.3333333333333333
830020,0.047619047619047616,0.0,0.38095238095238093,0.5714285714285714
1445741,0.625,0.0,0.125,0.25
37846,0.40336134453781514,0.06722689075630252,0.16806722689075632,0.36134453781512604
921372,0.391304347826087,0.043478260869565216,0.08695652173913043,0.4782608695652174
921292,0.38461538461538464,0.0,0.0,0.6153846153846154
572562,0.5454545454545454,0.0,0.18181818181818182,0.2727272727272727
946836,0.08333333333333333,0.0,0.0,0.9166666666666666
946889,0.08695652173913043,0.0,0.0,0.9130434782608695
296634,0.2926829268292683,0.024390243902439025,0.04878048780487805,0.6341463414634146
29292,0.6666666666666666,0.0,0.2222222222222222,0.1111111111111111
10600,0.5918367346938775,0.0,0.0,0.40816326530612246
6874009,0.8636363636363636,0.045454545454545456,0.045454545454545456,0.045454545454545456
158299,0.75,0.05357142857142857,0.0,0.19642857142857142
5816744,0.9615384615384616,0.038461538461538464,0.0,0.0
1219348,0.6,0.0,0.04,0.36
511024,0.2702702702702703,0.02702702702702703,0.0,0.7027027027027027
890204,0.2222222222222222,0.1111111111111111,0.1111111111111111,0.5555555555555556
10576,0.4645669291338583,0.047244094488188976,0.07086614173228346,0.41732283464566927
421374,0.2857142857142857,0.0,0.11428571428571428,0.6
384409,0.25,0.0,0.25,0.5
541529,0.4,0.1,0.1,0.4
53925,0.49504950495049505,0.019801980198019802,0.0297029702970297,0.45544554455445546
262553,0.631578947368421,0.07894736842105263,0.05263157894736842,0.23684210526315788
6906291,0.8,0.05,0.0,0.15
831101,0.4444444444444444,0.0,0.0,0.5555555555555556
75343,0.08333333333333333,0.08333333333333333,0.08333333333333333,0.75
226901,0.45794392523364486,0.009345794392523364,0.0,0.5327102803738317
732345,0.2857142857142857,0.047619047619047616,0.047619047619047616,0.6190476190476191
6824729,0.3076923076923077,0.0,0.23076923076923078,0.46153846153846156
1553734,0.18181818181818182,0.18181818181818182,0.18181818181818182,0.45454545454545453
1072168,0.35294117647058826,0.058823529411764705,0.058823529411764705,0.5294117647058824
507037,0.48148148148148145,0.018518518518518517,0.07407407407407407,0.42592592592592593
735959,0.06451612903225806,0.0,0.1935483870967742,0.7419354838709677
1498868,0.7777777777777778,0.05555555555555555,0.05555555555555555,0.1111111111111111
27850,0.16666666666666666,0.0,0.18055555555555555,0.6527777777777778
478424,0.6,0.0,0.13333333333333333,0.26666666666666666
4543817,0.2,0.0,0.06666666666666667,0.7333333333333333
193713,0.3888888888888889,0.05555555555555555,0.2777777777777778,0.2777777777777778
193682,0.5873015873015873,0.015873015873015872,0.047619047619047616,0.3492063492063492
189633,0.2926829268292683,0.024390243902439025,0.14634146341463414,0.5365853658536586
62802,0.5,0.023529411764705882,0.023529411764705882,0.45294117647058824
879777,0.56,0.0,0.04,0.4
298715,0.38461538461538464,0.0,0.0,0.6153846153846154
71881,0.4642857142857143,0.017857142857142856,0.017857142857142856,0.5
1035158,0.625,0.0,0.0,0.375
275621,0.19444444444444445,0.0,0.027777777777777776,0.7777777777777778
617054,0.2857142857142857,0.14285714285714285,0.14285714285714285,0.42857142857142855
475066,0.7272727272727273,0.0,0.09090909090909091,0.18181818181818182
161603,0.5333333333333333,0.0,0.0,0.4666666666666667
1042326,0.375,0.375,0.0,0.25
983451,0.76,0.0,0.0,0.24
176563,0.5637254901960784,0.06372549019607843,0.004901960784313725,0.36764705882352944
51504,0.25663716814159293,0.008849557522123894,0.415929203539823,0.3185840707964602
942051,0.6896551724137931,0.0,0.10344827586206896,0.20689655172413793
450825,0.21875,0.015625,0.078125,0.6875
473992,0.5,0.0,0.2,0.3
857537,0.65,0.1,0.0,0.25
290375,0.23076923076923078,0.0,0.10256410256410256,0.6666666666666666
95255,0.2765957446808511,0.02127659574468085,0.2553191489361702,0.44680851063829785
22294,0.5986394557823129,0.12244897959183673,0.08163265306122448,0.19727891156462585
299167,0.5714285714285714,0.07142857142857142,0.0,0.35714285714285715
448151,0.6190476190476191,0.0,0.0,0.38095238095238093
449330,0.3333333333333333,0.0,0.13333333333333333,0.5333333333333333
135175,0.42857142857142855,0.09523809523809523,0.08571428571428572,0.3904761904761905
900942,0.6153846153846154,0.2692307692307692,0.038461538461538464,0.07692307692307693
1603220,0.288135593220339,0.0,0.05084745762711865,0.6610169491525424
965291,1.0,0.0,0.0,0.0
1349863,0.45454545454545453,0.0,0.09090909090909091,0.45454545454545453
201905,0.5113636363636364,0.011363636363636364,0.0,0.4772727272727273
606612,0.2,0.0,0.1,0.7
85975,0.25,0.0,0.1875,0.5625
291773,0.3333333333333333,0.044444444444444446,0.1259259259259259,0.4962962962962963
307186,0.02857142857142857,0.0,0.2,0.7714285714285715
526505,0.7,0.1,0.0,0.2
451447,0.2222222222222222,0.037037037037037035,0.037037037037037035,0.7037037037037037
212471,0.36363636363636365,0.01818181818181818,0.21818181818181817,0.4
612923,0.46153846153846156,0.3076923076923077,0.0,0.23076923076923078
192026,0.803921568627451,0.0784313725490196,0.0,0.11764705882352941
37013,0.6190476190476191,0.047619047619047616,0.0,0.3333333333333333
740137,0.75,0.08333333333333333,0.0,0.16666666666666666
377861,0.45454545454545453,0.09090909090909091,0.09090909090909091,0.36363636363636365
355031,0.25,0.0,0.0,0.75
924243,0.3333333333333333,0.06666666666666667,0.2,0.4
459301,0.22727272727272727,0.0,0.0,0.7727272727272727
921560,0.043478260869565216,0.043478260869565216,0.043478260869565216,0.8695652173913043
831152,0.3333333333333333,0.0,0.06666666666666667,0.6
420352,0.013513513513513514,0.013513513513513514,0.16216216216216217,0.8108108108108109
196343,0.16129032258064516,0.016129032258064516,0.016129032258064516,0.8064516129032258
873703,0.6111111111111112,0.0,0.037037037037037035,0.35185185185185186
384404,0.25,0.15,0.15,0.45
122854,0.36,0.12,0.0,0.52
199391,0.41509433962264153,0.018867924528301886,0.0,0.5660377358490566
398494,0.43902439024390244,0.0,0.0,0.5609756097560976
147995,0.44155844155844154,0.025974025974025976,0.03896103896103896,0.4935064935064935
538328,0.6111111111111112,0.027777777777777776,0.027777777777777776,0.3333333333333333
191972,0.40540540540540543,0.0,0.05405405405405406,0.5405405405405406
314347,0.125,0.013888888888888888,0.5138888888888888,0.3472222222222222
33786,0.24742268041237114,0.020618556701030927,0.061855670103092786,0.6701030927835051
387990,0.35714285714285715,0.07142857142857142,0.14285714285714285,0.42857142857142855
90811,0.6571428571428571,0.11428571428571428,0.08571428571428572,0.14285714285714285
44842,0.7102803738317757,0.04672897196261682,0.037383177570093455,0.205607476635514
397556,0.3225806451612903,0.0,0.08064516129032258,0.5967741935483871
36993,0.6071428571428571,0.25,0.0,0.14285714285714285
64639,0.967741935483871,0.03225806451612903,0.0,0.0
312702,0.5263157894736842,0.15789473684210525,0.0,0.3157894736842105
1382672,0.8695652173913043,0.0,0.0,0.13043478260869565
351083,0.13513513513513514,0.0,0.13513513513513514,0.7297297297297297
214031,0.18518518518518517,0.018518518518518517,0.3333333333333333,0.46296296296296297
147816,0.6060606060606061,0.0,0.0,0.3939393939393939
9889,0.4576271186440678,0.00847457627118644,0.0423728813559322,0.4915254237288136
686738,0.02857142857142857,0.0,0.38571428571428573,0.5857142857142857
129126,0.675,0.14166666666666666,0.016666666666666666,0.16666666666666666
52185,0.6666666666666666,0.047619047619047616,0.023809523809523808,0.2619047619047619
36803,0.6444444444444445,0.022222222222222223,0.044444444444444446,0.28888888888888886
1000400,0.7777777777777778,0.0,0.0,0.2222222222222222
187633,0.4657534246575342,0.0958904109589041,0.1506849315068493,0.2876712328767123
28331,0.5333333333333333,0.044444444444444446,0.022222222222222223,0.4
281387,0.4368932038834951,0.02912621359223301,0.1553398058252427,0.3786407766990291
308941,0.3157894736842105,0.02631578947368421,0.2631578947368421,0.39473684210526316
1099685,0.5882352941176471,0.0,0.058823529411764705,0.35294117647058826
1257550,0.0,0.0,0.4,0.6
441533,0.7777777777777778,0.0,0.05555555555555555,0.16666666666666666
216089,0.358695652173913,0.043478260869565216,0.15217391304347827,0.44565217391304346
1251921,0.42857142857142855,0.0,0.2857142857142857,0.2857142857142857
1066066,0.6666666666666666,0.25,0.0,0.08333333333333333
1507427,0.6,0.04,0.04,0.32
65165,0.4788732394366197,0.04225352112676056,0.014084507042253521,0.4647887323943662
830077,0.3333333333333333,0.08333333333333333,0.16666666666666666,0.4166666666666667
57530,0.3076923076923077,0.0,0.07692307692307693,0.6153846153846154
64431,0.3870967741935484,0.0967741935483871,0.16129032258064516,0.3548387096774194
65222,0.1875,0.0,0.1875,0.625
297740,0.3235294117647059,0.029411764705882353,0.07352941176470588,0.5735294117647058
279987,0.2903225806451613,0.0,0.16129032258064516,0.5483870967741935
279972,0.25925925925925924,0.037037037037037035,0.14814814814814814,0.5555555555555556
6783903,0.47368421052631576,0.05263157894736842,0.05263157894736842,0.42105263157894735
720259,0.47058823529411764,0.11764705882352941,0.23529411764705882,0.17647058823529413
111243,0.3191489361702128,0.06382978723404255,0.06382978723404255,0.5531914893617021
528684,0.3333333333333333,0.08333333333333333,0.0,0.5833333333333334
598933,0.1875,0.0625,0.0625,0.6875
902214,0.3076923076923077,0.07692307692307693,0.07692307692307693,0.5384615384615384
481671,0.24242424242424243,0.030303030303030304,0.42424242424242425,0.30303030303030304
988396,0.4090909090909091,0.045454545454545456,0.0,0.5454545454545454
5907729,0.6,0.1,0.2,0.1
1516454,0.2903225806451613,0.0967741935483871,0.22580645161290322,0.3870967741935484
1508869,0.4444444444444444,0.0,0.0,0.5555555555555556
1075172,0.5833333333333334,0.16666666666666666,0.0,0.25
866892,0.6111111111111112,0.1111111111111111,0.05555555555555555,0.2222222222222222
82484,0.23809523809523808,0.0,0.047619047619047616,0.7142857142857143
6529858,0.25925925925925924,0.018518518518518517,0.5740740740740741,0.14814814814814814
699191,0.2,0.0,0.2,0.6
549621,0.5217391304347826,0.17391304347826086,0.0,0.30434782608695654
120760,0.8695652173913043,0.0,0.0,0.13043478260869565
65312,0.5138888888888888,0.0,0.027777777777777776,0.4583333333333333
364638,0.20689655172413793,0.034482758620689655,0.2413793103448276,0.5172413793103449
657816,0.5555555555555556,0.0,0.1111111111111111,0.3333333333333333
214717,0.3488372093023256,0.0,0.0,0.6511627906976745
123007,0.2619047619047619,0.0,0.047619047619047616,0.6904761904761905
21662,0.26,0.0,0.0,0.74
922368,0.16981132075471697,0.0,0.03773584905660377,0.7924528301886793
159448,0.42592592592592593,0.037037037037037035,0.2037037037037037,0.3333333333333333
889652,0.15384615384615385,0.0,0.46153846153846156,0.38461538461538464
32342,0.17647058823529413,0.029411764705882353,0.47058823529411764,0.3235294117647059
1034816,0.45454545454545453,0.0,0.09090909090909091,0.45454545454545453
847229,0.8064516129032258,0.0,0.0,0.1935483870967742
435384,0.5,0.125,0.0,0.375
11359,0.17105263157894737,0.003289473684210526,0.16776315789473684,0.6578947368421053
354187,0.6071428571428571,0.0,0.017857142857142856,0.375
53763,0.7413793103448276,0.08620689655172414,0.0,0.1724137931034483
616174,0.5185185185185185,0.0,0.0,0.48148148148148145
1546129,0.0,0.0,0.3333333333333333,0.6666666666666666
79919,0.5,0.22727272727272727,0.09090909090909091,0.18181818181818182
96411,0.42857142857142855,0.0,0.14285714285714285,0.42857142857142855
411292,0.7380952380952381,0.0,0.11904761904761904,0.14285714285714285
814051,0.85,0.0,0.075,0.075
36998,0.7380952380952381,0.11904761904761904,0.0,0.14285714285714285
387128,0.32727272727272727,0.01818181818181818,0.07272727272727272,0.5818181818181818
1121052,0.14285714285714285,0.0,0.0,0.8571428571428571
801904,0.5714285714285714,0.0,0.0,0.42857142857142855
536353,0.6666666666666666,0.0,0.08333333333333333,0.25
962091,0.625,0.0,0.0,0.375
665830,0.24,0.04,0.24,0.48
75097,0.20833333333333334,0.0,0.08333333333333333,0.7083333333333334
590178,0.09375,0.0,0.390625,0.515625
342167,0.5918367346938775,0.02040816326530612,0.0,0.3877551020408163
147173,0.22857142857142856,0.02857142857142857,0.14285714285714285,0.6
474988,0.7142857142857143,0.0,0.0,0.2857142857142857
27507,0.46875,0.015625,0.0625,0.453125
677676,0.36363636363636365,0.045454545454545456,0.0,0.5909090909090909
255647,0.9333333333333333,0.0,0.0,0.06666666666666667
397987,0.6666666666666666,0.16666666666666666,0.0,0.16666666666666666
850895,0.0,0.0,0.41935483870967744,0.5806451612903226
589545,0.0625,0.0,0.3125,0.625
1128650,0.3,0.0,0.0,0.7
119897,0.35135135135135137,0.02702702702702703,0.08108108108108109,0.5405405405405406
69546,0.5104166666666666,0.03125,0.020833333333333332,0.4375
529239,0.25,0.05,0.0,0.7
1307198,0.3333333333333333,0.0,0.16666666666666666,0.5
1550868,0.11764705882352941,0.0,0.29411764705882354,0.5882352941176471
907299,0.875,0.0625,0.0,0.0625
966309,0.7619047619047619,0.19047619047619047,0.047619047619047616,0.0
55394,0.14705882352941177,0.029411764705882353,0.16176470588235295,0.6617647058823529
291518,0.4,0.075,0.175,0.35
54489,0.391304347826087,0.043478260869565216,0.13043478260869565,0.43478260869565216
538185,0.7777777777777778,0.14814814814814814,0.0,0.07407407407407407
1267494,0.16666666666666666,0.0,0.4444444444444444,0.3888888888888889
439674,0.3939393939393939,0.0,0.0,0.6060606060606061
857647,0.3333333333333333,0.0,0.0,0.6666666666666666
1105011,0.45,0.1,0.1,0.35
1228477,0.32,0.0,0.12,0.56
51684,0.46511627906976744,0.046511627906976744,0.0,0.4883720930232558
574704,0.3333333333333333,0.0,0.2222222222222222,0.4444444444444444
1343473,0.6666666666666666,0.0,0.0,0.3333333333333333
917069,0.56,0.0,0.04,0.4
499609,0.5454545454545454,0.0,0.0,0.45454545454545453
124878,0.5333333333333333,0.06666666666666667,0.0,0.4
941148,0.4,0.1,0.0,0.5
39642,0.7142857142857143,0.014285714285714285,0.0,0.2714285714285714
176520,0.6434108527131783,0.031007751937984496,0.031007751937984496,0.29457364341085274
460840,0.22857142857142856,0.0,0.15714285714285714,0.6142857142857143
1051515,0.5,0.25,0.0,0.25
55341,0.46774193548387094,0.016129032258064516,0.06451612903225806,0.45161290322580644
151287,0.5789473684210527,0.0,0.0,0.42105263157894735
837331,0.15384615384615385,0.0,0.07692307692307693,0.7692307692307693
383963,0.5454545454545454,0.0,0.09090909090909091,0.36363636363636365
366741,0.22413793103448276,0.05172413793103448,0.10344827586206896,0.6206896551724138
123928,0.6578947368421053,0.0,0.05263157894736842,0.2894736842105263
51747,0.3684210526315789,0.12280701754385964,0.06140350877192982,0.4473684210526316
375745,0.21428571428571427,0.05357142857142857,0.017857142857142856,0.7142857142857143
123231,0.4791666666666667,0.020833333333333332,0.1875,0.3125
241567,0.42105263157894735,0.05263157894736842,0.0,0.5263157894736842
41780,0.40625,0.0,0.03125,0.5625
504470,0.35294117647058826,0.0,0.17647058823529413,0.47058823529411764
993888,0.4166666666666667,0.1111111111111111,0.08333333333333333,0.3888888888888889
1181311,0.5405405405405406,0.2972972972972973,0.0,0.16216216216216217
1176456,0.47058823529411764,0.029411764705882353,0.14705882352941177,0.35294117647058826
27185,0.5,0.0625,0.125,0.3125
28949,0.49473684210526314,0.11578947368421053,0.010526315789473684,0.37894736842105264
1042237,0.41025641025641024,0.02564102564102564,0.1282051282051282,0.4358974358974359
1060284,0.3333333333333333,0.0,0.0,0.6666666666666666
724932,0.36585365853658536,0.024390243902439025,0.12195121951219512,0.4878048780487805
1115670,0.2857142857142857,0.047619047619047616,0.14285714285714285,0.5238095238095238
1542679,0.4090909090909091,0.0,0.0,0.5909090909090909
1501835,0.4146341463414634,0.04878048780487805,0.07317073170731707,0.4634146341463415
96024,0.14634146341463414,0.024390243902439025,0.0,0.8292682926829268
36941,0.6388888888888888,0.08333333333333333,0.05555555555555555,0.2222222222222222
13140,0.3902439024390244,0.012195121951219513,0.10975609756097561,0.4878048780487805
48317,0.8359375,0.1328125,0.0078125,0.0234375
281821,0.4117647058823529,0.17647058823529413,0.11764705882352941,0.29411764705882354
496452,0.29896907216494845,0.07216494845360824,0.30927835051546393,0.31958762886597936
617549,0.7741935483870968,0.0,0.06451612903225806,0.16129032258064516
1355727,0.3,0.0,0.0,0.7
1400587,0.3333333333333333,0.0,0.08333333333333333,0.5833333333333334
821469,0.38461538461538464,0.0,0.07692307692307693,0.5384615384615384
1034714,0.4,0.0,0.05,0.55
1245680,0.29310344827586204,0.0,0.15517241379310345,0.5517241379310345
333205,0.15384615384615385,0.07692307692307693,0.38461538461538464,0.38461538461538464
985960,0.05,0.05,0.2,0.7
935056,0.2727272727272727,0.09090909090909091,0.18181818181818182,0.45454545454545453
78898,0.5,0.016666666666666666,0.2,0.2833333333333333
578841,0.3,0.03333333333333333,0.13333333333333333,0.5333333333333333
108155,0.2857142857142857,0.0,0.31868131868131866,0.3956043956043956
80905,0.2289156626506024,0.0,0.21686746987951808,0.5542168674698795
159467,0.22340425531914893,0.0,0.5,0.2765957446808511
467237,0.25,0.05,0.15,0.55
1179377,0.16666666666666666,0.05555555555555555,0.05555555555555555,0.7222222222222222
419899,0.047619047619047616,0.047619047619047616,0.09523809523809523,0.8095238095238095
161463,0.3076923076923077,0.038461538461538464,0.11538461538461539,0.5384615384615384
218647,0.15384615384615385,0.07692307692307693,0.15384615384615385,0.6153846153846154
1022977,0.125,0.125,0.375,0.375
548175,0.25,0.0625,0.125,0.5625
113310,0.25,0.03571428571428571,0.10714285714285714,0.6071428571428571
122543,0.13793103448275862,0.034482758620689655,0.2413793103448276,0.5862068965517241
993765,0.47058823529411764,0.17647058823529413,0.0,0.35294117647058826
214702,0.36363636363636365,0.2727272727272727,0.09090909090909091,0.2727272727272727
22276,0.36363636363636365,0.010101010101010102,0.050505050505050504,0.5757575757575758
945853,0.2222222222222222,0.1111111111111111,0.1111111111111111,0.5555555555555556
385646,0.16666666666666666,0.08333333333333333,0.3333333333333333,0.4166666666666667
394083,0.10344827586206896,0.034482758620689655,0.10344827586206896,0.7586206896551724
1364371,0.2857142857142857,0.14285714285714285,0.0,0.5714285714285714
584481,0.3076923076923077,0.07692307692307693,0.07692307692307693,0.5384615384615384
33095,0.4032258064516129,0.03225806451612903,0.24193548387096775,0.3225806451612903
1254461,0.1,0.1,0.0,0.8
152539,0.3582089552238806,0.014925373134328358,0.04477611940298507,0.582089552238806
80740,0.26,0.04,0.14,0.56
122548,0.1935483870967742,0.03225806451612903,0.1935483870967742,0.5806451612903226
570430,0.45,0.05,0.0,0.5
731715,0.4444444444444444,0.1111111111111111,0.1111111111111111,0.3333333333333333
330935,0.30303030303030304,0.030303030303030304,0.24242424242424243,0.42424242424242425
329110,0.11538461538461539,0.038461538461538464,0.0,0.8461538461538461
500193,0.14285714285714285,0.07142857142857142,0.0,0.7857142857142857
296581,0.3225806451612903,0.03225806451612903,0.03225806451612903,0.6129032258064516
1098926,0.3333333333333333,0.06666666666666667,0.0,0.6
45210,0.1549636803874092,0.024213075060532687,0.41646489104116224,0.4043583535108959
745119,0.3333333333333333,0.0,0.0,0.6666666666666666
396912,0.5666666666666667,0.03333333333333333,0.1,0.3
260271,0.3333333333333333,0.0,0.047619047619047616,0.6190476190476191
941849,0.3333333333333333,0.0,0.09523809523809523,0.5714285714285714
53331,0.375,0.041666666666666664,0.125,0.4583333333333333
714277,0.5,0.16666666666666666,0.0,0.3333333333333333
625276,0.23333333333333334,0.06666666666666667,0.23333333333333334,0.4666666666666667
1314071,0.23076923076923078,0.019230769230769232,0.07692307692307693,0.6730769230769231
674386,0.25,0.0,0.08333333333333333,0.6666666666666666
468714,0.6,0.0,0.1,0.3
573590,0.3,0.0,0.1,0.6
455451,0.5263157894736842,0.0,0.10526315789473684,0.3684210526315789
462953,0.21428571428571427,0.0,0.07142857142857142,0.7142857142857143
285510,0.18181818181818182,0.0,0.18181818181818182,0.6363636363636364
21369,0.3218390804597701,0.0,0.27586206896551724,0.40229885057471265
182178,0.3684210526315789,0.02631578947368421,0.21052631578947367,0.39473684210526316
83174,0.3018867924528302,0.0,0.1509433962264151,0.5471698113207547
31167,0.3010752688172043,0.0,0.3010752688172043,0.3978494623655914
237987,0.5405405405405406,0.08108108108108109,0.02702702702702703,0.35135135135135137
683102,0.4444444444444444,0.1111111111111111,0.1111111111111111,0.3333333333333333
575230,0.4883720930232558,0.015503875968992248,0.007751937984496124,0.4883720930232558
1045674,0.3181818181818182,0.045454545454545456,0.18181818181818182,0.45454545454545453
1327768,0.3333333333333333,0.1111111111111111,0.0,0.5555555555555556
229449,0.35294117647058826,0.0,0.11764705882352941,0.5294117647058824
878456,0.1875,0.0,0.3125,0.5
1034146,0.4444444444444444,0.0,0.2222222222222222,0.3333333333333333
1383750,0.48148148148148145,0.07407407407407407,0.14814814814814814,0.2962962962962963
988796,0.625,0.0,0.0,0.375
731694,0.42857142857142855,0.0,0.0,0.5714285714285714
854208,0.42857142857142855,0.0,0.07142857142857142,0.5
899383,0.44,0.2,0.04,0.32
563851,0.125,0.0,0.2,0.675
668613,0.45454545454545453,0.0,0.045454545454545456,0.5
541904,0.6,0.0,0.0,0.4
178738,0.4230769230769231,0.0,0.19230769230769232,0.38461538461538464
728080,0.3333333333333333,0.0,0.08333333333333333,0.5833333333333334
265592,0.2916666666666667,0.0,0.20833333333333334,0.5
1273240,0.2916666666666667,0.0,0.125,0.5833333333333334
1064560,0.11764705882352941,0.0,0.11764705882352941,0.7647058823529411
845278,0.16666666666666666,0.0,0.16666666666666666,0.6666666666666666
178725,0.2222222222222222,0.0,0.1111111111111111,0.6666666666666666
208233,0.05853658536585366,0.004878048780487805,0.44390243902439025,0.4926829268292683
29680,0.5679012345679012,0.012345679012345678,0.06172839506172839,0.35802469135802467
787595,0.48936170212765956,0.0425531914893617,0.0,0.46808510638297873
58427,0.5531914893617021,0.0,0.0425531914893617,0.40425531914893614
681865,0.15384615384615385,0.07692307692307693,0.07692307692307693,0.6923076923076923
591418,0.3,0.0,0.0,0.7
279958,0.34782608695652173,0.043478260869565216,0.043478260869565216,0.5652173913043478
279930,0.3888888888888889,0.0,0.1111111111111111,0.5
279916,0.35294117647058826,0.0,0.35294117647058826,0.29411764705882354
393353,0.043478260869565216,0.0,0.17391304347826086,0.782608695652174
281381,0.33962264150943394,0.07547169811320754,0.07547169811320754,0.5094339622641509
824301,0.4482758620689655,0.017241379310344827,0.29310344827586204,0.2413793103448276
6438539,0.5,0.0,0.125,0.375
779529,0.3870967741935484,0.0,0.06451612903225806,0.5483870967741935
309652,0.39316239316239315,0.017094017094017096,0.1111111111111111,0.47863247863247865
155607,0.3333333333333333,0.058823529411764705,0.13725490196078433,0.47058823529411764
732182,0.47058823529411764,0.0,0.09803921568627451,0.43137254901960786
75898,0.40298507462686567,0.029850746268656716,0.2835820895522388,0.2835820895522388
1535804,0.5,0.03125,0.15625,0.3125
3764532,0.375,0.125,0.25,0.25
302709,0.41818181818181815,0.0,0.18181818181818182,0.4
453303,0.5833333333333334,0.0,0.1111111111111111,0.3055555555555556
1531319,0.8,0.0,0.0,0.2
5339886,0.0,0.0,0.0,1.0
420474,0.09090909090909091,0.0,0.24242424242424243,0.6666666666666666
424876,0.16666666666666666,0.041666666666666664,0.2916666666666667,0.5
370091,0.13333333333333333,0.13333333333333333,0.13333333333333333,0.6
459288,0.6808510638297872,0.0,0.02127659574468085,0.2978723404255319
24779,0.4647887323943662,0.007042253521126761,0.3028169014084507,0.22535211267605634
512501,0.5454545454545454,0.0,0.0,0.45454545454545453
25267,0.30434782608695654,0.0,0.17391304347826086,0.5217391304347826
1433616,0.1,0.0,0.3,0.6
692430,0.25806451612903225,0.0,0.22580645161290322,0.5161290322580645
281784,0.8333333333333334,0.06060606060606061,0.0,0.10606060606060606
328718,0.05555555555555555,0.0,0.4166666666666667,0.5277777777777778
375639,0.4166666666666667,0.08333333333333333,0.0,0.5
309286,0.7153284671532847,0.021897810218978103,0.014598540145985401,0.24817518248175183
323103,0.2777777777777778,0.05555555555555555,0.1111111111111111,0.5555555555555556
89873,0.4864864864864865,0.0,0.0,0.5135135135135135
230622,0.42857142857142855,0.047619047619047616,0.14285714285714285,0.38095238095238093
183075,0.25,0.0,0.041666666666666664,0.7083333333333334
246575,0.5777777777777777,0.044444444444444446,0.0,0.37777777777777777
218649,0.38095238095238093,0.0,0.09523809523809523,0.5238095238095238
190746,0.29411764705882354,0.058823529411764705,0.11764705882352941,0.5294117647058824
190575,0.4166666666666667,0.0,0.08333333333333333,0.5
187786,0.8181818181818182,0.09090909090909091,0.0,0.09090909090909091
27263,0.5897435897435898,0.02564102564102564,0.05128205128205128,0.3333333333333333
160251,0.5416666666666666,0.0,0.125,0.3333333333333333
68680,0.5348837209302325,0.0,0.3372093023255814,0.12790697674418605
360361,0.32142857142857145,0.0,0.14285714285714285,0.5357142857142857
460694,0.35365853658536583,0.006097560975609756,0.25609756097560976,0.38414634146341464
20587,0.3728813559322034,0.005649717514124294,0.2711864406779661,0.3502824858757062
182141,0.25,0.027777777777777776,0.08333333333333333,0.6388888888888888
1025766,0.5,0.0,0.21428571428571427,0.2857142857142857
19060,0.6666666666666666,0.0,0.06666666666666667,0.26666666666666666
237678,0.3333333333333333,0.0,0.05555555555555555,0.6111111111111112
144910,0.4453125,0.1328125,0.109375,0.3125
1001379,0.7857142857142857,0.07142857142857142,0.07142857142857142,0.07142857142857142
290738,0.46153846153846156,0.038461538461538464,0.038461538461538464,0.46153846153846156
565823,0.44,0.0,0.06,0.5
23783,0.4897959183673469,0.006802721088435374,0.02040816326530612,0.48299319727891155
32523,0.3333333333333333,0.037037037037037035,0.1111111111111111,0.5185185185185185
75323,0.23809523809523808,0.09523809523809523,0.09523809523809523,0.5714285714285714
75327,0.36363636363636365,0.09090909090909091,0.0,0.5454545454545454
464674,0.7058823529411765,0.17647058823529413,0.0,0.11764705882352941
397536,0.6666666666666666,0.020833333333333332,0.020833333333333332,0.2916666666666667
838020,0.47058823529411764,0.0,0.058823529411764705,0.47058823529411764
1078258,0.5294117647058824,0.058823529411764705,0.0,0.4117647058823529
133591,0.46551724137931033,0.08620689655172414,0.08620689655172414,0.3620689655172414
646071,0.4444444444444444,0.0,0.0,0.5555555555555556
97746,0.6923076923076923,0.0,0.0,0.3076923076923077
304812,0.6923076923076923,0.0,0.0,0.3076923076923077
459273,0.75,0.0,0.08333333333333333,0.16666666666666666
13319,0.5533980582524272,0.0,0.0,0.44660194174757284
1051099,0.5,0.0,0.0,0.5
1581998,0.0,0.0,0.24444444444444444,0.7555555555555555
267383,0.6153846153846154,0.07692307692307693,0.0,0.3076923076923077
717900,0.8076923076923077,0.0,0.0,0.19230769230769232
145039,0.6292134831460674,0.056179775280898875,0.011235955056179775,0.30337078651685395
219030,0.21428571428571427,0.0,0.5,0.2857142857142857
330766,0.5714285714285714,0.0,0.2857142857142857,0.14285714285714285
3805390,0.6666666666666666,0.1111111111111111,0.1111111111111111,0.1111111111111111
814026,0.45454545454545453,0.0,0.0,0.5454545454545454
425942,0.029411764705882353,0.0,0.20588235294117646,0.7647058823529411
264934,0.38636363636363635,0.0,0.022727272727272728,0.5909090909090909
120665,0.8857142857142857,0.02857142857142857,0.0,0.08571428571428572
37202,0.95,0.0,0.0,0.05
6438917,0.6153846153846154,0.0,0.15384615384615385,0.23076923076923078
585480,0.5454545454545454,0.36363636363636365,0.09090909090909091,0.0
140070,0.6031746031746031,0.3333333333333333,0.015873015873015872,0.047619047619047616
207095,0.5526315789473685,0.2894736842105263,0.0,0.15789473684210525
366611,0.43548387096774194,0.03225806451612903,0.0,0.532258064516129
1085373,0.3333333333333333,0.0,0.0,0.6666666666666666
138764,0.20238095238095238,0.03571428571428571,0.13095238095238096,0.6309523809523809
239961,0.3,0.55,0.0,0.15
15695,0.5230769230769231,0.07692307692307693,0.06153846153846154,0.3384615384615385
53351,0.3424657534246575,0.0410958904109589,0.0684931506849315,0.547945205479452
798839,0.4838709677419355,0.0,0.22580645161290322,0.2903225806451613
378624,0.5909090909090909,0.0,0.13636363636363635,0.2727272727272727
668643,0.6341463414634146,0.024390243902439025,0.04878048780487805,0.2926829268292683
501739,0.6680497925311203,0.05394190871369295,0.0,0.27800829875518673
55673,0.35398230088495575,0.008849557522123894,0.084070796460177,0.5530973451327433
7105032,0.125,0.0,0.0,0.875
7098395,0.2,0.0,0.0,0.8
6083811,0.4090909090909091,0.0,0.09090909090909091,0.5
21664,0.14285714285714285,0.0,0.023809523809523808,0.8333333333333334
6343132,0.3076923076923077,0.15384615384615385,0.0,0.5384615384615384
202707,0.5185185185185185,0.037037037037037035,0.0,0.4444444444444444
247136,0.2708333333333333,0.08333333333333333,0.0625,0.5833333333333334
247155,0.3516483516483517,0.16483516483516483,0.12087912087912088,0.3626373626373626
351573,0.42105263157894735,0.0,0.017543859649122806,0.5614035087719298
1519299,0.4666666666666667,0.06666666666666667,0.06666666666666667,0.4
33060,0.7666666666666667,0.03333333333333333,0.016666666666666666,0.18333333333333332
85628,0.17391304347826086,0.0,0.043478260869565216,0.782608695652174
878287,0.3076923076923077,0.0,0.10256410256410256,0.5897435897435898
462705,0.35294117647058826,0.0,0.08823529411764706,0.5588235294117647
1467059,0.5384615384615384,0.0,0.15384615384615385,0.3076923076923077
11436,0.38235294117647056,0.029411764705882353,0.029411764705882353,0.5588235294117647
403438,0.3088235294117647,0.014705882352941176,0.11764705882352941,0.5588235294117647
954319,0.4375,0.0,0.0,0.5625
9871,0.31,0.03,0.09,0.57
1559224,0.5,0.0,0.0,0.5
334672,0.17142857142857143,0.11428571428571428,0.05714285714285714,0.6571428571428571
1603362,0.0,0.0,0.3333333333333333,0.6666666666666666
53383,0.5,0.0,0.13333333333333333,0.36666666666666664
17547,0.7142857142857143,0.03571428571428571,0.03571428571428571,0.21428571428571427
246480,0.29850746268656714,0.13432835820895522,0.07462686567164178,0.4925373134328358
439726,0.37209302325581395,0.0,0.09302325581395349,0.5348837209302325
629175,0.6363636363636364,0.0,0.09090909090909091,0.2727272727272727
88833,0.7297297297297297,0.05405405405405406,0.05405405405405406,0.16216216216216217
1516700,0.29411764705882354,0.0,0.23529411764705882,0.47058823529411764
59862,0.6979166666666666,0.0,0.010416666666666666,0.2916666666666667
1588392,0.08333333333333333,0.08333333333333333,0.08333333333333333,0.75
175053,0.34782608695652173,0.043478260869565216,0.0,0.6086956521739131
52075,0.5,0.21428571428571427,0.03571428571428571,0.25
377110,0.7272727272727273,0.0,0.0,0.2727272727272727
760857,0.32142857142857145,0.10714285714285714,0.07142857142857142,0.5
2050298,0.6666666666666666,0.16666666666666666,0.16666666666666666,0.0
104333,0.35714285714285715,0.01020408163265306,0.20408163265306123,0.42857142857142855
174750,0.35555555555555557,0.044444444444444446,0.08888888888888889,0.5111111111111111
161634,0.42857142857142855,0.05714285714285714,0.07142857142857142,0.44285714285714284
2565622,0.1111111111111111,0.1111111111111111,0.1111111111111111,0.6666666666666666
1356589,0.30952380952380953,0.023809523809523808,0.14285714285714285,0.5238095238095238
120498,0.8571428571428571,0.0,0.0,0.14285714285714285
539303,0.625,0.08333333333333333,0.041666666666666664,0.25
10611,0.25,0.03125,0.09375,0.625
10610,0.23684210526315788,0.02631578947368421,0.02631578947368421,0.7105263157894737
1132155,0.32142857142857145,0.017857142857142856,0.07142857142857142,0.5892857142857143
1580618,0.16666666666666666,0.08333333333333333,0.25,0.5
643045,0.3157894736842105,0.05263157894736842,0.5263157894736842,0.10526315789473684
467435,0.3829787234042553,0.0425531914893617,0.14893617021276595,0.425531914893617
48272,0.4811320754716981,0.02830188679245283,0.07547169811320754,0.41509433962264153
1276712,0.18181818181818182,0.0,0.0,0.8181818181818182
744824,0.4,0.0,0.0,0.6
538197,0.46153846153846156,0.0,0.15384615384615385,0.38461538461538464
668644,0.3076923076923077,0.07692307692307693,0.15384615384615385,0.46153846153846156
552030,0.6,0.1,0.1,0.2
2494705,0.23529411764705882,0.0,0.0,0.7647058823529411
1150291,0.3157894736842105,0.02631578947368421,0.13157894736842105,0.5263157894736842
1301864,0.4375,0.0,0.0625,0.5
30056,0.8176100628930818,0.06918238993710692,0.006289308176100629,0.1069182389937107
147803,0.6129032258064516,0.0,0.0,0.3870967741935484
101462,0.3076923076923077,0.0,0.15384615384615385,0.5384615384615384
2273503,0.5882352941176471,0.0,0.0,0.4117647058823529
53944,0.5544554455445545,0.04950495049504951,0.0891089108910891,0.3069306930693069
68112,0.26515151515151514,0.022727272727272728,0.022727272727272728,0.6893939393939394
228975,0.4782608695652174,0.08695652173913043,0.043478260869565216,0.391304347826087
735484,0.3888888888888889,0.0,0.05555555555555555,0.5555555555555556
25203,0.14673913043478262,0.010869565217391304,0.18478260869565216,0.657608695652174
610464,0.28125,0.03125,0.15625,0.53125
38656,0.3008849557522124,0.05309734513274336,0.1415929203539823,0.504424778761062
611716,0.36363636363636365,0.045454545454545456,0.09090909090909091,0.5
44085,0.0821917808219178,0.0136986301369863,0.3287671232876712,0.5753424657534246
169428,0.4807692307692308,0.0,0.0,0.5192307692307693
903000,0.3111111111111111,0.044444444444444446,0.26666666666666666,0.37777777777777777
206638,0.45454545454545453,0.0,0.0,0.5454545454545454
931114,0.22727272727272727,0.0,0.18181818181818182,0.5909090909090909
399329,0.7272727272727273,0.18181818181818182,0.0,0.09090909090909091
42091,0.6944444444444444,0.0,0.0,0.3055555555555556
41571,0.2857142857142857,0.0,0.14285714285714285,0.5714285714285714
1273600,0.4444444444444444,0.0,0.0,0.5555555555555556
43055,0.3709677419354839,0.03225806451612903,0.04838709677419355,0.5483870967741935
290608,0.30714285714285716,0.007142857142857143,0.04285714285714286,0.6428571428571429
463884,0.5,0.045454545454545456,0.0,0.45454545454545453
601937,0.75,0.25,0.0,0.0
487585,0.8955223880597015,0.0,0.0,0.1044776119402985
5810564,0.35443037974683544,0.0379746835443038,0.08860759493670886,0.5189873417721519
58821,0.5185185185185185,0.07407407407407407,0.18518518518518517,0.2222222222222222
592421,0.6428571428571429,0.25,0.0,0.10714285714285714
857752,0.8235294117647058,0.0,0.0,0.17647058823529413
174393,0.5306122448979592,0.02040816326530612,0.0,0.4489795918367347
738812,0.06666666666666667,0.06666666666666667,0.13333333333333333,0.7333333333333333
861124,0.4444444444444444,0.0,0.2222222222222222,0.3333333333333333
254711,0.3448275862068966,0.0,0.1724137931034483,0.4827586206896552
131313,0.06349206349206349,0.0,0.031746031746031744,0.9047619047619048
771521,0.09090909090909091,0.0,0.45454545454545453,0.45454545454545453
191994,0.28888888888888886,0.0,0.022222222222222223,0.6888888888888889
99441,0.38461538461538464,0.007692307692307693,0.0,0.6076923076923076
383534,0.22727272727272727,0.0,0.45454545454545453,0.3181818181818182
184583,0.37142857142857144,0.0,0.02857142857142857,0.6
445153,0.39622641509433965,0.05660377358490566,0.18867924528301888,0.3584905660377358
520049,0.25,0.0,0.125,0.625
180753,0.34375,0.0625,0.125,0.46875
26178,0.3194444444444444,0.027777777777777776,0.027777777777777776,0.625
163509,0.09523809523809523,0.0,0.7142857142857143,0.19047619047619047
1092898,0.5,0.0,0.0,0.5
241240,0.5151515151515151,0.06060606060606061,0.12121212121212122,0.30303030303030304
590964,0.5714285714285714,0.0,0.07142857142857142,0.35714285714285715
183360,0.375,0.0,0.25,0.375
631614,0.5,0.0,0.0,0.5
1553639,0.5,0.0,0.0,0.5
633524,0.3,0.0,0.1,0.6
1491054,0.5,0.0,0.125,0.375
254727,0.45454545454545453,0.09090909090909091,0.09090909090909091,0.36363636363636365
191185,0.45454545454545453,0.0,0.09090909090909091,0.45454545454545453
326259,0.46875,0.0,0.0,0.53125
257691,0.3888888888888889,0.027777777777777776,0.1111111111111111,0.4722222222222222
635220,0.3611111111111111,0.0,0.16666666666666666,0.4722222222222222
28924,0.5348837209302325,0.0,0.0,0.46511627906976744
871545,0.3026315789473684,0.0,0.21052631578947367,0.4868421052631579
179766,0.1282051282051282,0.02564102564102564,0.1794871794871795,0.6666666666666666
216053,0.3888888888888889,0.19444444444444445,0.05555555555555555,0.3611111111111111
963715,0.6666666666666666,0.0,0.06666666666666667,0.26666666666666666
464771,0.3333333333333333,0.2222222222222222,0.2222222222222222,0.2222222222222222
603581,0.08333333333333333,0.0,0.0,0.9166666666666666
57556,0.15384615384615385,0.0,0.23076923076923078,0.6153846153846154
504888,0.1,0.0,0.1,0.8
632668,0.5294117647058824,0.0,0.058823529411764705,0.4117647058823529
241283,0.18181818181818182,0.0,0.18181818181818182,0.6363636363636364
824588,0.2857142857142857,0.0,0.07142857142857142,0.6428571428571429
171268,0.45454545454545453,0.0,0.0,0.5454545454545454
53928,0.4,0.0,0.16,0.44
440656,0.5357142857142857,0.03571428571428571,0.10714285714285714,0.32142857142857145
440545,0.5238095238095238,0.0,0.14285714285714285,0.3333333333333333
37167,0.5833333333333334,0.016666666666666666,0.03333333333333333,0.36666666666666664
91261,0.05,0.05,0.1,0.8
492364,0.25,0.0,0.16666666666666666,0.5833333333333334
129754,0.16666666666666666,0.0,0.06666666666666667,0.7666666666666667
21101,0.2903225806451613,0.0,0.0967741935483871,0.6129032258064516
152957,0.2222222222222222,0.0,0.0,0.7777777777777778
182002,0.16666666666666666,0.0,0.08333333333333333,0.75
401933,0.34285714285714286,0.0,0.05714285714285714,0.6
409745,0.8888888888888888,0.0,0.0,0.1111111111111111
369148,0.5,0.0,0.0,0.5
167011,0.8846153846153846,0.038461538461538464,0.038461538461538464,0.038461538461538464
222732,0.35,0.0,0.075,0.575
275876,0.5441176470588235,0.014705882352941176,0.058823529411764705,0.38235294117647056
63761,0.3157894736842105,0.0,0.42105263157894735,0.2631578947368421
108923,0.5,0.0,0.0,0.5
52513,0.4,0.0,0.4,0.2
269113,0.47619047619047616,0.047619047619047616,0.0,0.47619047619047616
128451,0.5,0.0,0.0,0.5
57496,0.05555555555555555,0.0,0.75,0.19444444444444445
173230,0.4444444444444444,0.1111111111111111,0.07407407407407407,0.37037037037037035
194924,0.7368421052631579,0.0,0.0,0.2631578947368421
73478,0.25,0.0625,0.0625,0.625
50084,0.375,0.15625,0.09375,0.375
183449,0.4,0.0,0.4,0.2
32762,0.32558139534883723,0.0,0.09302325581395349,0.5813953488372093
129756,0.45454545454545453,0.0,0.0,0.5454545454545454
115261,0.0,0.06666666666666667,0.4,0.5333333333333333
215103,0.8666666666666667,0.0,0.0,0.13333333333333333
239142,0.5588235294117647,0.058823529411764705,0.0,0.38235294117647056
201758,0.8695652173913043,0.0,0.0,0.13043478260869565
287580,0.7241379310344828,0.08620689655172414,0.017241379310344827,0.1724137931034483
443648,0.8823529411764706,0.0,0.0,0.11764705882352941
68457,0.7777777777777778,0.0,0.0,0.2222222222222222
1524442,0.6666666666666666,0.0,0.0,0.3333333333333333
840549,0.35714285714285715,0.0,0.0,0.6428571428571429
474784,0.8125,0.0,0.0625,0.125
1005752,0.5,0.0,0.0,0.5
358434,0.2857142857142857,0.42857142857142855,0.0,0.2857142857142857
822270,0.4444444444444444,0.1111111111111111,0.0,0.4444444444444444
320100,0.32,0.0,0.04,0.64
87694,0.85,0.0,0.0,0.15
120836,0.7916666666666666,0.0,0.0,0.20833333333333334
76507,0.7,0.0,0.0,0.3
120826,0.3333333333333333,0.12121212121212122,0.09090909090909091,0.45454545454545453
237279,0.25,0.0,0.125,0.625
617423,0.75,0.20833333333333334,0.0,0.041666666666666664
9939,0.5208333333333334,0.041666666666666664,0.0,0.4375
778382,0.5454545454545454,0.0,0.0,0.45454545454545453
459235,0.8333333333333334,0.08333333333333333,0.0,0.08333333333333333
73778,0.6888888888888889,0.044444444444444446,0.0,0.26666666666666666
76488,0.6274509803921569,0.0,0.0,0.37254901960784315
683057,0.4375,0.0625,0.125,0.375
388764,0.88,0.0,0.0,0.12
546695,0.55,0.0,0.05,0.4
748761,0.7058823529411765,0.058823529411764705,0.0,0.23529411764705882
285239,0.5,0.0,0.0,0.5
446644,0.5454545454545454,0.0,0.09090909090909091,0.36363636363636365
305617,0.8333333333333334,0.08333333333333333,0.0,0.08333333333333333
724365,0.4444444444444444,0.0,0.037037037037037035,0.5185185185185185
459158,0.7727272727272727,0.0,0.0,0.22727272727272727
172085,0.8461538461538461,0.07692307692307693,0.07692307692307693,0.0
521082,0.625,0.0,0.0,0.375
53338,0.4444444444444444,0.05555555555555555,0.12962962962962962,0.37037037037037035
658155,0.4444444444444444,0.1111111111111111,0.0,0.4444444444444444
600104,0.375,0.0625,0.0,0.5625
53347,0.5384615384615384,0.07692307692307693,0.0,0.38461538461538464
604355,0.5,0.0,0.125,0.375
326481,0.44285714285714284,0.07142857142857142,0.08571428571428572,0.4
43314,0.41,0.02,0.02,0.55
286169,0.4090909090909091,0.0,0.09090909090909091,0.5
398704,0.5,0.25,0.0,0.25
76400,0.6111111111111112,0.16666666666666666,0.0,0.2222222222222222
521403,0.7,0.1,0.0,0.2
521389,0.6666666666666666,0.06666666666666667,0.06666666666666667,0.2
76497,0.4266666666666667,0.02666666666666667,0.08,0.4666666666666667
102767,0.5740740740740741,0.009259259259259259,0.0,0.4166666666666667
213836,0.3333333333333333,0.022222222222222223,0.08888888888888889,0.5555555555555556
336052,0.6666666666666666,0.0,0.0,0.3333333333333333
316437,0.75,0.125,0.0,0.125
232084,0.6590909090909091,0.2727272727272727,0.0,0.06818181818181818
57066,0.4339622641509434,0.1320754716981132,0.03773584905660377,0.39622641509433965
102713,0.7083333333333334,0.16666666666666666,0.08333333333333333,0.041666666666666664
37113,0.4074074074074074,0.0,0.037037037037037035,0.5555555555555556
3340312,0.06944444444444445,0.0,0.5694444444444444,0.3611111111111111
667592,0.24324324324324326,0.02702702702702703,0.08108108108108109,0.6486486486486487
1363940,0.16666666666666666,0.0,0.041666666666666664,0.7916666666666666
388401,0.19148936170212766,0.0,0.1702127659574468,0.6382978723404256
306266,0.6666666666666666,0.16666666666666666,0.0,0.16666666666666666
1459169,0.8571428571428571,0.0,0.0,0.14285714285714285
602386,0.6428571428571429,0.03571428571428571,0.0,0.32142857142857145
602420,0.3888888888888889,0.0,0.0,0.6111111111111112
23909,0.5476190476190477,0.047619047619047616,0.0,0.40476190476190477
1101027,0.6296296296296297,0.037037037037037035,0.0,0.3333333333333333
544328,0.5652173913043478,0.0,0.08695652173913043,0.34782608695652173
302818,0.6285714285714286,0.05714285714285714,0.0,0.3142857142857143
548089,0.40816326530612246,0.04081632653061224,0.10204081632653061,0.4489795918367347
668551,0.3333333333333333,0.0,0.1111111111111111,0.5555555555555556
749611,0.6666666666666666,0.027777777777777776,0.0,0.3055555555555556
907954,0.5333333333333333,0.06666666666666667,0.0,0.4
625632,0.6,0.22857142857142856,0.05714285714285714,0.11428571428571428
6413368,0.5,0.0,0.0,0.5
371108,0.39473684210526316,0.07894736842105263,0.10526315789473684,0.42105263157894735
1456913,0.5,0.125,0.0,0.375
1581894,0.35294117647058826,0.058823529411764705,0.11764705882352941,0.47058823529411764
225946,0.8,0.0,0.05,0.15
140408,0.5384615384615384,0.3076923076923077,0.0,0.15384615384615385
452532,0.3448275862068966,0.10344827586206896,0.13793103448275862,0.41379310344827586
274941,0.5102040816326531,0.0,0.0,0.4897959183673469
162154,0.4230769230769231,0.057692307692307696,0.09615384615384616,0.4230769230769231
421881,0.4117647058823529,0.058823529411764705,0.10294117647058823,0.4264705882352941
530767,0.7368421052631579,0.10526315789473684,0.05263157894736842,0.10526315789473684
181275,0.35,0.0,0.2,0.45
212415,0.058823529411764705,0.0,0.7450980392156863,0.19607843137254902
157745,0.6666666666666666,0.0,0.041666666666666664,0.2916666666666667
186816,0.15384615384615385,0.0,0.38461538461538464,0.46153846153846156
228047,0.15,0.0,0.45,0.4
354326,0.47058823529411764,0.058823529411764705,0.07352941176470588,0.39705882352941174
260732,0.6896551724137931,0.017241379310344827,0.0,0.29310344827586204
55398,0.5,0.0,0.045454545454545456,0.45454545454545453
448690,0.2631578947368421,0.0,0.10526315789473684,0.631578947368421
20279,0.7543859649122807,0.017543859649122806,0.017543859649122806,0.21052631578947367
363852,0.3888888888888889,0.05555555555555555,0.0,0.5555555555555556
351446,0.2857142857142857,0.0,0.0,0.7142857142857143
42695,0.22727272727272727,0.0,0.22727272727272727,0.5454545454545454
133349,0.5333333333333333,0.06666666666666667,0.1,0.3
193591,0.11764705882352941,0.0,0.058823529411764705,0.8235294117647058
237210,0.39361702127659576,0.0,0.031914893617021274,0.574468085106383
585727,0.1518987341772152,0.12658227848101267,0.11392405063291139,0.6075949367088608
122413,0.4074074074074074,0.037037037037037035,0.0,0.5555555555555556
154138,0.37037037037037035,0.018518518518518517,0.0,0.6111111111111112
496525,0.3333333333333333,0.047619047619047616,0.19047619047619047,0.42857142857142855
853779,0.2,0.02857142857142857,0.08571428571428572,0.6857142857142857
787173,1.0,0.0,0.0,0.0
372342,0.875,0.0,0.0,0.125
331874,0.6,0.0,0.0,0.4
305906,0.3114754098360656,0.0,0.0,0.6885245901639344
60383,0.08571428571428572,0.0,0.14285714285714285,0.7714285714285715
53484,0.625,0.03125,0.0625,0.28125
439555,0.5833333333333334,0.0,0.0,0.4166666666666667
459171,0.8947368421052632,0.0,0.0,0.10526315789473684
399786,0.5384615384615384,0.46153846153846156,0.0,0.0
5244472,0.4090909090909091,0.0,0.0,0.5909090909090909
307966,0.22916666666666666,0.0,0.16666666666666666,0.6041666666666666
348854,0.09090909090909091,0.7272727272727273,0.0,0.18181818181818182
879018,0.23076923076923078,0.0,0.0,0.7692307692307693
372245,0.4,0.0,0.0,0.6
397095,0.15789473684210525,0.0,0.0,0.8421052631578947
505310,0.08695652173913043,0.0,0.391304347826087,0.5217391304347826
366601,0.8,0.13333333333333333,0.0,0.06666666666666667
382376,0.3870967741935484,0.0,0.03225806451612903,0.5806451612903226
1035025,0.5384615384615384,0.0,0.15384615384615385,0.3076923076923077
52749,0.5833333333333334,0.0,0.08333333333333333,0.3333333333333333
496594,0.14285714285714285,0.0,0.0,0.8571428571428571
892027,0.4166666666666667,0.0,0.08333333333333333,0.5
712606,0.34782608695652173,0.0,0.08695652173913043,0.5652173913043478
594216,0.4166666666666667,0.0,0.0,0.5833333333333334
1407464,0.1111111111111111,0.0,0.0,0.8888888888888888
276079,0.5217391304347826,0.0,0.043478260869565216,0.43478260869565216
36698,0.015151515151515152,0.0,0.18181818181818182,0.803030303030303
1479024,0.5,0.0,0.0,0.5
475741,0.7213114754098361,0.03278688524590164,0.0,0.2459016393442623
485606,0.525,0.0,0.0,0.475
529168,0.38095238095238093,0.0,0.0,0.6190476190476191
58434,0.5975609756097561,0.024390243902439025,0.0,0.3780487804878049
1110635,0.9,0.0,0.0,0.1
172042,0.34615384615384615,0.0,0.0,0.6538461538461539
395195,0.03125,0.0,0.125,0.84375
264671,0.48148148148148145,0.037037037037037035,0.037037037037037035,0.4444444444444444
157711,0.37037037037037035,0.1111111111111111,0.037037037037037035,0.48148148148148145
626833,0.25,0.05,0.0,0.7
812895,0.875,0.0,0.0,0.125
292606,0.35714285714285715,0.0,0.14285714285714285,0.5
1087785,0.8461538461538461,0.0,0.0,0.15384615384615385
259971,0.7755102040816326,0.0,0.04081632653061224,0.1836734693877551
82704,0.5,0.0625,0.0625,0.375
418878,0.5384615384615384,0.07692307692307693,0.07692307692307693,0.3076923076923077
10601,0.36363636363636365,0.0,0.09090909090909091,0.5454545454545454
468813,0.5,0.0,0.0,0.5
37184,0.4,0.0,0.13333333333333333,0.4666666666666667
448729,0.5517241379310345,0.0,0.0,0.4482758620689655
166075,0.9428571428571428,0.0,0.0,0.05714285714285714
416639,0.3333333333333333,0.05555555555555555,0.2222222222222222,0.3888888888888889
143567,0.3548387096774194,0.03225806451612903,0.04838709677419355,0.5645161290322581
383780,0.36363636363636365,0.09090909090909091,0.09090909090909091,0.45454545454545453
377961,0.8148148148148148,0.0,0.037037037037037035,0.14814814814814814
372643,0.15384615384615385,0.0,0.0,0.8461538461538461
47462,0.6052631578947368,0.02631578947368421,0.0,0.3684210526315789
41703,0.6621621621621622,0.02702702702702703,0.04054054054054054,0.2702702702702703
17830,0.4897959183673469,0.02040816326530612,0.20408163265306123,0.2857142857142857
1473151,0.3103448275862069,0.034482758620689655,0.27586206896551724,0.3793103448275862
526050,0.42857142857142855,0.14285714285714285,0.21428571428571427,0.21428571428571427
562427,0.5384615384615384,0.038461538461538464,0.038461538461538464,0.38461538461538464
506582,0.3333333333333333,0.1111111111111111,0.0,0.5555555555555556
319289,0.10526315789473684,0.05263157894736842,0.0,0.8421052631578947
497688,0.4444444444444444,0.0,0.0,0.5555555555555556
443410,0.5,0.0,0.0,0.5
508303,0.5,0.1,0.0,0.4
28294,0.582089552238806,0.029850746268656716,0.05970149253731343,0.3283582089552239
391006,0.8125,0.0,0.0625,0.125
20497,0.7222222222222222,0.0,0.1111111111111111,0.16666666666666666
220741,0.35294117647058826,0.11764705882352941,0.058823529411764705,0.47058823529411764
369403,0.3333333333333333,0.02564102564102564,0.02564102564102564,0.6153846153846154
302355,0.4,0.0,0.0,0.6
504364,0.35555555555555557,0.022222222222222223,0.13333333333333333,0.4888888888888889
420985,0.5161290322580645,0.0,0.03225806451612903,0.45161290322580644
6874197,0.8888888888888888,0.0,0.0,0.1111111111111111
236287,0.5714285714285714,0.05714285714285714,0.0,0.37142857142857144
471699,0.08163265306122448,0.0,0.061224489795918366,0.8571428571428571
355104,0.6538461538461539,0.0,0.0,0.34615384615384615
952363,0.2413793103448276,0.0,0.06896551724137931,0.6896551724137931
584249,0.7142857142857143,0.10714285714285714,0.0,0.17857142857142858
6396810,0.631578947368421,0.017543859649122806,0.10526315789473684,0.24561403508771928
75080,0.423841059602649,0.006622516556291391,0.059602649006622516,0.5099337748344371
87530,0.38636363636363635,0.022727272727272728,0.022727272727272728,0.5681818181818182
539222,0.8181818181818182,0.09090909090909091,0.0,0.09090909090909091
348188,0.5675675675675675,0.21621621621621623,0.08108108108108109,0.13513513513513514
1410558,0.4,0.0,0.0,0.6
231901,0.4883720930232558,0.03488372093023256,0.023255813953488372,0.45348837209302323
101480,0.4117647058823529,0.0,0.17647058823529413,0.4117647058823529
226190,0.7368421052631579,0.23684210526315788,0.0,0.02631578947368421
497083,0.7391304347826086,0.0,0.0,0.2608695652173913
513829,0.6666666666666666,0.05128205128205128,0.0,0.28205128205128205
847619,0.7916666666666666,0.08333333333333333,0.041666666666666664,0.08333333333333333
502261,0.5384615384615384,0.0,0.0,0.46153846153846156
5611091,0.6,0.0,0.0,0.4
3189139,0.36363636363636365,0.0,0.0,0.6363636363636364
801821,0.16666666666666666,0.08333333333333333,0.0,0.75
6707653,0.23076923076923078,0.07692307692307693,0.0,0.6923076923076923
233440,0.4375,0.5,0.0,0.0625
594516,0.26666666666666666,0.0,0.13333333333333333,0.6
195217,0.23529411764705882,0.0,0.4264705882352941,0.3382352941176471
304880,0.5652173913043478,0.014492753623188406,0.057971014492753624,0.36231884057971014
320082,0.34615384615384615,0.038461538461538464,0.0,0.6153846153846154
277929,0.71875,0.0,0.0,0.28125
848785,0.7368421052631579,0.15789473684210525,0.05263157894736842,0.05263157894736842
86207,0.4827586206896552,0.034482758620689655,0.0,0.4827586206896552
6021577,0.5238095238095238,0.0,0.0,0.47619047619047616
57562,0.3939393939393939,0.2727272727272727,0.06060606060606061,0.2727272727272727
140501,0.6229508196721312,0.22950819672131148,0.0,0.14754098360655737
479943,0.45454545454545453,0.0,0.0,0.5454545454545454
38628,0.5909090909090909,0.0,0.0,0.4090909090909091
624867,0.5555555555555556,0.14814814814814814,0.0,0.2962962962962963
179784,0.6137931034482759,0.06206896551724138,0.0,0.32413793103448274
585076,1.0,0.0,0.0,0.0
206358,0.6666666666666666,0.0,0.037037037037037035,0.2962962962962963
39023,0.7586206896551724,0.0,0.0,0.2413793103448276
1120889,0.017857142857142856,0.0,0.39285714285714285,0.5892857142857143
231754,0.6363636363636364,0.0,0.0,0.36363636363636365
1087796,0.6875,0.0,0.0,0.3125
1195540,0.5,0.4,0.0,0.1
811403,0.6875,0.25,0.0,0.0625
913161,0.1111111111111111,0.0,0.0,0.8888888888888888
36218,0.4967741935483871,0.012903225806451613,0.0,0.49032258064516127
403984,0.2,0.1,0.2,0.5
46307,0.0,0.05,0.1,0.85
640817,0.2222222222222222,0.1111111111111111,0.2222222222222222,0.4444444444444444
34308,0.4489795918367347,0.01020408163265306,0.07142857142857142,0.46938775510204084
590208,0.3142857142857143,0.0,0.02857142857142857,0.6571428571428571
154349,0.38181818181818183,0.01818181818181818,0.07272727272727272,0.5272727272727272
55185,0.35714285714285715,0.0,0.008928571428571428,0.6339285714285714
840634,0.875,0.041666666666666664,0.0,0.08333333333333333
92109,0.18181818181818182,0.0,0.0,0.8181818181818182
53352,0.6896551724137931,0.034482758620689655,0.0,0.27586206896551724
175375,0.3333333333333333,0.08333333333333333,0.0,0.5833333333333334
35964,0.3611111111111111,0.0,0.0,0.6388888888888888
183946,0.4230769230769231,0.15384615384615385,0.0,0.4230769230769231
165549,0.25925925925925924,0.0,0.18518518518518517,0.5555555555555556
37049,0.47368421052631576,0.05263157894736842,0.10526315789473684,0.3684210526315789
1562766,0.5555555555555556,0.027777777777777776,0.0,0.4166666666666667
450576,0.1891891891891892,0.0,0.21621621621621623,0.5945945945945946
310739,0.2727272727272727,0.18181818181818182,0.0,0.5454545454545454
55386,0.3826530612244898,0.03571428571428571,0.10204081632653061,0.47959183673469385
334824,0.23529411764705882,0.029411764705882353,0.08823529411764706,0.6470588235294118
142996,0.6666666666666666,0.0,0.0,0.3333333333333333
85373,0.7037037037037037,0.0,0.0,0.2962962962962963
532495,0.5,0.0,0.2,0.3
502277,0.4166666666666667,0.0,0.16666666666666666,0.4166666666666667
561459,0.625,0.0,0.125,0.25
620577,0.5,0.0,0.0,0.5
1059289,0.375,0.0,0.375,0.25
11717,0.2857142857142857,0.0,0.0,0.7142857142857143
445891,0.45,0.0,0.25,0.3
561511,0.3125,0.0,0.125,0.5625
561487,0.5,0.0,0.08333333333333333,0.4166666666666667
899566,0.5555555555555556,0.0,0.1111111111111111,0.3333333333333333
572471,0.5294117647058824,0.0,0.17647058823529413,0.29411764705882354
777878,0.5714285714285714,0.0,0.0,0.42857142857142855
192098,0.4,0.0,0.06666666666666667,0.5333333333333333
1092327,0.2608695652173913,0.043478260869565216,0.08695652173913043,0.6086956521739131
900217,0.3888888888888889,0.08333333333333333,0.1111111111111111,0.4166666666666667
5535776,0.45161290322580644,0.12903225806451613,0.22580645161290322,0.1935483870967742
621883,0.8,0.0,0.0,0.2
202297,0.8235294117647058,0.058823529411764705,0.0,0.11764705882352941
378210,0.717948717948718,0.0,0.02564102564102564,0.2564102564102564
299816,0.9375,0.0,0.0,0.0625
44369,0.39603960396039606,0.039603960396039604,0.15841584158415842,0.40594059405940597
825133,0.6153846153846154,0.0,0.06153846153846154,0.3230769230769231
247089,0.2222222222222222,0.16666666666666666,0.1111111111111111,0.5
769117,0.06060606060606061,0.0,0.8181818181818182,0.12121212121212122
235457,0.5348837209302325,0.046511627906976744,0.06201550387596899,0.35658914728682173
780216,0.7,0.0,0.0,0.3
236454,0.4864864864864865,0.0,0.13513513513513514,0.3783783783783784
84582,0.3090909090909091,0.0,0.21818181818181817,0.4727272727272727
816863,0.0,0.0,0.25,0.75
811988,0.8333333333333334,0.0,0.0,0.16666666666666666
218213,0.325,0.016666666666666666,0.18333333333333332,0.475
772455,0.2777777777777778,0.05555555555555555,0.2777777777777778,0.3888888888888889
464088,0.5294117647058824,0.0,0.058823529411764705,0.4117647058823529
636961,0.3076923076923077,0.0,0.07692307692307693,0.6153846153846154
6464136,0.20833333333333334,0.0,0.08333333333333333,0.7083333333333334
6511243,0.14285714285714285,0.0,0.0,0.8571428571428571
10608,0.2976190476190476,0.05952380952380952,0.10714285714285714,0.5357142857142857
499511,0.22839506172839505,0.006172839506172839,0.3271604938271605,0.4382716049382716
5283939,0.46153846153846156,0.0,0.15384615384615385,0.38461538461538464
334782,0.15217391304347827,0.021739130434782608,0.06521739130434782,0.7608695652173914
1536829,0.3333333333333333,0.047619047619047616,0.09523809523809523,0.5238095238095238
1241475,0.046153846153846156,0.0,0.33076923076923076,0.6230769230769231
2639694,0.4117647058823529,0.0,0.11764705882352941,0.47058823529411764
2304078,0.35294117647058826,0.058823529411764705,0.058823529411764705,0.5294117647058824
1221181,0.23529411764705882,0.0,0.29411764705882354,0.47058823529411764
366220,0.2903225806451613,0.0967741935483871,0.25806451612903225,0.3548387096774194
427389,0.36666666666666664,0.0,0.3,0.3333333333333333
911074,0.4166666666666667,0.041666666666666664,0.125,0.4166666666666667
427239,0.5909090909090909,0.0,0.045454545454545456,0.36363636363636365
511739,0.5,0.0,0.0,0.5
457317,0.3333333333333333,0.0,0.05555555555555555,0.6111111111111112
481388,0.5,0.0,0.0,0.5
27154,0.5652173913043478,0.0,0.043478260869565216,0.391304347826087
10621,0.5977011494252874,0.0,0.022988505747126436,0.3793103448275862
34504,0.36666666666666664,0.06666666666666667,0.13333333333333333,0.43333333333333335
42681,0.3582089552238806,0.014925373134328358,0.3582089552238806,0.26865671641791045
818012,0.045454545454545456,0.0,0.13636363636363635,0.8181818181818182
184078,0.6363636363636364,0.06818181818181818,0.0,0.29545454545454547
759436,0.7272727272727273,0.0,0.0,0.2727272727272727
514330,0.2857142857142857,0.2857142857142857,0.0,0.42857142857142855
909111,0.5384615384615384,0.3076923076923077,0.0,0.15384615384615385
1026036,0.5652173913043478,0.2608695652173913,0.021739130434782608,0.15217391304347827
349236,0.5,0.35,0.1,0.05
273063,0.2,0.0,0.2,0.6
1130305,0.3191489361702128,0.0,0.10638297872340426,0.574468085106383
1217262,0.3684210526315789,0.0,0.10526315789473684,0.5263157894736842
966013,0.8181818181818182,0.0,0.0,0.18181818181818182
1080245,0.2857142857142857,0.42857142857142855,0.0,0.2857142857142857
1570625,0.49206349206349204,0.007936507936507936,0.0,0.5
239919,0.7115384615384616,0.21153846153846154,0.0,0.07692307692307693
894586,0.8292682926829268,0.0975609756097561,0.024390243902439025,0.04878048780487805
57140,0.390625,0.0625,0.109375,0.4375
79934,0.3939393939393939,0.030303030303030304,0.06060606060606061,0.5151515151515151
201864,0.5111111111111111,0.0,0.044444444444444446,0.4444444444444444
3188828,0.2,0.0,0.0,0.8
76412,0.8125,0.0,0.0,0.1875
68568,0.6363636363636364,0.0,0.0,0.36363636363636365
1259099,0.0,0.125,0.25,0.625
75683,0.74,0.08,0.0,0.18
833773,0.5384615384615384,0.038461538461538464,0.038461538461538464,0.38461538461538464
382545,0.6153846153846154,0.07692307692307693,0.07692307692307693,0.23076923076923078
284742,0.5555555555555556,0.0,0.0,0.4444444444444444
375325,0.4166666666666667,0.08333333333333333,0.08333333333333333,0.4166666666666667
17636,0.1743119266055046,0.0,0.22935779816513763,0.5963302752293578
107132,0.5862068965517241,0.0,0.011494252873563218,0.40229885057471265
226509,0.5,0.5,0.0,0.0
133713,0.4666666666666667,0.2,0.0,0.3333333333333333
244354,0.6190476190476191,0.09523809523809523,0.0,0.2857142857142857
1564641,0.23809523809523808,0.005952380952380952,0.023809523809523808,0.7321428571428571
479764,0.4666666666666667,0.03333333333333333,0.03333333333333333,0.4666666666666667
589896,0.5833333333333334,0.0,0.0,0.4166666666666667
532479,0.23529411764705882,0.0,0.29411764705882354,0.47058823529411764
411241,0.48148148148148145,0.0,0.1111111111111111,0.4074074074074074
55396,0.5185185185185185,0.0,0.037037037037037035,0.4444444444444444
524149,0.27586206896551724,0.0,0.034482758620689655,0.6896551724137931
556778,0.75,0.0,0.0,0.25
22392,0.3191489361702128,0.0,0.2553191489361702,0.425531914893617
513654,0.6,0.06666666666666667,0.0,0.3333333333333333
308688,0.7435897435897436,0.02564102564102564,0.0,0.23076923076923078
990477,0.42857142857142855,0.0,0.07142857142857142,0.5
953123,0.4444444444444444,0.0,0.0,0.5555555555555556
310512,0.4666666666666667,0.044444444444444446,0.022222222222222223,0.4666666666666667
833555,0.6896551724137931,0.13793103448275862,0.0,0.1724137931034483
1143446,0.625,0.125,0.0,0.25
908790,0.5606060606060606,0.12121212121212122,0.0,0.3181818181818182
530511,0.5925925925925926,0.0,0.07407407407407407,0.3333333333333333
32336,0.7777777777777778,0.0,0.0,0.2222222222222222
1412191,0.19047619047619047,0.0,0.23809523809523808,0.5714285714285714
441929,0.5294117647058824,0.0,0.0,0.47058823529411764
833599,0.3793103448275862,0.034482758620689655,0.10344827586206896,0.4827586206896552
585081,0.4,0.04,0.12,0.44
490926,0.34615384615384615,0.0,0.11538461538461539,0.5384615384615384
1024756,0.0,0.0,0.1,0.9
360157,0.7307692307692307,0.0,0.0,0.2692307692307692
37216,0.9333333333333333,0.0,0.0,0.06666666666666667
699873,0.23076923076923078,0.1282051282051282,0.07692307692307693,0.5641025641025641
479468,0.16666666666666666,0.0,0.2,0.6333333333333333
383203,0.7183098591549296,0.19718309859154928,0.014084507042253521,0.07042253521126761
558144,0.16666666666666666,0.0,0.25,0.5833333333333334
861351,0.6666666666666666,0.0,0.0,0.3333333333333333
500896,0.2857142857142857,0.0,0.2857142857142857,0.42857142857142855
89425,0.2,0.1,0.1,0.6
41487,0.5555555555555556,0.18518518518518517,0.018518518518518517,0.24074074074074073
651948,0.16666666666666666,0.0,0.2777777777777778,0.5555555555555556
116878,0.7058823529411765,0.058823529411764705,0.0,0.23529411764705882
382591,0.4411764705882353,0.0,0.11764705882352941,0.4411764705882353
627614,0.12903225806451613,0.0,0.16129032258064516,0.7096774193548387
254405,0.85,0.0,0.0,0.15
164832,0.06451612903225806,0.06451612903225806,0.03225806451612903,0.8387096774193549
977898,0.5,0.0,0.0625,0.4375
740023,0.7272727272727273,0.0,0.045454545454545456,0.22727272727272727
787178,0.875,0.0,0.0,0.125
326058,0.26666666666666666,0.0,0.2,0.5333333333333333
364587,0.0,0.0,0.0,1.0
1386687,0.1,0.0,0.0,0.9
1451984,0.4,0.06666666666666667,0.1,0.43333333333333335
712497,0.7,0.0,0.0,0.3
602424,0.5263157894736842,0.0,0.0,0.47368421052631576
372597,0.6,0.06666666666666667,0.0,0.3333333333333333
575292,0.125,0.0,0.0,0.875
714462,0.3333333333333333,0.0,0.4166666666666667,0.25
1180997,0.5555555555555556,0.0,0.1111111111111111,0.3333333333333333
905755,0.375,0.25,0.125,0.25
192115,0.4166666666666667,0.16666666666666666,0.16666666666666666,0.25
626509,0.36363636363636365,0.18181818181818182,0.0,0.45454545454545453
784023,0.4444444444444444,0.1111111111111111,0.3333333333333333,0.1111111111111111
355670,0.4,0.0,0.1,0.5
1109850,0.3333333333333333,0.3333333333333333,0.0,0.3333333333333333
840799,0.75,0.16666666666666666,0.0,0.08333333333333333
1060886,0.42857142857142855,0.14285714285714285,0.14285714285714285,0.2857142857142857
510505,0.2857142857142857,0.047619047619047616,0.047619047619047616,0.6190476190476191
174280,0.41935483870967744,0.03225806451612903,0.06451612903225806,0.4838709677419355
845779,0.3333333333333333,0.0,0.0,0.6666666666666666
701344,0.4117647058823529,0.058823529411764705,0.0,0.5294117647058824
42073,0.5952380952380952,0.047619047619047616,0.023809523809523808,0.3333333333333333
1108172,0.057692307692307696,0.019230769230769232,0.8076923076923077,0.11538461538461539
122238,0.5428571428571428,0.0,0.0,0.45714285714285713
351489,0.18518518518518517,0.0,0.037037037037037035,0.7777777777777778
398824,0.4782608695652174,0.043478260869565216,0.08695652173913043,0.391304347826087
905835,0.5,0.0,0.0,0.5
195613,0.2672413793103448,0.008620689655172414,0.14655172413793102,0.5775862068965517
993425,0.4666666666666667,0.0,0.06666666666666667,0.4666666666666667
331196,0.7419354838709677,0.03225806451612903,0.0,0.22580645161290322
25803,0.35294117647058826,0.04411764705882353,0.2647058823529412,0.3382352941176471
116441,0.40476190476190477,0.023809523809523808,0.0,0.5714285714285714
72381,0.8,0.0,0.0,0.2
1087464,0.3125,0.0,0.0,0.6875
164859,0.34782608695652173,0.0,0.0,0.6521739130434783
94837,0.6363636363636364,0.022727272727272728,0.0,0.3409090909090909
596371,0.8695652173913043,0.0,0.0,0.13043478260869565
622943,0.5,0.0,0.0,0.5
749678,0.5217391304347826,0.13043478260869565,0.13043478260869565,0.21739130434782608
560134,0.3,0.05,0.15,0.5
484107,0.6363636363636364,0.09090909090909091,0.09090909090909091,0.18181818181818182
27310,0.5357142857142857,0.07142857142857142,0.0,0.39285714285714285
457911,0.28205128205128205,0.07692307692307693,0.07692307692307693,0.5641025641025641
390238,0.5909090909090909,0.022727272727272728,0.0,0.38636363636363635
708795,0.058823529411764705,0.0,0.0,0.9411764705882353
705523,0.5263157894736842,0.05263157894736842,0.05263157894736842,0.3684210526315789
626968,0.5333333333333333,0.06666666666666667,0.06666666666666667,0.3333333333333333
914780,0.32142857142857145,0.03571428571428571,0.0,0.6428571428571429
173967,0.25,0.0,0.125,0.625
408120,0.1,0.0,0.2,0.7
827751,0.35,0.15,0.1,0.4
886473,0.3125,0.0,0.0,0.6875
566236,0.6875,0.0625,0.0625,0.1875
688976,0.7727272727272727,0.045454545454545456,0.0,0.18181818181818182
786007,0.5555555555555556,0.08333333333333333,0.05555555555555555,0.3055555555555556
1033729,0.875,0.0,0.0,0.125
972836,0.5909090909090909,0.13636363636363635,0.0,0.2727272727272727
287942,0.7792207792207793,0.1038961038961039,0.012987012987012988,0.1038961038961039
50230,0.34615384615384615,0.038461538461538464,0.0,0.6153846153846154
164494,0.3431372549019608,0.0392156862745098,0.12745098039215685,0.49019607843137253
446802,0.5384615384615384,0.06153846153846154,0.0,0.4
446778,0.6346153846153846,0.019230769230769232,0.0,0.34615384615384615
253633,0.3125,0.1875,0.0,0.5
62765,0.4489795918367347,0.04081632653061224,0.04081632653061224,0.46938775510204084
351993,0.1875,0.0625,0.0625,0.6875
480580,0.7058823529411765,0.058823529411764705,0.0,0.23529411764705882
530885,0.4444444444444444,0.1111111111111111,0.0,0.4444444444444444
321526,0.3333333333333333,0.0,0.0,0.6666666666666666
298722,0.625,0.0,0.0625,0.3125
382019,0.125,0.0,0.125,0.75
49714,0.5517241379310345,0.0,0.034482758620689655,0.41379310344827586
300618,0.2727272727272727,0.7272727272727273,0.0,0.0
799777,0.3076923076923077,0.0,0.15384615384615385,0.5384615384615384
58432,0.8,0.0,0.1,0.1
391167,0.5,0.058823529411764705,0.0,0.4411764705882353
172142,1.0,0.0,0.0,0.0
138783,0.25,0.0,0.0,0.75
1396197,0.375,0.0,0.25,0.375
1218774,0.5833333333333334,0.0,0.0,0.4166666666666667
1274808,0.125,0.0,0.4583333333333333,0.4166666666666667
1099842,0.25,0.125,0.125,0.5
340710,0.4444444444444444,0.06666666666666667,0.1111111111111111,0.37777777777777777
33490,0.20833333333333334,0.0,0.09722222222222222,0.6944444444444444
27903,0.30303030303030304,0.030303030303030304,0.06060606060606061,0.6060606060606061
854039,0.18181818181818182,0.09090909090909091,0.18181818181818182,0.5454545454545454
126643,0.8620689655172413,0.13793103448275862,0.0,0.0
594234,0.6666666666666666,0.0,0.0,0.3333333333333333
521101,0.7454545454545455,0.0,0.01818181818181818,0.23636363636363636
196635,0.675,0.05,0.0,0.275
48347,0.7192982456140351,0.03508771929824561,0.017543859649122806,0.22807017543859648
541765,0.07142857142857142,0.0,0.21428571428571427,0.7142857142857143
1109586,0.05555555555555555,0.0,0.16666666666666666,0.7777777777777778
925706,0.8333333333333334,0.05555555555555555,0.05555555555555555,0.05555555555555555
1056645,0.375,0.0,0.0,0.625
80744,0.6129032258064516,0.0,0.016129032258064516,0.3709677419354839
51717,0.52,0.08,0.0,0.4
517233,0.23076923076923078,0.0,0.0,0.7692307692307693
1349622,0.0,0.0,0.0,1.0
348701,0.9545454545454546,0.0,0.0,0.045454545454545456
1352265,0.7833333333333333,0.05,0.0,0.16666666666666666
1219711,0.76,0.0,0.0,0.24
447725,0.5373134328358209,0.014925373134328358,0.04477611940298507,0.40298507462686567
218331,0.6086956521739131,0.0,0.043478260869565216,0.34782608695652173
625026,0.6666666666666666,0.3111111111111111,0.0,0.022222222222222223
324247,0.6521739130434783,0.0,0.0,0.34782608695652173
427691,0.5370370370370371,0.018518518518518517,0.07407407407407407,0.37037037037037035
548841,0.3333333333333333,0.0,0.4444444444444444,0.2222222222222222
163409,0.3125,0.0625,0.1875,0.4375
154326,0.15591397849462366,0.010752688172043012,0.3118279569892473,0.521505376344086
452213,0.3442622950819672,0.0,0.14754098360655737,0.5081967213114754
354032,0.5882352941176471,0.0,0.0,0.4117647058823529
15667,0.5660377358490566,0.05660377358490566,0.03773584905660377,0.33962264150943394
170386,0.17543859649122806,0.017543859649122806,0.3684210526315789,0.43859649122807015
6422510,0.08333333333333333,0.5833333333333334,0.25,0.08333333333333333
646515,0.7368421052631579,0.0,0.0,0.2631578947368421
378077,0.6851851851851852,0.018518518518518517,0.0,0.2962962962962963
309733,0.6086956521739131,0.043478260869565216,0.043478260869565216,0.30434782608695654
402642,0.45454545454545453,0.09090909090909091,0.0,0.45454545454545453
239795,0.3076923076923077,0.07692307692307693,0.07692307692307693,0.5384615384615384
239802,0.25,0.08333333333333333,0.08333333333333333,0.5833333333333334
1346260,0.5,0.0,0.0,0.5
1088870,0.3,0.2,0.1,0.4
6241447,0.8,0.0,0.0,0.2
256101,0.5384615384615384,0.07692307692307693,0.0,0.38461538461538464
239845,0.4,0.02857142857142857,0.05714285714285714,0.5142857142857142
579840,0.5416666666666666,0.041666666666666664,0.0,0.4166666666666667
712290,0.42857142857142855,0.0,0.0,0.5714285714285714
712294,0.5,0.0,0.0,0.5
185377,0.5,0.0,0.25,0.25
540721,0.41379310344827586,0.06896551724137931,0.20689655172413793,0.3103448275862069
293307,0.7777777777777778,0.14814814814814814,0.0,0.07407407407407407
1457760,0.2727272727272727,0.18181818181818182,0.18181818181818182,0.36363636363636365
1105519,0.4666666666666667,0.26666666666666666,0.0,0.26666666666666666
585531,0.47619047619047616,0.2857142857142857,0.0,0.23809523809523808
86329,0.44,0.0,0.02,0.54
816811,0.3333333333333333,0.0,0.08333333333333333,0.5833333333333334
1140857,0.3855421686746988,0.012048192771084338,0.0963855421686747,0.5060240963855421
702875,0.5333333333333333,0.26666666666666666,0.0,0.2
637000,0.5,0.125,0.125,0.25
387962,0.25,0.08333333333333333,0.08333333333333333,0.5833333333333334
27108,0.4857142857142857,0.05714285714285714,0.02857142857142857,0.42857142857142855
377867,0.42857142857142855,0.07142857142857142,0.07142857142857142,0.42857142857142855
915982,0.3888888888888889,0.1111111111111111,0.05555555555555555,0.4444444444444444
1365928,0.35714285714285715,0.07142857142857142,0.07142857142857142,0.5
3995896,0.13636363636363635,0.045454545454545456,0.13636363636363635,0.6818181818181818
6282846,0.16666666666666666,0.08333333333333333,0.16666666666666666,0.5833333333333334
441251,0.8235294117647058,0.0,0.0,0.17647058823529413
403673,0.7692307692307693,0.0,0.07692307692307693,0.15384615384615385
28986,0.2736842105263158,0.010526315789473684,0.15789473684210525,0.5578947368421052
1140413,0.2619047619047619,0.023809523809523808,0.14285714285714285,0.5714285714285714
1207900,0.14285714285714285,0.14285714285714285,0.0,0.7142857142857143
435032,0.7,0.2,0.0,0.1
495341,0.2857142857142857,0.0,0.2857142857142857,0.42857142857142855
1088500,0.8181818181818182,0.09090909090909091,0.0,0.09090909090909091
641518,0.5483870967741935,0.03225806451612903,0.03225806451612903,0.3870967741935484
267325,0.6666666666666666,0.0,0.0,0.3333333333333333
762659,0.14814814814814814,0.0,0.2222222222222222,0.6296296296296297
749453,0.4444444444444444,0.0,0.1111111111111111,0.4444444444444444
111107,0.4411764705882353,0.0,0.0,0.5588235294117647
200670,0.71875,0.0625,0.03125,0.1875
308069,0.5660377358490566,0.03773584905660377,0.0,0.39622641509433965
1541567,0.5,0.14285714285714285,0.14285714285714285,0.21428571428571427
96104,0.2,0.0,0.2,0.6
403532,0.4090909090909091,0.0,0.045454545454545456,0.5454545454545454
473103,0.21428571428571427,0.0,0.14285714285714285,0.6428571428571429
1148996,0.08,0.0,0.2,0.72
1262474,0.7222222222222222,0.1111111111111111,0.0,0.16666666666666666
228311,0.1875,0.0625,0.25,0.5
1582643,0.52,0.0,0.0,0.48
510024,0.23076923076923078,0.0,0.15384615384615385,0.6153846153846154
196655,0.34782608695652173,0.043478260869565216,0.08695652173913043,0.5217391304347826
463507,0.2727272727272727,0.0,0.2727272727272727,0.45454545454545453
1071524,0.25806451612903225,0.0,0.3225806451612903,0.41935483870967744
6601218,0.23255813953488372,0.09302325581395349,0.2558139534883721,0.4186046511627907
474077,0.2727272727272727,0.0,0.18181818181818182,0.5454545454545454
474103,0.6,0.0,0.1,0.3
564571,0.5555555555555556,0.0,0.2222222222222222,0.2222222222222222
1337928,0.09090909090909091,0.0,0.0,0.9090909090909091
6414326,0.6,0.0,0.0,0.4
180436,0.30434782608695654,0.0,0.30434782608695654,0.391304347826087
4064465,0.4782608695652174,0.0,0.0,0.5217391304347826
529786,0.6,0.0,0.0,0.4
4556545,0.2857142857142857,0.0,0.0,0.7142857142857143
360083,0.4444444444444444,0.037037037037037035,0.2222222222222222,0.2962962962962963
228956,0.2857142857142857,0.07142857142857142,0.07142857142857142,0.5714285714285714
719083,0.4444444444444444,0.1111111111111111,0.05555555555555555,0.3888888888888889
1096944,0.625,0.25,0.0,0.125
5169613,0.6153846153846154,0.0,0.0,0.38461538461538464
13270,0.39285714285714285,0.0,0.05357142857142857,0.5535714285714286
442751,0.5,0.0,0.16666666666666666,0.3333333333333333
772410,0.5185185185185185,0.14814814814814814,0.14814814814814814,0.18518518518518517
501891,0.3076923076923077,0.07692307692307693,0.0,0.6153846153846154
221561,0.7333333333333333,0.0,0.0,0.26666666666666666
159887,0.4,0.05,0.1,0.45
1365019,0.1111111111111111,0.1111111111111111,0.3333333333333333,0.4444444444444444
1324388,0.7142857142857143,0.0,0.0,0.2857142857142857
852139,0.23076923076923078,0.15384615384615385,0.07692307692307693,0.5384615384615384
313465,0.2,0.0,0.0,0.8
385938,0.13333333333333333,0.0,0.26666666666666666,0.6
382458,0.1875,0.0625,0.125,0.625
1469060,0.5,0.07142857142857142,0.0,0.42857142857142855
825127,0.06666666666666667,0.0,0.0,0.9333333333333333
323889,0.44,0.08,0.04,0.44
468595,0.047619047619047616,0.0,0.23809523809523808,0.7142857142857143
409014,0.4166666666666667,0.041666666666666664,0.0,0.5416666666666666
150514,0.3108108108108108,0.0,0.1891891891891892,0.5
668351,0.3235294117647059,0.0,0.029411764705882353,0.6470588235294118
537537,0.5,0.0,0.0,0.5
808314,0.45454545454545453,0.0,0.0,0.5454545454545454
222824,0.4444444444444444,0.022222222222222223,0.13333333333333333,0.4
324578,0.5714285714285714,0.0,0.0,0.42857142857142855
1250151,0.34615384615384615,0.0,0.038461538461538464,0.6153846153846154
120450,0.6956521739130435,0.010869565217391304,0.021739130434782608,0.2717391304347826
1020530,0.42857142857142855,0.0,0.0,0.5714285714285714
1137074,0.6206896551724138,0.0,0.034482758620689655,0.3448275862068966
231122,0.7307692307692307,0.01282051282051282,0.01282051282051282,0.24358974358974358
296375,0.19642857142857142,0.03571428571428571,0.375,0.39285714285714285
250154,0.3684210526315789,0.2631578947368421,0.10526315789473684,0.2631578947368421
32641,0.5526315789473685,0.0,0.02631578947368421,0.42105263157894735
310510,0.3617021276595745,0.06382978723404255,0.06382978723404255,0.5106382978723404
1501346,0.2857142857142857,0.0,0.2857142857142857,0.42857142857142855
552588,0.3157894736842105,0.0,0.05263157894736842,0.631578947368421
215633,1.0,0.0,0.0,0.0
747748,0.4,0.0,0.2,0.4
324278,0.45454545454545453,0.0,0.18181818181818182,0.36363636363636365
874147,0.5263157894736842,0.10526315789473684,0.05263157894736842,0.3157894736842105
792666,0.7,0.1,0.0,0.2
182997,0.5517241379310345,0.06896551724137931,0.034482758620689655,0.3448275862068966
123284,0.45454545454545453,0.0,0.0,0.5454545454545454
655603,0.7333333333333333,0.0,0.0,0.26666666666666666
239897,0.8,0.06666666666666667,0.0,0.13333333333333333
595356,0.26666666666666666,0.0,0.0,0.7333333333333333
447304,0.375,0.0,0.125,0.5
442519,0.5,0.0,0.0,0.5
308952,0.6666666666666666,0.0,0.1111111111111111,0.2222222222222222
427352,0.8387096774193549,0.0,0.06451612903225806,0.0967741935483871
128028,0.3333333333333333,0.0,0.0,0.6666666666666666
589760,0.4,0.0,0.12,0.48
1307128,0.5384615384615384,0.0,0.0,0.46153846153846156
431685,0.45454545454545453,0.0,0.06060606060606061,0.48484848484848486
427213,0.5384615384615384,0.15384615384615385,0.0,0.3076923076923077
1404314,0.3793103448275862,0.034482758620689655,0.10344827586206896,0.4827586206896552
1151672,0.35714285714285715,0.07142857142857142,0.14285714285714285,0.42857142857142855
47459,0.21212121212121213,0.0,0.21212121212121213,0.5757575757575758
496434,0.0,0.0,0.2727272727272727,0.7272727272727273
1053160,0.3,0.0,0.1,0.6
299834,0.48,0.08,0.0,0.44
38431,0.22340425531914893,0.010638297872340425,0.26595744680851063,0.5
591662,0.5909090909090909,0.0,0.0,0.4090909090909091
61543,0.32727272727272727,0.03636363636363636,0.10909090909090909,0.5272727272727272
318554,0.07142857142857142,0.023809523809523808,0.3333333333333333,0.5714285714285714
667536,0.21568627450980393,0.0,0.35294117647058826,0.43137254901960786
102811,0.2127659574468085,0.6382978723404256,0.0425531914893617,0.10638297872340426
1222655,0.18181818181818182,0.09090909090909091,0.09090909090909091,0.6363636363636364
831398,0.4583333333333333,0.0,0.125,0.4166666666666667
231653,0.4782608695652174,0.0,0.13043478260869565,0.391304347826087
481430,0.375,0.0,0.25,0.375
47656,0.3046875,0.015625,0.328125,0.3515625
183971,0.5555555555555556,0.13333333333333333,0.06666666666666667,0.24444444444444444
251514,0.18461538461538463,0.0,0.3076923076923077,0.5076923076923077
691132,0.26666666666666666,0.0,0.13333333333333333,0.6
511451,0.1875,0.0,0.125,0.6875
6816278,0.3333333333333333,0.0,0.0,0.6666666666666666
825862,0.2222222222222222,0.0,0.1111111111111111,0.6666666666666666
122615,0.390625,0.0,0.125,0.484375
374163,0.6376811594202898,0.0,0.18357487922705315,0.178743961352657
188535,0.5,0.0,0.058823529411764705,0.4411764705882353
939544,0.13333333333333333,0.06666666666666667,0.3333333333333333,0.4666666666666667
787281,0.3333333333333333,0.0,0.041666666666666664,0.625
472868,0.16129032258064516,0.06451612903225806,0.2903225806451613,0.4838709677419355
196553,0.37142857142857144,0.08571428571428572,0.17142857142857143,0.37142857142857144
783675,0.17647058823529413,0.17647058823529413,0.17647058823529413,0.47058823529411764
902638,0.10526315789473684,0.05263157894736842,0.3157894736842105,0.5263157894736842
1149568,0.09090909090909091,0.0,0.09090909090909091,0.8181818181818182
1126146,0.23529411764705882,0.0,0.3235294117647059,0.4411764705882353
37019,0.4,0.05,0.1,0.45
964462,0.3076923076923077,0.0,0.07692307692307693,0.6153846153846154
386466,0.3333333333333333,0.05555555555555555,0.1111111111111111,0.5
1086865,0.42857142857142855,0.14285714285714285,0.14285714285714285,0.2857142857142857
72060,0.5454545454545454,0.09090909090909091,0.09090909090909091,0.2727272727272727
479916,0.3333333333333333,0.06666666666666667,0.13333333333333333,0.4666666666666667
1150583,0.3125,0.0625,0.0625,0.5625
55133,0.5625,0.21875,0.0,0.21875
1168049,0.6363636363636364,0.09090909090909091,0.0,0.2727272727272727
612042,0.7857142857142857,0.0,0.0,0.21428571428571427
718705,0.38461538461538464,0.0,0.23076923076923078,0.38461538461538464
877591,0.2,0.0,0.3,0.5
738225,0.14285714285714285,0.0,0.07142857142857142,0.7857142857142857
1163461,0.5,0.0,0.0,0.5
1296772,0.3,0.0,0.1,0.6
261967,0.46875,0.03125,0.09375,0.40625
662978,0.18181818181818182,0.06060606060606061,0.24242424242424243,0.5151515151515151
714409,0.2727272727272727,0.0,0.2727272727272727,0.45454545454545453
55354,0.42857142857142855,0.061224489795918366,0.04081632653061224,0.46938775510204084
55364,0.48,0.0,0.08,0.44
53343,0.39622641509433965,0.0,0.0,0.6037735849056604
138812,0.38095238095238093,0.0,0.047619047619047616,0.5714285714285714
441896,0.2857142857142857,0.0,0.047619047619047616,0.6666666666666666
668548,0.3157894736842105,0.05263157894736842,0.21052631578947367,0.42105263157894735
1562323,0.4166666666666667,0.0,0.0,0.5833333333333334
1145430,0.8333333333333334,0.0,0.16666666666666666,0.0
549840,0.7894736842105263,0.05263157894736842,0.05263157894736842,0.10526315789473684
239143,0.8076923076923077,0.07692307692307693,0.0,0.11538461538461539
562352,0.6818181818181818,0.045454545454545456,0.045454545454545456,0.22727272727272727
233109,0.7294117647058823,0.058823529411764705,0.0,0.21176470588235294
453457,0.7125,0.2625,0.0125,0.0125
60913,0.7142857142857143,0.0,0.0,0.2857142857142857
513093,0.35064935064935066,0.012987012987012988,0.09090909090909091,0.5454545454545454
561674,0.5,0.07692307692307693,0.038461538461538464,0.38461538461538464
561550,0.45454545454545453,0.0,0.09090909090909091,0.45454545454545453
121954,0.35,0.05,0.25,0.35
560231,0.1,0.1,0.0,0.8
551685,0.09090909090909091,0.0,0.45454545454545453,0.45454545454545453
556632,0.45454545454545453,0.0,0.45454545454545453,0.09090909090909091
157800,0.4788732394366197,0.056338028169014086,0.1267605633802817,0.3380281690140845
555650,0.5217391304347826,0.08695652173913043,0.0,0.391304347826087
223236,0.3333333333333333,0.0,0.0,0.6666666666666666
247197,0.48148148148148145,0.037037037037037035,0.037037037037037035,0.4444444444444444
164540,0.057692307692307696,0.0,0.1346153846153846,0.8076923076923077
548785,0.36363636363636365,0.0,0.09090909090909091,0.5454545454545454
76487,0.7,0.0,0.03333333333333333,0.26666666666666666
79923,0.7419354838709677,0.03225806451612903,0.03225806451612903,0.1935483870967742
79926,0.5714285714285714,0.05714285714285714,0.0,0.37142857142857144
546649,0.5333333333333333,0.0,0.06666666666666667,0.4
180163,0.42857142857142855,0.047619047619047616,0.047619047619047616,0.47619047619047616
303945,0.07142857142857142,0.0,0.4642857142857143,0.4642857142857143
1048925,0.3,0.1,0.0,0.6
1022200,0.14285714285714285,0.0,0.8571428571428571,0.0
402650,0.4827586206896552,0.0,0.0,0.5172413793103449
1186784,1.0,0.0,0.0,0.0
1267278,0.4140127388535032,0.006369426751592357,0.03821656050955414,0.5414012738853503
477965,0.3783783783783784,0.0,0.08108108108108109,0.5405405405405406
799179,0.1111111111111111,0.0,0.0,0.8888888888888888
507298,0.5416666666666666,0.0,0.0,0.4583333333333333
63955,0.1875,0.0,0.0625,0.75
369493,0.30303030303030304,0.030303030303030304,0.0,0.6666666666666666
433892,0.6470588235294118,0.029411764705882353,0.11764705882352941,0.20588235294117646
151164,0.3472222222222222,0.027777777777777776,0.013888888888888888,0.6111111111111112
640602,0.36,0.04,0.08,0.52
1233324,0.6666666666666666,0.1111111111111111,0.1111111111111111,0.1111111111111111
427980,0.6,0.0,0.1,0.3
715123,0.3333333333333333,0.0,0.0,0.6666666666666666
331086,0.4666666666666667,0.06666666666666667,0.0,0.4666666666666667
624374,0.5333333333333333,0.0,0.13333333333333333,0.3333333333333333
179330,0.05714285714285714,0.0,0.2571428571428571,0.6857142857142857
155692,0.3076923076923077,0.05128205128205128,0.20512820512820512,0.4358974358974359
302193,0.4,0.0,0.1,0.5
201790,0.36363636363636365,0.09090909090909091,0.18181818181818182,0.36363636363636365
241539,0.15384615384615385,0.0,0.15384615384615385,0.6923076923076923
320418,0.5238095238095238,0.023809523809523808,0.09523809523809523,0.35714285714285715
748734,0.6538461538461539,0.0,0.0,0.34615384615384615
151203,0.46153846153846156,0.0,0.0,0.5384615384615384
7100431,0.52,0.0,0.12,0.36
410634,0.8461538461538461,0.0,0.0,0.15384615384615385
80077,0.6585365853658537,0.024390243902439025,0.0,0.3170731707317073
3561769,0.8571428571428571,0.0,0.14285714285714285,0.0
18344,0.42857142857142855,0.14285714285714285,0.03571428571428571,0.39285714285714285
1025808,0.6923076923076923,0.0,0.0,0.3076923076923077
693815,0.0,0.0,0.0,1.0
332075,0.6363636363636364,0.0,0.0,0.36363636363636365
13382,0.6818181818181818,0.045454545454545456,0.0,0.2727272727272727
695134,0.07142857142857142,0.0,0.07142857142857142,0.8571428571428571
529277,0.18181818181818182,0.0,0.0,0.8181818181818182
193770,0.5459459459459459,0.06486486486486487,0.11891891891891893,0.2702702702702703
447723,0.43333333333333335,0.0,0.1,0.4666666666666667
695982,0.5384615384615384,0.0,0.0,0.46153846153846156
209277,0.2857142857142857,0.0,0.14285714285714285,0.5714285714285714
756942,0.11764705882352941,0.058823529411764705,0.11764705882352941,0.7058823529411765
127322,0.15151515151515152,0.0,0.3333333333333333,0.5151515151515151
1317546,0.05263157894736842,0.0,0.05263157894736842,0.8947368421052632
424589,0.35294117647058826,0.058823529411764705,0.058823529411764705,0.5294117647058824
1299574,0.2857142857142857,0.14285714285714285,0.14285714285714285,0.42857142857142855
601591,0.4098360655737705,0.0,0.32786885245901637,0.26229508196721313
802644,0.3076923076923077,0.07692307692307693,0.07692307692307693,0.5384615384615384
434889,0.8571428571428571,0.0,0.047619047619047616,0.09523809523809523
245665,0.25,0.08333333333333333,0.25,0.4166666666666667
226683,0.4358974358974359,0.3076923076923077,0.05128205128205128,0.20512820512820512
506780,0.4375,0.0,0.125,0.4375
351317,0.5555555555555556,0.05555555555555555,0.0,0.3888888888888889
891236,0.1875,0.0,0.1875,0.625
333773,0.5833333333333334,0.08333333333333333,0.08333333333333333,0.25
87263,0.5,0.0,0.1111111111111111,0.3888888888888889
501139,0.38095238095238093,0.09523809523809523,0.19047619047619047,0.3333333333333333
227196,0.2,0.4,0.0,0.4
263048,0.5333333333333333,0.2,0.06666666666666667,0.2
152058,0.10416666666666667,0.0,0.1875,0.7083333333333334
164762,0.10344827586206896,0.0,0.20689655172413793,0.6896551724137931
80502,0.16981132075471697,0.0,0.09433962264150944,0.7358490566037735
49824,0.09859154929577464,0.0,0.014084507042253521,0.8873239436619719
122537,0.08450704225352113,0.014084507042253521,0.11267605633802817,0.7887323943661971
1349817,0.19607843137254902,0.0,0.7058823529411765,0.09803921568627451
382257,0.11363636363636363,0.022727272727272728,0.06818181818181818,0.7954545454545454
1162760,0.18181818181818182,0.0,0.0,0.8181818181818182
377974,0.4,0.1,0.0,0.5
1113683,0.5384615384615384,0.0,0.0,0.46153846153846156
278427,0.4642857142857143,0.0,0.03571428571428571,0.5
506767,0.38095238095238093,0.0,0.23809523809523808,0.38095238095238093
512986,0.75,0.0,0.0,0.25
598777,0.19047619047619047,0.047619047619047616,0.0,0.7619047619047619
663373,0.4166666666666667,0.0,0.0,0.5833333333333334
505618,0.7272727272727273,0.0,0.0,0.2727272727272727
297497,0.23529411764705882,0.0,0.0,0.7647058823529411
1007265,0.782608695652174,0.0,0.0,0.21739130434782608
82124,0.2,0.1,0.1,0.6
1458977,0.2127659574468085,0.0,0.3829787234042553,0.40425531914893614
1230712,0.06666666666666667,0.06666666666666667,0.13333333333333333,0.7333333333333333
377580,0.6428571428571429,0.03571428571428571,0.0,0.32142857142857145
784565,0.17391304347826086,0.0,0.21739130434782608,0.6086956521739131
433922,0.5,0.041666666666666664,0.1875,0.2708333333333333
424602,0.4,0.0,0.05,0.55
528567,0.1111111111111111,0.2222222222222222,0.2222222222222222,0.4444444444444444
715884,0.42857142857142855,0.07142857142857142,0.0,0.5
67943,0.38461538461538464,0.0,0.02564102564102564,0.5897435897435898
1012943,0.45454545454545453,0.09090909090909091,0.0,0.45454545454545453
1404012,0.46153846153846156,0.0,0.07692307692307693,0.46153846153846156
1000866,0.42857142857142855,0.0,0.2857142857142857,0.2857142857142857
1231307,0.42857142857142855,0.0,0.07142857142857142,0.5
579491,0.6,0.0,0.0,0.4
1000791,0.6875,0.020833333333333332,0.020833333333333332,0.2708333333333333
1318519,1.0,0.0,0.0,0.0
643007,0.23809523809523808,0.0,0.19047619047619047,0.5714285714285714
280345,0.35294117647058826,0.0,0.17647058823529413,0.47058823529411764
701294,0.42857142857142855,0.0,0.2857142857142857,0.2857142857142857
484817,0.32786885245901637,0.0,0.01639344262295082,0.6557377049180327
2056188,0.17647058823529413,0.11764705882352941,0.29411764705882354,0.4117647058823529
122779,0.7777777777777778,0.1111111111111111,0.0,0.1111111111111111
500507,0.4166666666666667,0.0,0.08333333333333333,0.5
614367,0.36363636363636365,0.18181818181818182,0.09090909090909091,0.36363636363636365
911445,0.2222222222222222,0.0,0.4444444444444444,0.3333333333333333
592298,0.6,0.2,0.0,0.2
260146,0.16666666666666666,0.0,0.05555555555555555,0.7777777777777778
646162,0.25,0.125,0.125,0.5
562383,0.8,0.0,0.0,0.2
611916,0.43859649122807015,0.22807017543859648,0.10526315789473684,0.22807017543859648
7081365,0.0,0.0,0.38461538461538464,0.6153846153846154
787690,0.5333333333333333,0.0,0.13333333333333333,0.3333333333333333
7061529,0.2857142857142857,0.0,0.0,0.7142857142857143
203596,0.4666666666666667,0.16666666666666666,0.1,0.26666666666666666
123223,0.43478260869565216,0.043478260869565216,0.08695652173913043,0.43478260869565216
229166,0.34328358208955223,0.014925373134328358,0.208955223880597,0.43283582089552236
556820,0.35294117647058826,0.29411764705882354,0.058823529411764705,0.29411764705882354
505084,0.08333333333333333,0.08333333333333333,0.0,0.8333333333333334
154335,0.390625,0.015625,0.296875,0.296875
367154,0.484375,0.078125,0.1875,0.25
228309,0.23529411764705882,0.058823529411764705,0.08823529411764706,0.6176470588235294
447310,0.3157894736842105,0.10526315789473684,0.05263157894736842,0.5263157894736842
191577,0.3142857142857143,0.02857142857142857,0.05714285714285714,0.6
573842,0.1111111111111111,0.0,0.1111111111111111,0.7777777777777778
317026,0.6176470588235294,0.20588235294117646,0.0,0.17647058823529413
1261771,0.5555555555555556,0.0,0.1111111111111111,0.3333333333333333
590865,0.4,0.06666666666666667,0.13333333333333333,0.4
714651,0.7058823529411765,0.0,0.0,0.29411764705882354
99286,0.6086956521739131,0.043478260869565216,0.0,0.34782608695652173
41307,0.4411764705882353,0.0,0.08823529411764706,0.47058823529411764
779835,0.75,0.05,0.1,0.1
1217290,0.13953488372093023,0.0,0.20930232558139536,0.6511627906976745
144185,0.6818181818181818,0.022727272727272728,0.022727272727272728,0.2727272727272727
502042,0.6818181818181818,0.045454545454545456,0.0,0.2727272727272727
858111,0.7407407407407407,0.0,0.037037037037037035,0.2222222222222222
1537963,0.4444444444444444,0.0,0.16666666666666666,0.3888888888888889
600432,0.7272727272727273,0.06060606060606061,0.0,0.21212121212121213
693333,0.2631578947368421,0.05263157894736842,0.0,0.6842105263157895
831039,0.15384615384615385,0.07692307692307693,0.15384615384615385,0.6153846153846154
264403,0.4166666666666667,0.125,0.041666666666666664,0.4166666666666667
1564322,0.625,0.0,0.0,0.375
1142947,0.42857142857142855,0.07142857142857142,0.0,0.5
1564018,0.4,0.0,0.1,0.5
123337,0.6428571428571429,0.09523809523809523,0.023809523809523808,0.23809523809523808
1494281,0.3157894736842105,0.05263157894736842,0.10526315789473684,0.5263157894736842
670797,0.1,0.0,0.0,0.9
55399,0.4827586206896552,0.0,0.06896551724137931,0.4482758620689655
55401,0.43478260869565216,0.0,0.08695652173913043,0.4782608695652174
758571,0.15384615384615385,0.0,0.07692307692307693,0.7692307692307693
513793,0.2727272727272727,0.0,0.09090909090909091,0.6363636363636364
213597,0.07692307692307693,0.0,0.15384615384615385,0.7692307692307693
538357,0.3333333333333333,0.0,0.14285714285714285,0.5238095238095238
4502471,0.34375,0.03125,0.09375,0.53125
601574,0.3157894736842105,0.15789473684210525,0.15789473684210525,0.3684210526315789
7153778,0.23076923076923078,0.038461538461538464,0.2692307692307692,0.46153846153846156
5714352,0.25,0.125,0.125,0.5
381324,0.16666666666666666,0.0,0.0,0.8333333333333334
47092,0.6285714285714286,0.3142857142857143,0.0,0.05714285714285714
701345,0.6875,0.0,0.0,0.3125
1503855,0.16666666666666666,0.0,0.0,0.8333333333333334
24538,0.3333333333333333,0.0,0.0,0.6666666666666666
33494,0.7692307692307693,0.0,0.038461538461538464,0.19230769230769232
396791,0.15789473684210525,0.0,0.0,0.8421052631578947
419915,0.1111111111111111,0.0,0.1111111111111111,0.7777777777777778
73676,0.5897435897435898,0.0,0.0,0.41025641025641024
513668,0.8235294117647058,0.058823529411764705,0.0,0.11764705882352941
652238,0.88,0.08,0.0,0.04
24611,0.05,0.025,0.225,0.7
1309762,0.875,0.0,0.0,0.125
183256,0.4772727272727273,0.022727272727272728,0.022727272727272728,0.4772727272727273
339544,0.23333333333333334,0.16666666666666666,0.03333333333333333,0.5666666666666667
78718,0.7115384615384616,0.17307692307692307,0.019230769230769232,0.09615384615384616
5601036,0.45454545454545453,0.0,0.09090909090909091,0.45454545454545453
42963,0.25,0.0,0.2916666666666667,0.4583333333333333
387246,0.45454545454545453,0.0,0.0,0.5454545454545454
391377,0.5625,0.125,0.0625,0.25
304445,0.25,0.0,0.25,0.5
451837,0.8888888888888888,0.0,0.0,0.1111111111111111
116094,0.5531914893617021,0.02127659574468085,0.0,0.425531914893617
396392,0.2727272727272727,0.09090909090909091,0.09090909090909091,0.5454545454545454
389669,0.65625,0.0,0.03125,0.3125
364523,0.34210526315789475,0.0,0.05263157894736842,0.6052631578947368
225681,0.6071428571428571,0.03571428571428571,0.10714285714285714,0.25
305953,0.6363636363636364,0.0,0.0,0.36363636363636365
211493,0.6818181818181818,0.2727272727272727,0.045454545454545456,0.0
354611,0.42857142857142855,0.0,0.14285714285714285,0.42857142857142855
333231,0.02185792349726776,0.0,0.7158469945355191,0.26229508196721313
1594583,0.5350877192982456,0.02631578947368421,0.07894736842105263,0.35964912280701755
5001162,0.4,0.05,0.05,0.5
170348,0.18181818181818182,0.0,0.09090909090909091,0.7272727272727273
2862817,0.0,0.0,0.6875,0.3125
840486,0.631578947368421,0.0,0.0,0.3684210526315789
2442724,0.48936170212765956,0.0,0.0,0.5106382978723404
42716,0.40350877192982454,0.05263157894736842,0.12280701754385964,0.42105263157894735
559905,0.47058823529411764,0.029411764705882353,0.0,0.5
458396,0.18181818181818182,0.0,0.2727272727272727,0.5454545454545454
486850,0.44,0.0,0.08,0.48
33492,0.8541666666666666,0.041666666666666664,0.0,0.10416666666666667
553437,0.4117647058823529,0.029411764705882353,0.029411764705882353,0.5294117647058824
210741,0.55,0.075,0.0,0.375
543963,0.2222222222222222,0.037037037037037035,0.2962962962962963,0.4444444444444444
425938,0.4666666666666667,0.0,0.2,0.3333333333333333
331694,0.5,0.0,0.0,0.5
32960,0.20689655172413793,0.0,0.26436781609195403,0.5287356321839081
819758,0.5,0.0,0.0,0.5
819222,0.125,0.0,0.0,0.875
182549,0.39285714285714285,0.10714285714285714,0.10714285714285714,0.39285714285714285
167120,0.5,0.1,0.1,0.3
139192,0.0,0.2,0.0,0.8
510538,0.3076923076923077,0.0,0.07692307692307693,0.6153846153846154
510557,0.45454545454545453,0.09090909090909091,0.0,0.45454545454545453
1087655,0.3181818181818182,0.09090909090909091,0.13636363636363635,0.45454545454545453
738893,0.4,0.06666666666666667,0.0,0.5333333333333333
772219,0.2916666666666667,0.0,0.16666666666666666,0.5416666666666666
180179,0.35135135135135137,0.05405405405405406,0.10810810810810811,0.4864864864864865
1468272,0.6,0.1,0.0,0.3
1158189,0.65,0.0,0.05,0.3
330852,0.21621621621621623,0.0,0.05405405405405406,0.7297297297297297
33445,0.6296296296296297,0.0,0.07407407407407407,0.2962962962962963
69749,0.7857142857142857,0.07142857142857142,0.0,0.14285714285714285
591958,0.45454545454545453,0.2727272727272727,0.09090909090909091,0.18181818181818182
794291,0.625,0.125,0.125,0.125
79950,0.42105263157894735,0.2631578947368421,0.05263157894736842,0.2631578947368421
339553,0.8636363636363636,0.0,0.0,0.13636363636363635
533137,0.16666666666666666,0.05555555555555555,0.05555555555555555,0.7222222222222222
151064,0.8,0.2,0.0,0.0
52408,0.5,0.125,0.0,0.375
845363,0.09523809523809523,0.047619047619047616,0.09523809523809523,0.7619047619047619
231975,0.5294117647058824,0.058823529411764705,0.0,0.4117647058823529
540890,0.4642857142857143,0.0,0.14285714285714285,0.39285714285714285
181646,0.3333333333333333,0.023809523809523808,0.40476190476190477,0.23809523809523808
1023738,0.0,0.0,0.0,1.0
40939,0.801980198019802,0.04950495049504951,0.009900990099009901,0.13861386138613863
33998,0.6956521739130435,0.08695652173913043,0.043478260869565216,0.17391304347826086
966445,0.6666666666666666,0.041666666666666664,0.0,0.2916666666666667
976127,0.0,0.0,0.0,1.0
483439,0.391304347826087,0.6086956521739131,0.0,0.0
166156,0.3333333333333333,0.25,0.0,0.4166666666666667
844728,0.03125,0.0,0.0625,0.90625
555395,0.42857142857142855,0.2857142857142857,0.0,0.2857142857142857
548630,0.5555555555555556,0.0,0.0,0.4444444444444444
696258,0.7,0.0,0.0,0.3
459004,0.7555555555555555,0.022222222222222223,0.0,0.2222222222222222
68655,0.5,0.35714285714285715,0.0,0.14285714285714285
27291,0.4888888888888889,0.022222222222222223,0.13333333333333333,0.35555555555555557
1567913,0.3333333333333333,0.03333333333333333,0.13333333333333333,0.5
36995,0.6153846153846154,0.0,0.0,0.38461538461538464
1314518,0.36363636363636365,0.0,0.09090909090909091,0.5454545454545454
102570,0.6,0.0,0.0,0.4
447667,0.2631578947368421,0.0,0.0,0.7368421052631579
218746,0.3815789473684211,0.013157894736842105,0.35526315789473684,0.25
183180,0.3877551020408163,0.02040816326530612,0.061224489795918366,0.5306122448979592
521249,0.6956521739130435,0.0,0.0,0.30434782608695654
102372,0.6888888888888889,0.044444444444444446,0.0,0.26666666666666666
668559,0.3870967741935484,0.0,0.22580645161290322,0.3870967741935484
1256172,0.8181818181818182,0.0,0.0,0.18181818181818182
55392,0.32432432432432434,0.13513513513513514,0.10810810810810811,0.43243243243243246
7234464,0.45454545454545453,0.09090909090909091,0.18181818181818182,0.2727272727272727
221756,0.9047619047619048,0.047619047619047616,0.047619047619047616,0.0
27442,0.1,0.4,0.05,0.45
91331,0.2631578947368421,0.0,0.10526315789473684,0.631578947368421
297413,0.4838709677419355,0.06451612903225806,0.0,0.45161290322580644
140435,0.543859649122807,0.3333333333333333,0.017543859649122806,0.10526315789473684
391427,0.6060606060606061,0.30303030303030304,0.0,0.09090909090909091
2666163,0.5526315789473685,0.0,0.0,0.4473684210526316
272508,0.6338028169014085,0.028169014084507043,0.028169014084507043,0.30985915492957744
1401190,0.0,0.0,0.2631578947368421,0.7368421052631579
6589978,0.16666666666666666,0.0,0.16666666666666666,0.6666666666666666
646597,0.3181818181818182,0.5909090909090909,0.0,0.09090909090909091
197207,0.8264462809917356,0.10743801652892562,0.0,0.06611570247933884
218906,0.5686274509803921,0.11764705882352941,0.0196078431372549,0.29411764705882354
600556,0.2,0.1,0.0,0.7
887890,0.6666666666666666,0.1111111111111111,0.2222222222222222,0.0
6832822,0.38461538461538464,0.38461538461538464,0.15384615384615385,0.07692307692307693
508230,0.3,0.2,0.2,0.3
646141,0.5,0.0,0.08333333333333333,0.4166666666666667
51340,0.6086956521739131,0.0,0.08695652173913043,0.30434782608695654
590484,0.2727272727272727,0.09090909090909091,0.0,0.6363636363636364
352380,0.4117647058823529,0.11764705882352941,0.23529411764705882,0.23529411764705882
453929,0.5263157894736842,0.05263157894736842,0.0,0.42105263157894735
370306,0.6323529411764706,0.058823529411764705,0.0,0.3088235294117647
3681793,0.5454545454545454,0.09090909090909091,0.0,0.36363636363636365
251480,0.22580645161290322,0.0,0.0,0.7741935483870968
2329038,1.0,0.0,0.0,0.0
651831,0.5,0.0,0.0,0.5
97966,0.7804878048780488,0.012195121951219513,0.0,0.2073170731707317
1811719,0.6666666666666666,0.06666666666666667,0.0,0.26666666666666666
806835,0.45454545454545453,0.045454545454545456,0.09090909090909091,0.4090909090909091
1255408,0.3888888888888889,0.05555555555555555,0.05555555555555555,0.5
274673,0.6,0.11428571428571428,0.0,0.2857142857142857
2733793,0.0,0.0,0.0,1.0
997705,0.4166666666666667,0.16666666666666666,0.0,0.4166666666666667
194343,0.3333333333333333,0.0,0.2222222222222222,0.4444444444444444
591049,0.7857142857142857,0.0,0.07142857142857142,0.14285714285714285
496600,0.4375,0.0,0.0,0.5625
63905,0.3333333333333333,0.0,0.0,0.6666666666666666
55387,0.211864406779661,0.0423728813559322,0.11016949152542373,0.635593220338983
289743,0.38095238095238093,0.0,0.047619047619047616,0.5714285714285714
705446,0.2647058823529412,0.0,0.029411764705882353,0.7058823529411765
6872478,0.3333333333333333,0.0,0.0,0.6666666666666666
173783,0.75,0.0,0.0,0.25
166163,0.1794871794871795,0.02564102564102564,0.5641025641025641,0.23076923076923078
956182,0.3181818181818182,0.09090909090909091,0.045454545454545456,0.5454545454545454
709436,0.45454545454545453,0.0,0.09090909090909091,0.45454545454545453
25776,0.4878048780487805,0.024390243902439025,0.07317073170731707,0.4146341463414634
747864,0.8518518518518519,0.037037037037037035,0.0,0.1111111111111111
554061,0.45454545454545453,0.22727272727272727,0.045454545454545456,0.2727272727272727
262468,0.7727272727272727,0.18181818181818182,0.022727272727272728,0.022727272727272728
32279,0.6346153846153846,0.057692307692307696,0.038461538461538464,0.2692307692307692
341308,0.75,0.08333333333333333,0.08333333333333333,0.08333333333333333
101618,0.16216216216216217,0.0,0.05405405405405406,0.7837837837837838
33448,0.7272727272727273,0.09090909090909091,0.045454545454545456,0.13636363636363635
384307,0.5833333333333334,0.08333333333333333,0.0,0.3333333333333333
402508,0.48,0.0,0.0,0.52
75685,0.5333333333333333,0.13333333333333333,0.022222222222222223,0.3111111111111111
1209579,0.5625,0.0,0.0625,0.375
120345,0.6923076923076923,0.07692307692307693,0.0,0.23076923076923078
933336,0.21052631578947367,0.0,0.3157894736842105,0.47368421052631576
813897,0.7692307692307693,0.0,0.0,0.23076923076923078
736951,0.2597402597402597,0.012987012987012988,0.0,0.7272727272727273
988510,0.6666666666666666,0.0,0.16666666666666666,0.16666666666666666
562089,0.5555555555555556,0.1111111111111111,0.1111111111111111,0.2222222222222222
235992,0.5625,0.03125,0.0,0.40625
639677,0.38461538461538464,0.07692307692307693,0.0,0.5384615384615384
306737,0.6666666666666666,0.0,0.05555555555555555,0.2777777777777778
718860,0.4444444444444444,0.0,0.0,0.5555555555555556
231055,0.5714285714285714,0.0,0.07142857142857142,0.35714285714285715
559682,0.47368421052631576,0.0,0.0,0.5263157894736842
553453,0.3829787234042553,0.02127659574468085,0.0,0.5957446808510638
242185,0.5,0.041666666666666664,0.08333333333333333,0.375
78542,0.5142857142857142,0.02857142857142857,0.0,0.45714285714285713
441916,0.2727272727272727,0.0,0.09090909090909091,0.6363636363636364
7026120,0.45454545454545453,0.12121212121212122,0.2727272727272727,0.15151515151515152
201262,0.3157894736842105,0.0,0.10526315789473684,0.5789473684210527
6546653,0.5625,0.0,0.0,0.4375
1306285,0.5,0.0,0.3333333333333333,0.16666666666666666
120256,0.5238095238095238,0.12698412698412698,0.015873015873015872,0.3333333333333333
819525,0.5555555555555556,0.1111111111111111,0.0,0.3333333333333333
417263,0.8076923076923077,0.0,0.038461538461538464,0.15384615384615385
390335,0.7586206896551724,0.06896551724137931,0.034482758620689655,0.13793103448275862
289087,0.55,0.0,0.2,0.25
237486,0.625,0.0625,0.0625,0.25
203350,0.5,0.07142857142857142,0.14285714285714285,0.2857142857142857
65528,0.6428571428571429,0.17857142857142858,0.0,0.17857142857142858
907739,0.5454545454545454,0.0,0.0,0.45454545454545453
640884,0.631578947368421,0.10526315789473684,0.0,0.2631578947368421
178228,0.25,0.125,0.0625,0.5625
688841,0.3333333333333333,0.0,0.16666666666666666,0.5
798348,0.45454545454545453,0.0,0.0,0.5454545454545454
481036,0.5416666666666666,0.125,0.0,0.3333333333333333
542658,0.2903225806451613,0.03225806451612903,0.3225806451612903,0.3548387096774194
270572,0.8,0.05,0.0,0.15
604405,0.6578947368421053,0.3157894736842105,0.02631578947368421,0.0
6488390,0.4,0.1,0.1,0.4
942365,0.6428571428571429,0.2857142857142857,0.07142857142857142,0.0
795143,0.7222222222222222,0.16666666666666666,0.0,0.1111111111111111
459558,0.5901639344262295,0.09836065573770492,0.04918032786885246,0.26229508196721313
410141,0.8461538461538461,0.07692307692307693,0.0,0.07692307692307693
105268,0.5774647887323944,0.11267605633802817,0.014084507042253521,0.29577464788732394
276405,0.6666666666666666,0.16666666666666666,0.041666666666666664,0.125
27394,0.22727272727272727,0.5,0.13636363636363635,0.13636363636363635
225915,0.8125,0.125,0.0,0.0625
225279,0.5454545454545454,0.0,0.0,0.45454545454545453
86549,0.7419354838709677,0.12903225806451613,0.0,0.12903225806451613
386911,0.6666666666666666,0.06666666666666667,0.0,0.26666666666666666
13692,0.7352941176470589,0.14705882352941177,0.0196078431372549,0.09803921568627451
300155,0.6818181818181818,0.18181818181818182,0.0,0.13636363636363635
300133,0.78125,0.09375,0.03125,0.09375
383374,0.7384615384615385,0.03076923076923077,0.015384615384615385,0.2153846153846154
524850,0.5217391304347826,0.0,0.043478260869565216,0.43478260869565216
486511,0.5454545454545454,0.09090909090909091,0.09090909090909091,0.2727272727272727
451138,0.6666666666666666,0.0,0.0,0.3333333333333333
334901,0.2,0.0,0.1,0.7
217601,0.11940298507462686,0.0,0.07462686567164178,0.8059701492537313
90212,0.15384615384615385,0.02564102564102564,0.23076923076923078,0.5897435897435898
259411,0.13333333333333333,0.0,0.4666666666666667,0.4
215680,0.6153846153846154,0.07692307692307693,0.07692307692307693,0.23076923076923078
1262560,0.5833333333333334,0.16666666666666666,0.0,0.25
574047,0.2413793103448276,0.0,0.034482758620689655,0.7241379310344828
397245,0.6,0.04,0.08,0.28
47805,0.32558139534883723,0.0,0.09302325581395349,0.5813953488372093
290590,0.11666666666666667,0.0,0.05,0.8333333333333334
305809,0.5909090909090909,0.0,0.0,0.4090909090909091
300263,0.375,0.3125,0.0,0.3125
249832,0.34782608695652173,0.0,0.391304347826087,0.2608695652173913
227177,0.6,0.26666666666666666,0.0,0.13333333333333333
678152,0.9333333333333333,0.0,0.0,0.06666666666666667
1131880,0.6470588235294118,0.0,0.0,0.35294117647058826
507319,0.75,0.0,0.0,0.25
736912,0.5,0.08333333333333333,0.0,0.4166666666666667
507297,0.3157894736842105,0.0,0.21052631578947367,0.47368421052631576
356351,0.5909090909090909,0.11363636363636363,0.022727272727272728,0.2727272727272727
1315319,0.75,0.0,0.0,0.25
372732,0.625,0.15625,0.0,0.21875
1379233,0.1,0.0,0.3,0.6
582811,0.2,0.0,0.06666666666666667,0.7333333333333333
754467,0.2727272727272727,0.0,0.09090909090909091,0.6363636363636364
817576,0.3333333333333333,0.1111111111111111,0.0,0.5555555555555556
366465,0.6842105263157895,0.0,0.0,0.3157894736842105
665538,0.42857142857142855,0.0,0.14285714285714285,0.42857142857142855
899869,0.6111111111111112,0.1111111111111111,0.0,0.2777777777777778
507311,0.7,0.0,0.0,0.3
233137,0.5625,0.1875,0.0,0.25
545386,0.375,0.0,0.125,0.5
1054897,0.47619047619047616,0.0,0.0,0.5238095238095238
1455856,0.42105263157894735,0.0,0.05263157894736842,0.5263157894736842
1120050,0.5555555555555556,0.0,0.0,0.4444444444444444
602327,0.5384615384615384,0.0,0.23076923076923078,0.23076923076923078
826302,0.35714285714285715,0.14285714285714285,0.0,0.5
58441,0.55,0.05,0.0,0.4
76415,0.2608695652173913,0.0,0.043478260869565216,0.6956521739130435
341517,0.7012987012987013,0.05194805194805195,0.025974025974025976,0.22077922077922077
685758,0.0625,0.0625,0.25,0.625
474344,0.38461538461538464,0.07692307692307693,0.15384615384615385,0.38461538461538464
1159023,0.5714285714285714,0.07142857142857142,0.0,0.35714285714285715
1434452,0.3333333333333333,0.0,0.0,0.6666666666666666
43537,0.5185185185185185,0.0,0.0,0.48148148148148145
6773303,0.16071428571428573,0.017857142857142856,0.05357142857142857,0.7678571428571429
233075,0.7,0.15,0.0,0.15
65513,0.6521739130434783,0.043478260869565216,0.043478260869565216,0.2608695652173913
133477,0.5510204081632653,0.061224489795918366,0.0,0.3877551020408163
216003,0.696969696969697,0.06060606060606061,0.030303030303030304,0.21212121212121213
42927,0.359375,0.015625,0.0390625,0.5859375
153201,0.7142857142857143,0.0,0.02857142857142857,0.2571428571428571
1338994,0.5789473684210527,0.05263157894736842,0.21052631578947367,0.15789473684210525
46670,0.4,0.04,0.08,0.48
817896,0.2727272727272727,0.0,0.09090909090909091,0.6363636363636364
1405662,0.0,0.0,0.47058823529411764,0.5294117647058824
733704,0.18181818181818182,0.18181818181818182,0.0,0.6363636363636364
310275,0.6216216216216216,0.05405405405405406,0.0,0.32432432432432434
1013921,0.375,0.0,0.25,0.375
1185903,0.08333333333333333,0.0,0.041666666666666664,0.875
626470,0.5588235294117647,0.0,0.08823529411764706,0.35294117647058826
495898,0.4,0.05,0.0,0.55
451910,0.058823529411764705,0.0,0.058823529411764705,0.8823529411764706
99633,0.7,0.3,0.0,0.0
409437,0.047619047619047616,0.0,0.16666666666666666,0.7857142857142857
468385,0.13333333333333333,0.0,0.2,0.6666666666666666
431431,0.058823529411764705,0.0,0.11764705882352941,0.8235294117647058
602349,0.1935483870967742,0.12903225806451613,0.12903225806451613,0.5483870967741935
848885,0.7647058823529411,0.058823529411764705,0.029411764705882353,0.14705882352941177
175383,0.6,0.16363636363636364,0.01818181818181818,0.21818181818181817
773416,0.5208333333333334,0.0,0.3541666666666667,0.125
230035,0.061855670103092786,0.0,0.15463917525773196,0.7835051546391752
366293,0.3333333333333333,0.0,0.08888888888888889,0.5777777777777777
122830,0.16666666666666666,0.0,0.0,0.8333333333333334
533366,0.3484848484848485,0.0,0.045454545454545456,0.6060606060606061
305741,0.5,0.0625,0.0625,0.375
585460,0.375,0.375,0.0,0.25
432234,0.48,0.0,0.04,0.48
325774,0.4636363636363636,0.00909090909090909,0.03636363636363636,0.4909090909090909
1439918,0.75,0.0,0.0,0.25
38208,0.6578947368421053,0.02631578947368421,0.0,0.3157894736842105
603524,0.5454545454545454,0.0,0.2727272727272727,0.18181818181818182
519157,0.5454545454545454,0.045454545454545456,0.2727272727272727,0.13636363636363635
97665,0.43243243243243246,0.0,0.10810810810810811,0.4594594594594595
28139,0.43478260869565216,0.34782608695652173,0.0,0.21739130434782608
463660,0.5384615384615384,0.07692307692307693,0.07692307692307693,0.3076923076923077
820967,0.25,0.25,0.0,0.5
801659,0.7142857142857143,0.0,0.0,0.2857142857142857
1244066,0.125,0.0,0.625,0.25
519362,0.75,0.0,0.0,0.25
519253,0.3333333333333333,0.0,0.16666666666666666,0.5
1584585,0.4583333333333333,0.0,0.25,0.2916666666666667
3168588,0.6388888888888888,0.027777777777777776,0.027777777777777776,0.3055555555555556
2802098,0.3670886075949367,0.0379746835443038,0.22784810126582278,0.3670886075949367
3315739,0.62,0.18,0.12,0.08
6558302,0.3,0.0,0.0,0.7
1399311,0.7741935483870968,0.0967741935483871,0.016129032258064516,0.11290322580645161
3316296,0.5333333333333333,0.06666666666666667,0.26666666666666666,0.13333333333333333
487435,0.5,0.0,0.5,0.0
864754,0.6,0.0,0.0,0.4
1443542,0.5714285714285714,0.07142857142857142,0.0,0.35714285714285715
3994453,0.4,0.0,0.0,0.6
1242118,0.625,0.0,0.0,0.375
309003,0.6551724137931034,0.0,0.034482758620689655,0.3103448275862069
6890341,0.25,0.125,0.25,0.375
226899,0.47368421052631576,0.05263157894736842,0.23684210526315788,0.23684210526315788
831600,0.5,0.21428571428571427,0.07142857142857142,0.21428571428571427
1396650,0.3076923076923077,0.0,0.3076923076923077,0.38461538461538464
526372,0.45454545454545453,0.09090909090909091,0.13636363636363635,0.3181818181818182
6471357,0.12,0.0,0.48,0.4
1529188,0.125,0.125,0.125,0.625
483318,0.4,0.4,0.1,0.1
588762,0.34782608695652173,0.08695652173913043,0.0,0.5652173913043478
5887881,0.09090909090909091,0.09090909090909091,0.0,0.8181818181818182
1548585,0.3,0.1,0.1,0.5
2049050,0.0,0.2,0.0,0.8
643157,0.3,0.0,0.3,0.4
848117,0.6666666666666666,0.0,0.0,0.3333333333333333
44869,0.8571428571428571,0.09523809523809523,0.0,0.047619047619047616
437356,0.3888888888888889,0.1111111111111111,0.3888888888888889,0.1111111111111111
502304,0.8333333333333334,0.0,0.05555555555555555,0.1111111111111111
182990,0.5454545454545454,0.0,0.18181818181818182,0.2727272727272727
561530,0.5384615384615384,0.0,0.23076923076923078,0.23076923076923078
218689,0.35,0.0,0.2,0.45
657873,0.2857142857142857,0.0,0.14285714285714285,0.5714285714285714
622715,0.7692307692307693,0.0,0.0,0.23076923076923078
6566936,0.3333333333333333,0.0,0.0,0.6666666666666666
12652,0.5174825174825175,0.2097902097902098,0.08391608391608392,0.1888111888111888
27714,0.4,0.1,0.2,0.3
870702,0.5,0.125,0.25,0.125
656628,0.6,0.0,0.2,0.2
5013361,0.8,0.0,0.0,0.2
105034,0.71875,0.03125,0.03125,0.21875
922822,0.5428571428571428,0.02857142857142857,0.02857142857142857,0.4
144469,0.23076923076923078,0.0,0.02564102564102564,0.7435897435897436
1462609,0.3076923076923077,0.07692307692307693,0.07692307692307693,0.5384615384615384
1020621,0.9166666666666666,0.0,0.0,0.08333333333333333
445389,0.2222222222222222,0.0,0.4444444444444444,0.3333333333333333
748060,0.3333333333333333,0.0,0.26666666666666666,0.4
629458,0.4,0.13333333333333333,0.13333333333333333,0.3333333333333333
579588,0.4,0.05,0.25,0.3
1183960,0.0,0.0,0.0,1.0
191064,0.2608695652173913,0.043478260869565216,0.08695652173913043,0.6086956521739131
659527,0.5333333333333333,0.0,0.0,0.4666666666666667
335779,0.3142857142857143,0.0,0.22857142857142856,0.45714285714285713
886775,0.3684210526315789,0.0,0.10526315789473684,0.5263157894736842
482500,0.7333333333333333,0.13333333333333333,0.0,0.13333333333333333
549625,0.7368421052631579,0.05263157894736842,0.0,0.21052631578947367
1568881,0.625,0.0,0.0,0.375
810230,0.4,0.02857142857142857,0.0,0.5714285714285714
548838,0.875,0.125,0.0,0.0
1494329,0.45454545454545453,0.0,0.09090909090909091,0.45454545454545453
236740,0.4,0.02857142857142857,0.05714285714285714,0.5142857142857142
431530,0.5454545454545454,0.18181818181818182,0.09090909090909091,0.18181818181818182
354668,0.5,0.08333333333333333,0.08333333333333333,0.3333333333333333
1373750,0.25,0.0,0.125,0.625
891414,0.125,0.0,0.25,0.625
852480,0.3333333333333333,0.0,0.1111111111111111,0.5555555555555556
1041031,0.05555555555555555,0.0,0.5555555555555556,0.3888888888888889
831987,0.23529411764705882,0.0,0.11764705882352941,0.6470588235294118
1064295,0.0,0.0,0.16666666666666666,0.8333333333333334
223259,0.15789473684210525,0.05263157894736842,0.10526315789473684,0.6842105263157895
299826,0.058823529411764705,0.058823529411764705,0.29411764705882354,0.5882352941176471
547036,0.08333333333333333,0.0,0.0,0.9166666666666666
656039,0.6111111111111112,0.0,0.05555555555555555,0.3333333333333333
365918,0.4444444444444444,0.0,0.0,0.5555555555555556
1259394,0.42857142857142855,0.0,0.0,0.5714285714285714
1397941,0.64,0.16,0.0,0.2
864461,0.7073170731707317,0.04878048780487805,0.024390243902439025,0.21951219512195122
1056644,0.5454545454545454,0.18181818181818182,0.09090909090909091,0.18181818181818182
924984,0.6875,0.0625,0.1875,0.0625
394385,0.5833333333333334,0.16666666666666666,0.08333333333333333,0.16666666666666666
116782,0.7272727272727273,0.09090909090909091,0.09090909090909091,0.09090909090909091
670548,0.5,0.07692307692307693,0.07692307692307693,0.34615384615384615
697184,0.59375,0.03125,0.09375,0.28125
1219686,0.7,0.1,0.0,0.2
794263,0.75,0.125,0.041666666666666664,0.08333333333333333
1198508,0.45454545454545453,0.0,0.0,0.5454545454545454
872647,0.35294117647058826,0.0,0.11764705882352941,0.5294117647058824
714681,0.5151515151515151,0.030303030303030304,0.18181818181818182,0.2727272727272727
1258040,0.5555555555555556,0.0,0.2222222222222222,0.2222222222222222
525131,0.75,0.0,0.0,0.25
646598,0.7,0.0,0.2,0.1
458722,0.5625,0.125,0.0625,0.25
634771,0.125,0.0,0.0,0.875
507329,0.24,0.0,0.48,0.28
539172,1.0,0.0,0.0,0.0
802705,0.46153846153846156,0.0,0.07692307692307693,0.46153846153846156
748922,0.6363636363636364,0.2727272727272727,0.0,0.09090909090909091
867534,0.7,0.0,0.0,0.3
548223,0.5625,0.3125,0.0,0.125
557144,0.5454545454545454,0.18181818181818182,0.09090909090909091,0.18181818181818182
78730,0.6578947368421053,0.21052631578947367,0.02631578947368421,0.10526315789473684
331256,0.375,0.0,0.125,0.5
354221,0.5333333333333333,0.0,0.13333333333333333,0.3333333333333333
147304,0.5333333333333333,0.0,0.13333333333333333,0.3333333333333333
430061,0.0,0.0,0.1111111111111111,0.8888888888888888
219660,0.16666666666666666,0.0,0.16666666666666666,0.6666666666666666
854734,0.3333333333333333,0.3333333333333333,0.0,0.3333333333333333
58437,0.36363636363636365,0.0,0.18181818181818182,0.45454545454545453
617788,0.5833333333333334,0.16666666666666666,0.08333333333333333,0.16666666666666666
1080271,0.625,0.125,0.0,0.25
171208,0.8181818181818182,0.045454545454545456,0.0,0.13636363636363635
443635,0.6153846153846154,0.15384615384615385,0.0,0.23076923076923078
235587,0.35,0.15,0.05,0.45
1172036,0.35714285714285715,0.0,0.14285714285714285,0.5
510850,0.19230769230769232,0.07692307692307693,0.038461538461538464,0.6923076923076923
673494,0.14705882352941177,0.0,0.20588235294117646,0.6470588235294118
398379,0.47058823529411764,0.0,0.0,0.5294117647058824
659881,0.5333333333333333,0.06666666666666667,0.13333333333333333,0.26666666666666666
821572,0.2727272727272727,0.09090909090909091,0.18181818181818182,0.45454545454545453
837725,0.0,0.0,0.08333333333333333,0.9166666666666666
213359,0.0958904109589041,0.0,0.0273972602739726,0.8767123287671232
438889,0.4166666666666667,0.0,0.3333333333333333,0.25
547644,0.21428571428571427,0.0,0.07142857142857142,0.7142857142857143
928297,0.1875,0.0,0.5625,0.25
942207,0.4375,0.0,0.0625,0.5
236539,0.35294117647058826,0.0,0.17647058823529413,0.47058823529411764
204620,0.5,0.0,0.05,0.45
1115031,0.34782608695652173,0.13043478260869565,0.08695652173913043,0.43478260869565216
293107,0.4090909090909091,0.13636363636363635,0.09090909090909091,0.36363636363636365
437358,0.3888888888888889,0.05555555555555555,0.3333333333333333,0.2222222222222222
1449028,0.4,0.0,0.0,0.6
122097,0.35294117647058826,0.0,0.17647058823529413,0.47058823529411764
856487,0.35294117647058826,0.058823529411764705,0.5294117647058824,0.058823529411764705
1449204,0.3,0.0,0.3,0.4
213496,0.3333333333333333,0.1111111111111111,0.2222222222222222,0.3333333333333333
1449073,0.2222222222222222,0.0,0.0,0.7777777777777778
1269970,0.42857142857142855,0.0,0.0,0.5714285714285714
1257592,0.016597510373443983,0.6929460580912863,0.07468879668049792,0.2157676348547718
166122,0.6153846153846154,0.0,0.07692307692307693,0.3076923076923077
1393100,1.0,0.0,0.0,0.0
157834,0.4166666666666667,0.16666666666666666,0.16666666666666666,0.25
171378,0.35714285714285715,0.21428571428571427,0.07142857142857142,0.35714285714285715
64685,0.35714285714285715,0.0,0.14285714285714285,0.5
165746,0.6,0.0,0.1,0.3
241462,0.1,0.0,0.0,0.9
122392,0.2727272727272727,0.09090909090909091,0.0,0.6363636363636364
777952,0.3333333333333333,0.0,0.0,0.6666666666666666
924090,0.4375,0.0,0.0,0.5625
1124020,0.75,0.0,0.0,0.25
620091,0.14285714285714285,0.0,0.3333333333333333,0.5238095238095238
821312,0.6666666666666666,0.1111111111111111,0.0,0.2222222222222222
169343,0.38095238095238093,0.011904761904761904,0.2261904761904762,0.38095238095238093
701250,0.0,0.0,0.25,0.75
464151,0.2857142857142857,0.0,0.0,0.7142857142857143
526718,0.75,0.16666666666666666,0.0,0.08333333333333333
402028,0.25,0.0,0.2,0.55
761172,0.625,0.125,0.0,0.25
35658,0.6,0.22244897959183674,0.06938775510204082,0.10816326530612246
991498,0.10526315789473684,0.0,0.5263157894736842,0.3684210526315789
706235,0.7096774193548387,0.0,0.03225806451612903,0.25806451612903225
298691,0.5,0.14285714285714285,0.14285714285714285,0.21428571428571427
820468,0.5294117647058824,0.0,0.058823529411764705,0.4117647058823529
447583,0.5882352941176471,0.0,0.20588235294117646,0.20588235294117646
804218,0.3333333333333333,0.16666666666666666,0.16666666666666666,0.3333333333333333
1071301,0.07586206896551724,0.0,0.8068965517241379,0.11724137931034483
953505,0.7137931034482758,0.006896551724137931,0.010344827586206896,0.2689655172413793
1163740,0.7058823529411765,0.058823529411764705,0.0,0.23529411764705882
1441216,0.5882352941176471,0.0,0.058823529411764705,0.35294117647058826
129202,0.6666666666666666,0.012345679012345678,0.024691358024691357,0.2962962962962963
496368,0.25,0.0,0.08333333333333333,0.6666666666666666
949867,0.5,0.0,0.0,0.5
583483,0.5666666666666667,0.03333333333333333,0.1,0.3
784514,0.3333333333333333,0.05555555555555555,0.1111111111111111,0.5
710758,0.7058823529411765,0.0,0.11764705882352941,0.17647058823529413
569631,0.75,0.0,0.08333333333333333,0.16666666666666666
1001641,0.45454545454545453,0.09090909090909091,0.36363636363636365,0.09090909090909091
528947,0.16666666666666666,0.0,0.16666666666666666,0.6666666666666666
323035,0.07692307692307693,0.07692307692307693,0.15384615384615385,0.6923076923076923
406971,0.0,0.0,0.2222222222222222,0.7777777777777778
496630,0.08571428571428572,0.0,0.11428571428571428,0.8
728717,0.0,0.0,0.0,1.0
617721,0.46153846153846156,0.07692307692307693,0.23076923076923078,0.23076923076923078
159169,0.42105263157894735,0.0,0.21052631578947367,0.3684210526315789
254871,0.375,0.0625,0.125,0.4375
780027,0.6,0.0,0.2,0.2
585234,0.8,0.0,0.1,0.1
507371,0.4,0.1,0.2,0.3
757522,0.3,0.0,0.2,0.5
530493,0.5555555555555556,0.1111111111111111,0.2222222222222222,0.1111111111111111
507382,0.42424242424242425,0.030303030303030304,0.12121212121212122,0.42424242424242425
603860,0.5,0.0,0.16666666666666666,0.3333333333333333
485877,0.6,0.1,0.1,0.2
510395,0.3157894736842105,0.05263157894736842,0.3157894736842105,0.3157894736842105
530656,0.5238095238095238,0.047619047619047616,0.23809523809523808,0.19047619047619047
778925,0.2857142857142857,0.14285714285714285,0.2857142857142857,0.2857142857142857
629449,0.5,0.16666666666666666,0.16666666666666666,0.16666666666666666
942686,0.26666666666666666,0.06666666666666667,0.2,0.4666666666666667
712743,0.5,0.125,0.25,0.125
561839,0.3125,0.0,0.375,0.3125
525956,0.7368421052631579,0.0,0.0,0.2631578947368421
153782,0.375,0.0,0.125,0.5
197644,0.4,0.05,0.3,0.25
519184,0.6666666666666666,0.0,0.08333333333333333,0.25
526051,0.6666666666666666,0.0,0.08333333333333333,0.25
561540,0.6470588235294118,0.0,0.11764705882352941,0.23529411764705882
643149,0.3,0.0,0.3,0.4
643146,0.5,0.0,0.2,0.3
525953,0.5833333333333334,0.0,0.0,0.4166666666666667
758649,0.2857142857142857,0.0,0.14285714285714285,0.5714285714285714
330463,0.3684210526315789,0.0,0.05263157894736842,0.5789473684210527
874053,0.5833333333333334,0.08333333333333333,0.16666666666666666,0.16666666666666666
566691,0.65,0.0,0.0,0.35
388431,0.16666666666666666,0.0,0.25,0.5833333333333334
453661,0.6470588235294118,0.0,0.11764705882352941,0.23529411764705882
239137,0.7368421052631579,0.0,0.10526315789473684,0.15789473684210525
1132400,0.6,0.0,0.2,0.2
536798,0.3888888888888889,0.2777777777777778,0.1111111111111111,0.2222222222222222
1145718,0.391304347826087,0.043478260869565216,0.34782608695652173,0.21739130434782608
11548,0.034482758620689655,0.0,0.27586206896551724,0.6896551724137931
988588,0.25,0.0,0.0,0.75
22488,0.375,0.0,0.0,0.625
560972,0.6666666666666666,0.0,0.3333333333333333,0.0
571029,0.4,0.0,0.26666666666666666,0.3333333333333333
170003,0.36904761904761907,0.011904761904761904,0.07142857142857142,0.5476190476190477
977396,0.3076923076923077,0.07692307692307693,0.15384615384615385,0.46153846153846156
854452,0.07894736842105263,0.02631578947368421,0.7368421052631579,0.15789473684210525
843424,0.0,0.0,0.38095238095238093,0.6190476190476191
504621,0.2,0.0,0.0,0.8
504639,0.18181818181818182,0.0,0.09090909090909091,0.7272727272727273
636186,0.2222222222222222,0.0,0.0,0.7777777777777778
397054,0.18181818181818182,0.0,0.3181818181818182,0.5
482947,0.3125,0.0625,0.0625,0.5625
150133,0.35714285714285715,0.07142857142857142,0.0,0.5714285714285714
519774,0.5,0.0,0.14285714285714285,0.35714285714285715
520622,0.6923076923076923,0.0,0.07692307692307693,0.23076923076923078
519685,0.7272727272727273,0.0,0.18181818181818182,0.09090909090909091
584721,0.6,0.0,0.3,0.1
510510,0.3333333333333333,0.05555555555555555,0.3333333333333333,0.2777777777777778
519626,0.6363636363636364,0.0,0.09090909090909091,0.2727272727272727
519790,0.4,0.0,0.06666666666666667,0.5333333333333333
787737,0.75,0.0,0.0,0.25
492170,0.5517241379310345,0.06896551724137931,0.1724137931034483,0.20689655172413793
21120,0.38461538461538464,0.0,0.0,0.6153846153846154
400112,0.625,0.0,0.0,0.375
504671,0.05263157894736842,0.0,0.0,0.9473684210526315
982887,0.6666666666666666,0.0,0.0,0.3333333333333333
736342,0.18181818181818182,0.0,0.0,0.8181818181818182
527773,0.5454545454545454,0.0,0.18181818181818182,0.2727272727272727
158615,0.2222222222222222,0.1111111111111111,0.05555555555555555,0.6111111111111112
128966,0.3,0.0,0.25,0.45
574144,0.2631578947368421,0.0,0.2631578947368421,0.47368421052631576
836841,0.0,0.0,0.38461538461538464,0.6153846153846154
467027,0.23529411764705882,0.058823529411764705,0.17647058823529413,0.5294117647058824
492256,0.3333333333333333,0.0,0.3333333333333333,0.3333333333333333
445902,0.4166666666666667,0.0,0.08333333333333333,0.5
1024773,0.18181818181818182,0.0,0.18181818181818182,0.6363636363636364
81130,0.851063829787234,0.0425531914893617,0.010638297872340425,0.09574468085106383
14183,0.5384615384615384,0.0,0.23076923076923078,0.23076923076923078
861771,0.25,0.0625,0.0,0.6875
501973,0.6363636363636364,0.0,0.0,0.36363636363636365
420970,0.2857142857142857,0.0,0.14285714285714285,0.5714285714285714
384168,0.3,0.1,0.0,0.6
258998,0.18181818181818182,0.0,0.2727272727272727,0.5454545454545454
802738,0.42857142857142855,0.0,0.0,0.5714285714285714
140929,0.2727272727272727,0.0,0.45454545454545453,0.2727272727272727
776927,0.625,0.0,0.125,0.25
213381,0.25,0.0,0.125,0.625
384176,0.16666666666666666,0.16666666666666666,0.16666666666666666,0.5
161681,0.782608695652174,0.043478260869565216,0.043478260869565216,0.13043478260869565
224501,0.38095238095238093,0.047619047619047616,0.0,0.5714285714285714
739602,0.24242424242424243,0.030303030303030304,0.18181818181818182,0.5454545454545454
326222,0.47368421052631576,0.10526315789473684,0.0,0.42105263157894735
161703,0.5,0.05,0.0,0.45
529143,0.35294117647058826,0.0,0.0,0.6470588235294118
36607,0.4642857142857143,0.0,0.0,0.5357142857142857
1005427,0.6,0.2,0.0,0.2
565132,0.4117647058823529,0.058823529411764705,0.058823529411764705,0.47058823529411764
37718,0.22,0.0,0.02,0.76
296466,0.21739130434782608,0.043478260869565216,0.08695652173913043,0.6521739130434783
421692,0.2222222222222222,0.05555555555555555,0.05555555555555555,0.6666666666666666
519554,0.2727272727272727,0.0,0.09090909090909091,0.6363636363636364
519531,0.5,0.0,0.0,0.5
519440,0.4,0.0,0.2,0.4
510520,0.42857142857142855,0.0,0.19047619047619047,0.38095238095238093
287725,0.6470588235294118,0.0,0.029411764705882353,0.3235294117647059
825141,0.125,0.0,0.0,0.875
844952,0.45454545454545453,0.0,0.0,0.5454545454545454
963858,0.7444444444444445,0.044444444444444446,0.044444444444444446,0.16666666666666666
848332,0.8235294117647058,0.0,0.0,0.17647058823529413
1072695,0.14285714285714285,0.0,0.047619047619047616,0.8095238095238095
1148355,0.07692307692307693,0.0,0.0,0.9230769230769231
928800,0.35714285714285715,0.07142857142857142,0.0,0.5714285714285714
1109265,0.06666666666666667,0.06666666666666667,0.06666666666666667,0.8
339821,0.125,0.041666666666666664,0.4166666666666667,0.4166666666666667
153156,0.42105263157894735,0.05263157894736842,0.21052631578947367,0.3157894736842105
164599,0.38636363636363635,0.022727272727272728,0.1590909090909091,0.4318181818181818
159589,0.2647058823529412,0.0,0.17647058823529413,0.5588235294117647
360212,0.375,0.041666666666666664,0.2916666666666667,0.2916666666666667
784812,0.07142857142857142,0.0,0.0,0.9285714285714286
312907,0.2857142857142857,0.0,0.14285714285714285,0.5714285714285714
1202720,0.25,0.0,0.125,0.625
643428,0.3333333333333333,0.0,0.16666666666666666,0.5
504493,0.5238095238095238,0.0,0.047619047619047616,0.42857142857142855
646603,0.5,0.0,0.125,0.375
878777,0.0,0.0,0.0,1.0
213462,0.1875,0.125,0.125,0.5625
519336,0.7692307692307693,0.0,0.07692307692307693,0.15384615384615385
1050764,0.5714285714285714,0.0,0.14285714285714285,0.2857142857142857
246459,0.5161290322580645,0.04838709677419355,0.016129032258064516,0.41935483870967744
178609,0.14285714285714285,0.047619047619047616,0.09523809523809523,0.7142857142857143
499405,0.4146341463414634,0.0,0.04878048780487805,0.5365853658536586
433756,0.46153846153846156,0.0,0.07692307692307693,0.46153846153846156
181622,0.0967741935483871,0.0,0.6451612903225806,0.25806451612903225
13586,0.4444444444444444,0.05555555555555555,0.05555555555555555,0.4444444444444444
953369,0.08333333333333333,0.16666666666666666,0.08333333333333333,0.6666666666666666
286879,0.7222222222222222,0.0,0.05555555555555555,0.2222222222222222
561535,0.46153846153846156,0.0,0.23076923076923078,0.3076923076923077
516858,0.36363636363636365,0.0,0.2727272727272727,0.36363636363636365
603982,0.6363636363636364,0.0,0.18181818181818182,0.18181818181818182
519489,0.75,0.0,0.08333333333333333,0.16666666666666666
677550,0.3125,0.0,0.25,0.4375
955920,0.46153846153846156,0.0,0.0,0.5384615384615384
650733,0.42857142857142855,0.0,0.0,0.5714285714285714
507358,0.6470588235294118,0.0,0.0,0.35294117647058826
223925,0.35294117647058826,0.058823529411764705,0.0,0.5882352941176471
843182,0.0,0.0,0.8333333333333334,0.16666666666666666
519206,0.42857142857142855,0.14285714285714285,0.0,0.42857142857142855
22587,0.45161290322580644,0.0,0.03225806451612903,0.5161290322580645
22586,0.4375,0.0,0.0,0.5625
831330,0.0,0.0,0.0,1.0
122441,0.34782608695652173,0.0,0.043478260869565216,0.6086956521739131
284207,0.07692307692307693,0.07692307692307693,0.07692307692307693,0.7692307692307693
154315,0.3333333333333333,0.0,0.2,0.4666666666666667
635563,0.3076923076923077,0.0,0.07692307692307693,0.6153846153846154
246526,0.1,0.0,0.1,0.8
720691,0.0047169811320754715,0.0,0.9386792452830188,0.05660377358490566
839801,0.45918367346938777,0.0,0.01020408163265306,0.5306122448979592
466866,0.07692307692307693,0.0,0.23076923076923078,0.6923076923076923
610427,0.0,0.0,0.14285714285714285,0.8571428571428571
164183,0.2962962962962963,0.0,0.037037037037037035,0.6666666666666666
157707,0.29411764705882354,0.0,0.11764705882352941,0.5882352941176471
408822,0.0,0.0,0.1111111111111111,0.8888888888888888
731618,0.5384615384615384,0.07692307692307693,0.15384615384615385,0.23076923076923078
440425,0.234375,0.0,0.09375,0.671875
771079,0.375,0.0,0.25,0.375
199256,0.1,0.2,0.1,0.6
397422,0.4,0.06666666666666667,0.2,0.3333333333333333
439954,0.4666666666666667,0.0,0.0,0.5333333333333333
242396,0.49056603773584906,0.05660377358490566,0.0,0.4528301886792453
759971,0.4117647058823529,0.058823529411764705,0.058823529411764705,0.47058823529411764
794476,0.7272727272727273,0.0,0.0,0.2727272727272727
786723,0.1111111111111111,0.0,0.0,0.8888888888888888
187510,0.20689655172413793,0.034482758620689655,0.10344827586206896,0.6551724137931034
513879,0.6,0.0,0.2,0.2
695229,0.5384615384615384,0.0,0.0,0.46153846153846156
591699,0.875,0.0,0.0,0.125
588982,0.8,0.0,0.0,0.2
293598,0.875,0.0,0.0,0.125
732683,0.625,0.0,0.125,0.25
659256,0.75,0.25,0.0,0.0
334659,0.2857142857142857,0.07142857142857142,0.0,0.6428571428571429
560207,0.09090909090909091,0.09090909090909091,0.09090909090909091,0.7272727272727273
81070,0.359375,0.03125,0.046875,0.5625
420257,0.0625,0.03125,0.15625,0.75
201198,0.7857142857142857,0.0,0.07142857142857142,0.14285714285714285
465853,0.38095238095238093,0.0,0.19047619047619047,0.42857142857142855
782898,0.3333333333333333,0.0,0.3333333333333333,0.3333333333333333
171312,0.6923076923076923,0.038461538461538464,0.07692307692307693,0.19230769230769232
442610,0.4,0.0,0.0,0.6
120396,0.4117647058823529,0.029411764705882353,0.0,0.5588235294117647
172837,0.68,0.04,0.04,0.24
305994,0.8,0.0,0.0,0.2
206746,0.6666666666666666,0.0,0.0,0.3333333333333333
369909,0.125,0.0,0.4375,0.4375
306130,0.8,0.05,0.0,0.15
604173,0.7142857142857143,0.0,0.07142857142857142,0.21428571428571427
596573,0.7272727272727273,0.18181818181818182,0.0,0.09090909090909091
443022,0.2222222222222222,0.1111111111111111,0.0,0.6666666666666666
787611,0.6666666666666666,0.1111111111111111,0.037037037037037035,0.18518518518518517
556780,0.625,0.0,0.125,0.25
571010,0.6666666666666666,0.0,0.06666666666666667,0.26666666666666666
524816,0.6666666666666666,0.0,0.03333333333333333,0.3
192460,0.5714285714285714,0.14285714285714285,0.0,0.2857142857142857
309672,0.9047619047619048,0.0,0.047619047619047616,0.047619047619047616
298525,0.7272727272727273,0.045454545454545456,0.09090909090909091,0.13636363636363635
629722,0.2222222222222222,0.2222222222222222,0.1111111111111111,0.4444444444444444
372816,0.5652173913043478,0.0,0.0,0.43478260869565216
483183,0.6428571428571429,0.07142857142857142,0.0,0.2857142857142857
720930,0.45454545454545453,0.0,0.18181818181818182,0.36363636363636365
648054,0.3,0.0,0.3,0.4
416892,0.9,0.0,0.0,0.1
677316,0.4166666666666667,0.0,0.25,0.3333333333333333
244518,0.7931034482758621,0.0,0.0,0.20689655172413793
510788,0.1875,0.0625,0.0,0.75
518988,0.6666666666666666,0.08333333333333333,0.0,0.25
537456,0.2,0.0,0.0,0.8
390190,0.7222222222222222,0.0,0.0,0.2777777777777778
56427,0.15517241379310345,0.0,0.1206896551724138,0.7241379310344828
441869,0.3333333333333333,0.0,0.16666666666666666,0.5
11044,0.4166666666666667,0.0,0.25,0.3333333333333333
733127,0.7272727272727273,0.09090909090909091,0.0,0.18181818181818182
487549,0.3076923076923077,0.07692307692307693,0.23076923076923078,0.38461538461538464
496613,0.35294117647058826,0.0,0.11764705882352941,0.5294117647058824
158060,0.41935483870967744,0.06451612903225806,0.0967741935483871,0.41935483870967744
519200,0.23076923076923078,0.0,0.0,0.7692307692307693
246491,0.42857142857142855,0.0,0.14285714285714285,0.42857142857142855
345265,0.25,0.125,0.0,0.625
110930,0.4230769230769231,0.0,0.038461538461538464,0.5384615384615384
547121,0.4,0.1,0.0,0.5
378297,0.7,0.1,0.0,0.2
745380,0.125,0.125,0.0,0.75
656264,0.14285714285714285,0.047619047619047616,0.2857142857142857,0.5238095238095238
605807,0.46153846153846156,0.0,0.23076923076923078,0.3076923076923077
646268,0.7777777777777778,0.0,0.0,0.2222222222222222
235972,0.4418604651162791,0.0,0.046511627906976744,0.5116279069767442
377877,0.6923076923076923,0.0,0.15384615384615385,0.15384615384615385
561819,0.5,0.0,0.0,0.5
744761,0.25,0.0,0.25,0.5
139335,0.5333333333333333,0.016666666666666666,0.05,0.4
372434,0.5416666666666666,0.041666666666666664,0.08333333333333333,0.3333333333333333
104616,0.391304347826087,0.08695652173913043,0.08695652173913043,0.43478260869565216
443395,0.38461538461538464,0.07692307692307693,0.07692307692307693,0.46153846153846156
486909,0.2,0.0,0.3,0.5
611635,0.1875,0.0625,0.0,0.75
287114,0.15384615384615385,0.07692307692307693,0.23076923076923078,0.5384615384615384
223271,0.26666666666666666,0.0,0.0,0.7333333333333333
384200,0.2631578947368421,0.05263157894736842,0.15789473684210525,0.5263157894736842
187954,0.5,0.0,0.15384615384615385,0.34615384615384615
519383,0.5714285714285714,0.0,0.047619047619047616,0.38095238095238093
295359,0.18181818181818182,0.0,0.18181818181818182,0.6363636363636364
96859,0.24390243902439024,0.024390243902439025,0.3170731707317073,0.4146341463414634
693607,0.0,0.0,0.2222222222222222,0.7777777777777778
721224,0.2,0.0,0.15,0.65
239486,0.18181818181818182,0.2727272727272727,0.09090909090909091,0.45454545454545453
670460,0.4,0.0,0.26666666666666666,0.3333333333333333
207043,0.325,0.025,0.05,0.6
344426,0.037037037037037035,0.037037037037037035,0.1111111111111111,0.8148148148148148
569847,0.375,0.125,0.125,0.375
689615,0.41935483870967744,0.0967741935483871,0.06451612903225806,0.41935483870967744
339949,0.14285714285714285,0.03571428571428571,0.10714285714285714,0.7142857142857143
265092,0.6470588235294118,0.058823529411764705,0.058823529411764705,0.23529411764705882
427545,0.5384615384615384,0.07692307692307693,0.07692307692307693,0.3076923076923077
264778,0.0,0.1111111111111111,0.1111111111111111,0.7777777777777778
265069,0.47058823529411764,0.11764705882352941,0.058823529411764705,0.35294117647058826
425412,0.16666666666666666,0.0,0.06666666666666667,0.7666666666666667
662918,0.18181818181818182,0.0,0.18181818181818182,0.6363636363636364
727418,0.2222222222222222,0.0,0.5555555555555556,0.2222222222222222
218439,0.25,0.0,0.0,0.75
510532,0.375,0.0,0.125,0.5
98617,0.5555555555555556,0.0,0.1111111111111111,0.3333333333333333
259172,0.5,0.0,0.08333333333333333,0.4166666666666667
109031,0.26666666666666666,0.06666666666666667,0.0,0.6666666666666666
496547,0.5,0.0625,0.125,0.3125
584750,0.5,0.0,0.05555555555555555,0.4444444444444444
209734,0.4444444444444444,0.1111111111111111,0.1111111111111111,0.3333333333333333
602367,0.6666666666666666,0.0,0.0,0.3333333333333333
611930,0.25,0.0,0.25,0.5
606466,0.4375,0.0,0.0625,0.5
258729,0.14285714285714285,0.07142857142857142,0.07142857142857142,0.7142857142857143
609742,0.06666666666666667,0.0,0.2,0.7333333333333333
496572,0.2727272727272727,0.0,0.18181818181818182,0.5454545454545454
528210,0.16666666666666666,0.0,0.16666666666666666,0.6666666666666666
184063,0.25,0.0,0.25,0.5
525947,0.8,0.0,0.0,0.2
491026,0.18181818181818182,0.0,0.0,0.8181818181818182
78732,0.4666666666666667,0.06666666666666667,0.06666666666666667,0.4
491877,0.3333333333333333,0.0,0.0,0.6666666666666666
358957,0.25,0.0,0.0,0.75
119810,0.23076923076923078,0.0,0.15384615384615385,0.6153846153846154
415307,0.21428571428571427,0.07142857142857142,0.07142857142857142,0.6428571428571429
13185,0.5384615384615384,0.07692307692307693,0.0,0.38461538461538464
120769,0.711864406779661,0.03389830508474576,0.05084745762711865,0.2033898305084746
540768,0.2727272727272727,0.0,0.09090909090909091,0.6363636363636364
227301,0.2777777777777778,0.1111111111111111,0.0,0.6111111111111112
54366,0.4576271186440678,0.0,0.01694915254237288,0.5254237288135594
163425,0.23076923076923078,0.0,0.3076923076923077,0.46153846153846156
443748,0.7,0.0,0.0,0.3
37004,0.21428571428571427,0.0,0.07142857142857142,0.7142857142857143
148225,0.7272727272727273,0.18181818181818182,0.0,0.09090909090909091
583041,0.4444444444444444,0.0,0.05555555555555555,0.5
591604,0.5,0.1,0.0,0.4
556519,0.75,0.08333333333333333,0.0,0.16666666666666666
176144,0.5789473684210527,0.0,0.05263157894736842,0.3684210526315789
570711,0.8235294117647058,0.0,0.0,0.17647058823529413
570269,0.6,0.0,0.0,0.4
600121,0.42857142857142855,0.0,0.09523809523809523,0.47619047619047616
183162,0.3125,0.0625,0.0,0.625
113386,0.4074074074074074,0.07407407407407407,0.14814814814814814,0.37037037037037035
122425,0.6956521739130435,0.0,0.043478260869565216,0.2608695652173913
315955,0.7272727272727273,0.030303030303030304,0.030303030303030304,0.21212121212121213
683063,0.4,0.0,0.3,0.3
683036,0.35714285714285715,0.07142857142857142,0.0,0.5714285714285714
269380,0.6071428571428571,0.03571428571428571,0.03571428571428571,0.32142857142857145
584536,0.6666666666666666,0.0,0.16666666666666666,0.16666666666666666
296491,0.4666666666666667,0.0,0.26666666666666666,0.26666666666666666
53348,0.5882352941176471,0.0,0.0,0.4117647058823529
542229,0.75,0.0,0.0,0.25
13585,0.4444444444444444,0.0,0.1111111111111111,0.4444444444444444
545830,0.19047619047619047,0.047619047619047616,0.047619047619047616,0.7142857142857143
113388,0.24,0.0,0.12,0.64
199641,0.07142857142857142,0.14285714285714285,0.07142857142857142,0.7142857142857143
290963,0.16666666666666666,0.08333333333333333,0.0,0.75
513204,0.2222222222222222,0.1111111111111111,0.0,0.6666666666666666
676146,0.13333333333333333,0.06666666666666667,0.2,0.6
24454,0.34782608695652173,0.0,0.43478260869565216,0.21739130434782608
41340,0.1891891891891892,0.02702702702702703,0.10810810810810811,0.6756756756756757
564713,0.5,0.0,0.0,0.5
490838,0.35294117647058826,0.0,0.0,0.6470588235294118
668570,0.3333333333333333,0.1111111111111111,0.1111111111111111,0.4444444444444444
668566,0.5,0.08333333333333333,0.08333333333333333,0.3333333333333333
668531,0.5,0.08333333333333333,0.08333333333333333,0.3333333333333333
184440,0.65,0.0,0.15,0.2
355898,0.5,0.023809523809523808,0.047619047619047616,0.42857142857142855
359839,0.36363636363636365,0.0,0.0,0.6363636363636364
514116,0.5370370370370371,0.1111111111111111,0.07407407407407407,0.2777777777777778
384427,0.6190476190476191,0.15873015873015872,0.015873015873015872,0.20634920634920634
537658,0.21428571428571427,0.0,0.0,0.7857142857142857
122523,0.26666666666666666,0.0,0.06666666666666667,0.6666666666666666
610841,0.08333333333333333,0.0,0.0,0.9166666666666666
604567,0.23076923076923078,0.07692307692307693,0.07692307692307693,0.6153846153846154
38648,0.07692307692307693,0.038461538461538464,0.07692307692307693,0.8076923076923077
1080608,0.1875,0.4375,0.0,0.375
664122,0.5454545454545454,0.0,0.0,0.45454545454545453
554347,0.5714285714285714,0.0,0.14285714285714285,0.2857142857142857
427358,0.4,0.0,0.0,0.6
306193,0.7142857142857143,0.0,0.0,0.2857142857142857
90093,0.3548387096774194,0.0,0.06451612903225806,0.5806451612903226
431177,0.625,0.0,0.0,0.375
156917,0.27586206896551724,0.10344827586206896,0.0,0.6206896551724138
483277,0.7692307692307693,0.15384615384615385,0.0,0.07692307692307693
615038,0.375,0.0,0.0,0.625
27991,0.7272727272727273,0.09090909090909091,0.09090909090909091,0.09090909090909091
521910,0.375,0.25,0.0,0.375
161434,0.2777777777777778,0.05555555555555555,0.05555555555555555,0.6111111111111112
511064,0.02040816326530612,0.0,0.20408163265306123,0.7755102040816326
334608,0.3684210526315789,0.0,0.0,0.631578947368421
31503,0.6190476190476191,0.0,0.14285714285714285,0.23809523809523808
307238,0.5,0.0,0.125,0.375
510569,0.4166666666666667,0.0,0.08333333333333333,0.5
462684,0.14285714285714285,0.0,0.17142857142857143,0.6857142857142857
220691,0.5217391304347826,0.043478260869565216,0.08695652173913043,0.34782608695652173
208428,0.2222222222222222,0.0,0.1111111111111111,0.6666666666666666
636135,0.6666666666666666,0.0,0.0,0.3333333333333333
636091,0.6666666666666666,0.0,0.0,0.3333333333333333
32541,0.3125,0.020833333333333332,0.10416666666666667,0.5625
635949,0.3076923076923077,0.0,0.07692307692307693,0.6153846153846154
92296,0.4,0.1,0.1,0.4
416796,0.4,0.0,0.1,0.5
331146,0.18181818181818182,0.0,0.18181818181818182,0.6363636363636364
211030,0.5897435897435898,0.02564102564102564,0.02564102564102564,0.358974358974359
232898,0.8235294117647058,0.13725490196078433,0.0,0.0392156862745098
538341,0.5454545454545454,0.0,0.2727272727272727,0.18181818181818182
538178,0.25,0.125,0.25,0.375
536812,0.25,0.0,0.25,0.5
290331,0.13333333333333333,0.0,0.06666666666666667,0.8
525819,0.9285714285714286,0.0,0.0,0.07142857142857142
496576,0.3,0.0,0.2,0.5
496488,0.4444444444444444,0.1111111111111111,0.2222222222222222,0.2222222222222222
496289,0.23076923076923078,0.0,0.07692307692307693,0.6923076923076923
442898,0.45454545454545453,0.0,0.09090909090909091,0.45454545454545453
1279270,0.625,0.125,0.125,0.125
696016,0.6666666666666666,0.20833333333333334,0.08333333333333333,0.041666666666666664
108406,0.5,0.05555555555555555,0.1111111111111111,0.3333333333333333
633487,0.75,0.0625,0.0625,0.125
1375662,0.6,0.05,0.05,0.3
1389428,0.6923076923076923,0.15384615384615385,0.0,0.15384615384615385
17828,0.7058823529411765,0.0,0.058823529411764705,0.23529411764705882
4764443,0.8888888888888888,0.0,0.0,0.1111111111111111
3741469,0.55,0.05,0.3,0.1
918327,0.8235294117647058,0.058823529411764705,0.058823529411764705,0.058823529411764705
570667,0.7894736842105263,0.02631578947368421,0.0,0.18421052631578946
1349837,0.5625,0.0,0.1875,0.25
3936191,0.6363636363636364,0.0,0.0,0.36363636363636365
226950,0.5,0.18181818181818182,0.09090909090909091,0.22727272727272727
1582188,0.7272727272727273,0.09090909090909091,0.0,0.18181818181818182
979710,0.45454545454545453,0.0,0.36363636363636365,0.18181818181818182
745185,0.75,0.0,0.0,0.25
37195,0.7272727272727273,0.0,0.0,0.2727272727272727
521453,0.6153846153846154,0.38461538461538464,0.0,0.0
106440,0.2631578947368421,0.05263157894736842,0.0,0.6842105263157895
360089,0.3448275862068966,0.034482758620689655,0.27586206896551724,0.3448275862068966
1216267,0.21428571428571427,0.0,0.35714285714285715,0.42857142857142855
36758,0.775,0.075,0.0,0.15
57096,0.47058823529411764,0.0,0.0,0.5294117647058824
7358800,0.0,0.0,0.7272727272727273,0.2727272727272727
223996,0.19230769230769232,0.0,0.0,0.8076923076923077
749720,0.46153846153846156,0.15384615384615385,0.0,0.38461538461538464
994157,0.4444444444444444,0.05555555555555555,0.0,0.5
30797,0.3055555555555556,0.027777777777777776,0.08333333333333333,0.5833333333333334
28507,0.5357142857142857,0.0,0.07142857142857142,0.39285714285714285
28382,0.32432432432432434,0.0,0.10810810810810811,0.5675675675675675
461242,0.2857142857142857,0.047619047619047616,0.14285714285714285,0.5238095238095238
80940,0.875,0.0,0.125,0.0
7510632,0.4782608695652174,0.0,0.0,0.5217391304347826
6578971,0.13333333333333333,0.0,0.2,0.6666666666666666
599602,0.07142857142857142,0.0,0.5,0.42857142857142855
549322,0.7419354838709677,0.06451612903225806,0.0,0.1935483870967742
582845,0.25806451612903225,0.03225806451612903,0.03225806451612903,0.6774193548387096
1192854,0.37037037037037035,0.0,0.037037037037037035,0.5925925925925926
1096385,0.2222222222222222,0.0,0.0,0.7777777777777778
104120,0.13333333333333333,0.0,0.06666666666666667,0.8
49035,0.21428571428571427,0.023809523809523808,0.0,0.7619047619047619
5347383,0.7884615384615384,0.07692307692307693,0.0,0.1346153846153846
290899,0.6176470588235294,0.0,0.0,0.38235294117647056
37230,0.21428571428571427,0.0,0.35714285714285715,0.42857142857142855
33502,0.3333333333333333,0.0,0.13333333333333333,0.5333333333333333
563878,0.16666666666666666,0.0,0.08333333333333333,0.75
24668,0.48,0.12,0.0,0.4
39035,0.7027027027027027,0.02702702702702703,0.05405405405405406,0.21621621621621623
59134,0.7857142857142857,0.0,0.0,0.21428571428571427
119357,0.7543859649122807,0.0,0.0,0.24561403508771928
508340,0.5294117647058824,0.35294117647058826,0.0,0.11764705882352941
439268,0.19047619047619047,0.0,0.19047619047619047,0.6190476190476191
220921,0.65,0.15,0.0,0.2
170654,0.0,0.0,0.18181818181818182,0.8181818181818182
247186,0.058823529411764705,0.11764705882352941,0.23529411764705882,0.5882352941176471
6843134,0.3559322033898305,0.1016949152542373,0.3220338983050847,0.22033898305084745
6731601,0.375,0.0,0.0,0.625
4211727,0.3333333333333333,0.0,0.48148148148148145,0.18518518518518517
1517148,0.36363636363636365,0.0,0.09090909090909091,0.5454545454545454
1248968,0.5714285714285714,0.0,0.14285714285714285,0.2857142857142857
542099,0.75,0.0,0.0,0.25
408400,0.4393939393939394,0.030303030303030304,0.030303030303030304,0.5
109796,0.45454545454545453,0.0,0.18181818181818182,0.36363636363636365
1462785,0.375,0.0,0.0,0.625
1010130,0.375,0.125,0.375,0.125
7430580,0.0,0.0,0.0,1.0
5706216,0.2,0.0,0.1,0.7
562276,0.5882352941176471,0.058823529411764705,0.058823529411764705,0.29411764705882354
818582,0.3,0.0,0.3,0.4
455218,0.125,0.0,0.5,0.375
439841,0.5833333333333334,0.0,0.0,0.4166666666666667
424351,0.5,0.0,0.0625,0.4375
1056472,0.5833333333333334,0.125,0.08333333333333333,0.20833333333333334
600534,0.7857142857142857,0.0,0.0,0.21428571428571427
905374,0.4,0.1,0.2,0.3
591156,0.625,0.0,0.041666666666666664,0.3333333333333333
954102,0.24,0.02,0.14,0.6
1253971,0.23076923076923078,0.0,0.23076923076923078,0.5384615384615384
1156746,0.5555555555555556,0.1111111111111111,0.0,0.3333333333333333
1149203,0.5263157894736842,0.10526315789473684,0.05263157894736842,0.3157894736842105
1859284,0.5454545454545454,0.045454545454545456,0.045454545454545456,0.36363636363636365
1073112,0.23076923076923078,0.038461538461538464,0.07692307692307693,0.6538461538461539
1433089,0.01694915254237288,0.0,0.6949152542372882,0.288135593220339
5912053,0.4827586206896552,0.034482758620689655,0.13793103448275862,0.3448275862068966
1451913,0.4,0.0,0.4,0.2
843025,0.38857142857142857,0.022857142857142857,0.12571428571428572,0.46285714285714286
1463431,0.5555555555555556,0.0,0.1111111111111111,0.3333333333333333
1019750,0.4117647058823529,0.058823529411764705,0.11764705882352941,0.4117647058823529
1930032,0.2222222222222222,0.0,0.2222222222222222,0.5555555555555556
6536658,0.42857142857142855,0.14285714285714285,0.0,0.42857142857142855
443190,0.625,0.0,0.0,0.375
147411,0.47368421052631576,0.05263157894736842,0.0,0.47368421052631576
6558769,0.5,0.0,0.0,0.5
1187165,0.75,0.0,0.0,0.25
746795,0.45,0.1,0.05,0.4
552149,0.2,0.3,0.0,0.5
1456082,0.5833333333333334,0.0,0.08333333333333333,0.3333333333333333
1404017,0.9204545454545454,0.022727272727272728,0.0,0.056818181818181816
3794759,0.7,0.3,0.0,0.0
1549022,0.5238095238095238,0.23809523809523808,0.09523809523809523,0.14285714285714285
2048490,0.38095238095238093,0.09523809523809523,0.0,0.5238095238095238
1591728,0.3983050847457627,0.0211864406779661,0.06779661016949153,0.5127118644067796
7083917,0.6333333333333333,0.0,0.0,0.36666666666666664
712304,0.6818181818181818,0.09090909090909091,0.13636363636363635,0.09090909090909091
78962,0.75,0.0,0.125,0.125
814317,0.5294117647058824,0.0,0.11764705882352941,0.35294117647058826
178456,0.3611111111111111,0.0,0.25,0.3888888888888889
970821,0.5714285714285714,0.0,0.2857142857142857,0.14285714285714285
535025,0.5454545454545454,0.13636363636363635,0.09090909090909091,0.22727272727272727
77464,0.8571428571428571,0.0,0.0,0.14285714285714285
160777,0.0,0.05263157894736842,0.15789473684210525,0.7894736842105263
226885,0.6133333333333333,0.05333333333333334,0.04,0.29333333333333333
921116,0.2,0.1,0.5,0.2
1272289,0.15789473684210525,0.0,0.0,0.8421052631578947
1326798,0.23529411764705882,0.0,0.0,0.7647058823529411
867902,0.6470588235294118,0.0,0.0,0.35294117647058826
2487241,0.18181818181818182,0.0,0.45454545454545453,0.36363636363636365
655508,0.7272727272727273,0.0,0.09090909090909091,0.18181818181818182
1038518,0.3275862068965517,0.10344827586206896,0.06896551724137931,0.5
1009800,1.0,0.0,0.0,0.0
509229,0.55,0.05,0.125,0.275
4114711,0.2857142857142857,0.09523809523809523,0.42857142857142855,0.19047619047619047
917863,0.875,0.0,0.125,0.0
27344,0.36363636363636365,0.09090909090909091,0.0,0.5454545454545454
7179656,0.07142857142857142,0.0,0.10714285714285714,0.8214285714285714
7218910,0.0,0.0,0.0,1.0
7157246,0.9,0.0,0.0,0.1
147582,0.42105263157894735,0.02631578947368421,0.0,0.5526315789473685
1351352,0.5714285714285714,0.0,0.0,0.42857142857142855
1015592,0.2631578947368421,0.0,0.15789473684210525,0.5789473684210527
7094860,0.7368421052631579,0.0,0.0,0.2631578947368421
224687,0.3684210526315789,0.0,0.05263157894736842,0.5789473684210527
85144,0.6538461538461539,0.038461538461538464,0.019230769230769232,0.28846153846153844
614578,0.3684210526315789,0.0,0.0,0.631578947368421
33915,0.4666666666666667,0.0,0.03333333333333333,0.5
955754,0.4166666666666667,0.0,0.08333333333333333,0.5
907885,0.6,0.1,0.0,0.3
847614,0.5625,0.0,0.0625,0.375
960616,0.42857142857142855,0.0,0.0,0.5714285714285714
161749,0.40476190476190477,0.0,0.2619047619047619,0.3333333333333333
177865,0.20833333333333334,0.0,0.041666666666666664,0.75
773598,0.6818181818181818,0.045454545454545456,0.045454545454545456,0.22727272727272727
279658,0.125,0.0,0.0,0.875
205364,0.6363636363636364,0.045454545454545456,0.09090909090909091,0.22727272727272727
658765,0.36363636363636365,0.09090909090909091,0.0,0.5454545454545454
556433,0.5,0.08333333333333333,0.0,0.4166666666666667
483145,0.7142857142857143,0.21428571428571427,0.0,0.07142857142857142
57553,0.3333333333333333,0.0,0.16666666666666666,0.5
211363,0.4583333333333333,0.5,0.0,0.041666666666666664
455703,0.1,0.1,0.2,0.6
709240,0.1111111111111111,0.0,0.2222222222222222,0.6666666666666666
1092445,0.38461538461538464,0.0,0.0,0.6153846153846154
147431,0.42857142857142855,0.0,0.0,0.5714285714285714
37783,0.45454545454545453,0.0,0.0,0.5454545454545454
232441,0.8333333333333334,0.0,0.0,0.16666666666666666
1158883,0.7,0.1,0.0,0.2
655219,0.2,0.0,0.0,0.8
1158475,0.45454545454545453,0.18181818181818182,0.22727272727272727,0.13636363636363635
997852,0.5,0.125,0.125,0.25
878927,0.25,0.05,0.03333333333333333,0.6666666666666666
347082,0.3333333333333333,0.0,0.25,0.4166666666666667
755655,0.47540983606557374,0.06557377049180328,0.13114754098360656,0.32786885245901637
793577,0.4,0.0,0.0,0.6
1005988,0.3333333333333333,0.0,0.05555555555555555,0.6111111111111112
868051,0.35294117647058826,0.0,0.11764705882352941,0.5294117647058824
347397,0.3793103448275862,0.034482758620689655,0.13793103448275862,0.4482758620689655
887447,0.7777777777777778,0.0,0.2222222222222222,0.0
442323,0.5757575757575758,0.18181818181818182,0.06060606060606061,0.18181818181818182
940973,0.3333333333333333,0.1111111111111111,0.2222222222222222,0.3333333333333333
1187811,0.35714285714285715,0.07142857142857142,0.21428571428571427,0.35714285714285715
718201,0.25,0.08333333333333333,0.25,0.4166666666666667
176070,0.4,0.2,0.1,0.3
349155,0.5263157894736842,0.10526315789473684,0.0,0.3684210526315789
1043156,0.14285714285714285,0.2857142857142857,0.0,0.5714285714285714
956572,0.3333333333333333,0.2,0.06666666666666667,0.4
887535,0.48484848484848486,0.030303030303030304,0.12121212121212122,0.36363636363636365
306108,0.5263157894736842,0.10526315789473684,0.10526315789473684,0.2631578947368421
504442,0.38461538461538464,0.07692307692307693,0.38461538461538464,0.15384615384615385
432740,0.7142857142857143,0.14285714285714285,0.0,0.14285714285714285
916492,0.3333333333333333,0.16666666666666666,0.0,0.5
236188,0.6,0.1,0.0,0.3
683033,0.25,0.375,0.0,0.375
711615,0.5,0.25,0.125,0.125
444072,0.45454545454545453,0.18181818181818182,0.09090909090909091,0.2727272727272727
918068,0.5555555555555556,0.1111111111111111,0.2222222222222222,0.1111111111111111
712948,0.7142857142857143,0.14285714285714285,0.0,0.14285714285714285
233123,0.5294117647058824,0.17647058823529413,0.058823529411764705,0.23529411764705882
269253,0.2857142857142857,0.047619047619047616,0.19047619047619047,0.47619047619047616
71867,0.5333333333333333,0.13333333333333333,0.0,0.3333333333333333
912553,0.5555555555555556,0.1111111111111111,0.1111111111111111,0.2222222222222222
370068,0.5714285714285714,0.07142857142857142,0.07142857142857142,0.2857142857142857
52407,0.23076923076923078,0.15384615384615385,0.0,0.6153846153846154
186610,0.3333333333333333,0.037037037037037035,0.037037037037037035,0.5925925925925926
53386,0.7272727272727273,0.045454545454545456,0.045454545454545456,0.18181818181818182
785343,0.3125,0.0625,0.0625,0.5625
162167,0.4444444444444444,0.2222222222222222,0.1111111111111111,0.2222222222222222
27751,0.5,0.14285714285714285,0.14285714285714285,0.21428571428571427
226314,0.5,0.125,0.125,0.25
53380,0.7058823529411765,0.058823529411764705,0.058823529411764705,0.17647058823529413
53384,0.47619047619047616,0.047619047619047616,0.09523809523809523,0.38095238095238093
144432,0.6153846153846154,0.038461538461538464,0.019230769230769232,0.3269230769230769
660974,0.375,0.0,0.375,0.25
783934,0.1,0.0,0.6,0.3
553371,0.21621621621621623,0.10810810810810811,0.24324324324324326,0.43243243243243246
379989,0.5,0.0,0.17647058823529413,0.3235294117647059
914321,0.6153846153846154,0.0,0.15384615384615385,0.23076923076923078
600396,0.5,0.08333333333333333,0.16666666666666666,0.25
723386,0.35714285714285715,0.0,0.35714285714285715,0.2857142857142857
602315,0.4166666666666667,0.0,0.16666666666666666,0.4166666666666667
345322,0.4,0.06666666666666667,0.06666666666666667,0.4666666666666667
648465,0.42857142857142855,0.14285714285714285,0.2857142857142857,0.14285714285714285
1151263,0.8333333333333334,0.0,0.0,0.16666666666666666
933496,0.2608695652173913,0.0,0.13043478260869565,0.6086956521739131
1028987,0.5,0.0,0.2,0.3
251297,0.46153846153846156,0.3076923076923077,0.15384615384615385,0.07692307692307693
927995,0.42857142857142855,0.0,0.14285714285714285,0.42857142857142855
539429,0.7777777777777778,0.0,0.1111111111111111,0.1111111111111111
934140,0.2727272727272727,0.0,0.09090909090909091,0.6363636363636364
691781,0.4,0.0,0.1,0.5
291484,0.4666666666666667,0.06666666666666667,0.2,0.26666666666666666
205876,0.5,0.07142857142857142,0.07142857142857142,0.35714285714285715
1056996,0.5,0.19230769230769232,0.0,0.3076923076923077
931625,0.4411764705882353,0.16176470588235295,0.22058823529411764,0.17647058823529413
931621,0.43283582089552236,0.13432835820895522,0.2537313432835821,0.1791044776119403
649926,0.5652173913043478,0.2608695652173913,0.043478260869565216,0.13043478260869565
229161,0.42857142857142855,0.0,0.0,0.5714285714285714
880649,0.7,0.1,0.1,0.1
695327,0.375,0.0,0.125,0.5
838703,0.5,0.0,0.0,0.5
766668,0.5555555555555556,0.0,0.1111111111111111,0.3333333333333333
150448,0.32,0.04,0.1,0.54
1020845,0.625,0.0,0.125,0.25
831454,0.16666666666666666,0.0,0.08333333333333333,0.75
628597,0.4,0.0,0.1,0.5
715576,0.13636363636363635,0.0,0.18181818181818182,0.6818181818181818
302182,0.3888888888888889,0.1111111111111111,0.1111111111111111,0.3888888888888889
510592,0.2222222222222222,0.0,0.0,0.7777777777777778
824222,0.2,0.0,0.2,0.6
636599,0.08333333333333333,0.0,0.19444444444444445,0.7222222222222222
479352,0.14285714285714285,0.0,0.14285714285714285,0.7142857142857143
924670,0.6666666666666666,0.0,0.0,0.3333333333333333
48784,0.325,0.025,0.05,0.6
371896,0.391304347826087,0.0,0.0,0.6086956521739131
223689,0.14814814814814814,0.0,0.18518518518518517,0.6666666666666666
1516531,0.4090909090909091,0.09090909090909091,0.2727272727272727,0.22727272727272727
857057,0.2,0.0,0.0,0.8
13271,0.6428571428571429,0.0,0.0,0.35714285714285715
5391691,0.48,0.04,0.0,0.48
309404,0.5,0.0625,0.0625,0.375
1526552,0.4868421052631579,0.06578947368421052,0.039473684210526314,0.40789473684210525
629576,0.5416666666666666,0.0,0.0,0.4583333333333333
103739,0.34146341463414637,0.0,0.024390243902439025,0.6341463414634146
1535168,0.26666666666666666,0.06666666666666667,0.0,0.6666666666666666
434577,0.8,0.0,0.0,0.2
396395,0.3157894736842105,0.10526315789473684,0.10526315789473684,0.47368421052631576
64703,0.48,0.04,0.0,0.48
394281,0.3333333333333333,0.0,0.0,0.6666666666666666
433824,1.0,0.0,0.0,0.0
210611,0.9230769230769231,0.0,0.0,0.07692307692307693
377984,0.8666666666666667,0.0,0.0,0.13333333333333333
518302,0.6666666666666666,0.0,0.1111111111111111,0.2222222222222222
710848,0.6,0.0,0.0,0.4
559778,0.36363636363636365,0.18181818181818182,0.09090909090909091,0.36363636363636365
490576,0.5555555555555556,0.0,0.1111111111111111,0.3333333333333333
453546,0.7058823529411765,0.058823529411764705,0.058823529411764705,0.17647058823529413
686619,0.375,0.0,0.125,0.5
587221,0.5,0.0,0.0,0.5
999251,0.3333333333333333,0.2222222222222222,0.0,0.4444444444444444
55305,0.5342465753424658,0.0136986301369863,0.0821917808219178,0.3698630136986301
564031,0.2916666666666667,0.041666666666666664,0.16666666666666666,0.5
594697,0.3,0.1,0.0,0.6
724627,0.6428571428571429,0.0,0.07142857142857142,0.2857142857142857
1092773,0.125,0.0,0.0,0.875
1054914,0.5714285714285714,0.0,0.0,0.42857142857142855
1104537,0.2727272727272727,0.0,0.0,0.7272727272727273
1289762,0.2222222222222222,0.1111111111111111,0.0,0.6666666666666666
572039,0.3333333333333333,0.041666666666666664,0.20833333333333334,0.4166666666666667
920390,0.23076923076923078,0.15384615384615385,0.15384615384615385,0.46153846153846156
305918,0.8333333333333334,0.041666666666666664,0.041666666666666664,0.08333333333333333
826066,0.4107142857142857,0.07142857142857142,0.07142857142857142,0.44642857142857145
302953,0.6470588235294118,0.0,0.029411764705882353,0.3235294117647059
538650,0.6666666666666666,0.0,0.0,0.3333333333333333
804189,0.25,0.75,0.0,0.0
783035,1.0,0.0,0.0,0.0
453771,0.8181818181818182,0.0,0.09090909090909091,0.09090909090909091
556236,0.6153846153846154,0.3076923076923077,0.0,0.07692307692307693
298731,0.6730769230769231,0.038461538461538464,0.07692307692307693,0.21153846153846154
495493,0.3076923076923077,0.07692307692307693,0.0,0.6153846153846154
1364122,0.25,0.0,0.25,0.5
1526496,0.3,0.05,0.1,0.55
296383,0.20833333333333334,0.041666666666666664,0.125,0.625
404343,0.5544554455445545,0.039603960396039604,0.06435643564356436,0.3415841584158416
516969,0.3333333333333333,0.4583333333333333,0.0,0.20833333333333334
39757,0.6046511627906976,0.023255813953488372,0.023255813953488372,0.3488372093023256
27351,0.47619047619047616,0.19047619047619047,0.14285714285714285,0.19047619047619047
561984,0.6875,0.0,0.0,0.3125
196007,0.875,0.0,0.0,0.125
740122,0.375,0.0,0.125,0.5
1418886,0.4,0.1,0.0,0.5
1222581,0.3939393939393939,0.030303030303030304,0.2727272727272727,0.30303030303030304
697856,0.4,0.1,0.2,0.3
425305,0.36363636363636365,0.0,0.12121212121212122,0.5151515151515151
856735,0.5714285714285714,0.14285714285714285,0.0,0.2857142857142857
447744,0.7,0.0,0.0,0.3
478216,0.5,0.0,0.25,0.25
960778,0.5454545454545454,0.0,0.0,0.45454545454545453
1363854,0.375,0.0,0.0625,0.5625
1131869,0.4,0.04,0.04,0.52
1229388,0.1111111111111111,0.0,0.0,0.8888888888888888
304073,0.6,0.0,0.0,0.4
1600204,0.7058823529411765,0.29411764705882354,0.0,0.0
74407,0.7272727272727273,0.09090909090909091,0.05454545454545454,0.12727272727272726
607580,0.35294117647058826,0.058823529411764705,0.17647058823529413,0.4117647058823529
43521,0.6842105263157895,0.0,0.0,0.3157894736842105
328058,0.5131578947368421,0.013157894736842105,0.05263157894736842,0.42105263157894735
348362,0.8125,0.0,0.0,0.1875
33493,0.7755102040816326,0.061224489795918366,0.0,0.16326530612244897
1068796,0.08333333333333333,0.0,0.08333333333333333,0.8333333333333334
383687,0.9411764705882353,0.0,0.058823529411764705,0.0
533229,0.7058823529411765,0.058823529411764705,0.0,0.23529411764705882
214361,0.3333333333333333,0.0,0.5,0.16666666666666666
85230,0.47368421052631576,0.0,0.0,0.5263157894736842
866424,0.8823529411764706,0.058823529411764705,0.0,0.058823529411764705
460948,0.10714285714285714,0.0,0.21428571428571427,0.6785714285714286
721962,0.23529411764705882,0.0,0.0,0.7647058823529411
577955,0.5,0.2,0.0,0.3
728239,1.0,0.0,0.0,0.0
1147989,0.08695652173913043,0.043478260869565216,0.30434782608695654,0.5652173913043478
1491949,0.2222222222222222,0.1111111111111111,0.0,0.6666666666666666
339026,0.2857142857142857,0.0,0.07142857142857142,0.6428571428571429
822670,0.6428571428571429,0.07142857142857142,0.0,0.2857142857142857
484752,0.5319148936170213,0.0,0.0,0.46808510638297873
807618,0.38461538461538464,0.0,0.07692307692307693,0.5384615384615384
655898,0.45,0.0,0.0,0.55
52928,0.176056338028169,0.04225352112676056,0.39436619718309857,0.3873239436619718
6401117,0.7,0.3,0.0,0.0
138888,0.13333333333333333,0.0,0.0,0.8666666666666667
519436,0.41818181818181815,0.01818181818181818,0.0,0.5636363636363636
1536140,0.34782608695652173,0.043478260869565216,0.043478260869565216,0.5652173913043478
731683,0.59375,0.09375,0.0,0.3125
1328883,1.0,0.0,0.0,0.0
2218045,0.3333333333333333,0.06666666666666667,0.0,0.6
5339820,0.7777777777777778,0.0,0.0,0.2222222222222222
330327,0.5384615384615384,0.0,0.15384615384615385,0.3076923076923077
759981,0.6153846153846154,0.07692307692307693,0.0,0.3076923076923077
917461,0.4,0.2,0.0,0.4
299874,1.0,0.0,0.0,0.0
80068,0.6296296296296297,0.0,0.0,0.37037037037037035
129483,0.9166666666666666,0.0,0.0,0.08333333333333333
984932,0.08,0.0,0.26,0.66
46005,0.5416666666666666,0.020833333333333332,0.041666666666666664,0.3958333333333333
1117092,0.7777777777777778,0.0,0.0,0.2222222222222222
950099,0.38095238095238093,0.14285714285714285,0.14285714285714285,0.3333333333333333
723045,0.6666666666666666,0.041666666666666664,0.041666666666666664,0.25
1122994,0.5833333333333334,0.08333333333333333,0.0,0.3333333333333333
787833,0.2549019607843137,0.0196078431372549,0.37254901960784315,0.35294117647058826
605816,0.25,0.0,0.125,0.625
5049232,0.5333333333333333,0.0,0.0,0.4666666666666667
1174347,0.2708333333333333,0.041666666666666664,0.14583333333333334,0.5416666666666666
1349695,0.2222222222222222,0.0,0.1111111111111111,0.6666666666666666
59281,0.48936170212765956,0.0,0.2127659574468085,0.2978723404255319
123093,0.25,0.0,0.0625,0.6875
122979,0.18604651162790697,0.0,0.09302325581395349,0.7209302325581395
1070017,0.5,0.0,0.0,0.5
1054284,0.2857142857142857,0.0,0.047619047619047616,0.6666666666666666
922535,0.2,0.0,0.06666666666666667,0.7333333333333333
123251,0.48484848484848486,0.0,0.18181818181818182,0.3333333333333333
275699,0.16666666666666666,0.0,0.047619047619047616,0.7857142857142857
275292,0.1794871794871795,0.0,0.10256410256410256,0.717948717948718
123226,0.2702702702702703,0.0,0.02702702702702703,0.7027027027027027
122511,0.21212121212121213,0.0,0.030303030303030304,0.7575757575757576
122795,0.28,0.0,0.0,0.72
419464,0.5,0.0,0.0,0.5
117253,0.34615384615384615,0.07692307692307693,0.11538461538461539,0.46153846153846156
554802,0.425,0.025,0.15,0.4
743721,0.18181818181818182,0.0,0.18181818181818182,0.6363636363636364
249139,0.7419354838709677,0.03225806451612903,0.0,0.22580645161290322
434343,0.25,0.0625,0.25,0.4375
691912,0.17391304347826086,0.043478260869565216,0.4782608695652174,0.30434782608695654
258443,0.4444444444444444,0.0,0.0,0.5555555555555556
832578,0.3333333333333333,0.0,0.08333333333333333,0.5833333333333334
527939,0.5,0.0,0.0,0.5
154228,0.4117647058823529,0.058823529411764705,0.11764705882352941,0.4117647058823529
449466,0.4375,0.125,0.03125,0.40625
539404,0.4444444444444444,0.16666666666666666,0.05555555555555555,0.3333333333333333
355271,0.6486486486486487,0.0,0.0,0.35135135135135137
516984,0.6,0.0,0.0,0.4
42193,0.4,0.12,0.16,0.32
167312,0.9,0.075,0.0,0.025
1248942,0.6666666666666666,0.0,0.3333333333333333,0.0
1238852,1.0,0.0,0.0,0.0
178826,0.25,0.0,0.0,0.75
1464236,0.5,0.0,0.0,0.5
623119,0.2727272727272727,0.0,0.09090909090909091,0.6363636363636364
1568119,0.3076923076923077,0.0,0.038461538461538464,0.6538461538461539
1005359,0.6666666666666666,0.1111111111111111,0.0,0.2222222222222222
556765,0.30434782608695654,0.08695652173913043,0.0,0.6086956521739131
131220,0.12903225806451613,0.03225806451612903,0.12903225806451613,0.7096774193548387
293429,0.6,0.0,0.0,0.4
383920,0.7619047619047619,0.09523809523809523,0.0,0.14285714285714285
2315114,0.47058823529411764,0.0,0.0,0.5294117647058824
159578,0.24,0.0,0.36,0.4
2070188,0.47368421052631576,0.05263157894736842,0.0,0.47368421052631576
1326964,0.2222222222222222,0.0,0.2222222222222222,0.5555555555555556
1359552,0.2222222222222222,0.1111111111111111,0.2222222222222222,0.4444444444444444
831028,0.1111111111111111,0.1111111111111111,0.1111111111111111,0.6666666666666666
345354,0.6190476190476191,0.09523809523809523,0.047619047619047616,0.23809523809523808
1446197,0.6666666666666666,0.0,0.0,0.3333333333333333
1391459,0.4,0.0,0.2,0.4
2047258,0.25,0.0,0.08333333333333333,0.6666666666666666
153806,0.5454545454545454,0.0,0.0,0.45454545454545453
186014,0.45454545454545453,0.09090909090909091,0.09090909090909091,0.36363636363636365
346295,0.25,0.125,0.125,0.5
433159,0.21739130434782608,0.043478260869565216,0.30434782608695654,0.43478260869565216
1145856,0.6666666666666666,0.0,0.18518518518518517,0.14814814814814814
223146,0.2727272727272727,0.0,0.09090909090909091,0.6363636363636364
1513119,0.2222222222222222,0.0,0.2777777777777778,0.5
1553733,0.4444444444444444,0.1111111111111111,0.2222222222222222,0.2222222222222222
55145,0.6521739130434783,0.043478260869565216,0.08695652173913043,0.21739130434782608
900075,0.5714285714285714,0.0,0.2857142857142857,0.14285714285714285
254930,0.8571428571428571,0.0,0.07142857142857142,0.07142857142857142
1266854,0.5384615384615384,0.0,0.07692307692307693,0.38461538461538464
561944,0.7142857142857143,0.0,0.14285714285714285,0.14285714285714285
766421,0.6666666666666666,0.02564102564102564,0.0,0.3076923076923077
397784,0.5,0.0,0.045454545454545456,0.45454545454545453
1035747,0.36363636363636365,0.0,0.0,0.6363636363636364
1208547,0.4444444444444444,0.0,0.0,0.5555555555555556
1547484,0.3333333333333333,0.0,0.16666666666666666,0.5
1364497,0.2857142857142857,0.0,0.14285714285714285,0.5714285714285714
1391156,0.3333333333333333,0.06666666666666667,0.0,0.6
692301,0.18181818181818182,0.0,0.5454545454545454,0.2727272727272727
451597,0.06666666666666667,0.0,0.13333333333333333,0.8
1105699,0.7073170731707317,0.06097560975609756,0.0,0.23170731707317074
953284,0.15384615384615385,0.0,0.0,0.8461538461538461
1014805,0.42105263157894735,0.0,0.0,0.5789473684210527
414406,0.25,0.0,0.0,0.75
747870,0.6785714285714286,0.0,0.0,0.32142857142857145
258962,0.4,0.0,0.06666666666666667,0.5333333333333333
1054429,0.16666666666666666,0.0,0.08333333333333333,0.75
84412,0.12142857142857143,0.007142857142857143,0.4714285714285714,0.4
61478,0.0625,0.0,0.3125,0.625
131497,0.2,0.0,0.1,0.7
1101259,0.6470588235294118,0.0,0.0,0.35294117647058826
123656,0.6111111111111112,0.05555555555555555,0.05555555555555555,0.2777777777777778
924071,0.46153846153846156,0.0,0.0,0.5384615384615384
1080563,0.5,0.14285714285714285,0.07142857142857142,0.2857142857142857
1360264,0.3,0.1,0.2,0.4
1420727,0.30434782608695654,0.043478260869565216,0.043478260869565216,0.6086956521739131
1501890,0.17647058823529413,0.11764705882352941,0.11764705882352941,0.5882352941176471
594151,0.35294117647058826,0.11764705882352941,0.058823529411764705,0.47058823529411764
766121,0.3333333333333333,0.047619047619047616,0.09523809523809523,0.5238095238095238
1179457,0.4,0.1,0.0,0.5
3600283,0.2,0.0,0.1,0.7
118553,0.20588235294117646,0.029411764705882353,0.11764705882352941,0.6470588235294118
5336480,0.3,0.0,0.1,0.6
72911,0.2916666666666667,0.6458333333333334,0.0,0.0625
497201,0.6,0.0,0.1,0.3
18069,0.2857142857142857,0.07142857142857142,0.07142857142857142,0.5714285714285714
265420,0.5614035087719298,0.0,0.24561403508771928,0.19298245614035087
505026,0.375,0.0625,0.125,0.4375
1507485,0.2916666666666667,0.0,0.041666666666666664,0.6666666666666666
144688,1.0,0.0,0.0,0.0
6595455,0.16666666666666666,0.0,0.0,0.8333333333333334
821110,0.5294117647058824,0.0,0.17647058823529413,0.29411764705882354
1100878,0.058823529411764705,0.0,0.058823529411764705,0.8823529411764706
479455,0.5454545454545454,0.09090909090909091,0.0,0.36363636363636365
657342,0.7692307692307693,0.0,0.0,0.23076923076923078
181355,0.12727272727272726,0.0,0.4909090909090909,0.38181818181818183
7092664,0.6153846153846154,0.0,0.0,0.38461538461538464
119125,0.45,0.0,0.0,0.55
797400,0.0,0.0,0.23076923076923078,0.7692307692307693
710956,0.3125,0.03125,0.03125,0.625
4068293,0.125,0.0,0.0,0.875
624744,0.8181818181818182,0.0,0.0,0.18181818181818182
183104,0.34615384615384615,0.0,0.0,0.6538461538461539
918115,0.59375,0.0,0.0,0.40625
949313,0.42857142857142855,0.0,0.0,0.5714285714285714
539357,0.4230769230769231,0.0,0.038461538461538464,0.5384615384615384
43395,0.39603960396039606,0.009900990099009901,0.04950495049504951,0.5445544554455446
37227,0.6,0.0,0.0,0.4
521068,0.5833333333333334,0.25,0.08333333333333333,0.08333333333333333
680460,0.19047619047619047,0.0,0.14285714285714285,0.6666666666666666
725893,0.6363636363636364,0.09090909090909091,0.0,0.2727272727272727
48898,0.3939393939393939,0.030303030303030304,0.0,0.5757575757575758
71304,0.06666666666666667,0.0,0.23333333333333334,0.7
92639,0.8,0.2,0.0,0.0
4341797,0.0625,0.0,0.0625,0.875
54579,0.7727272727272727,0.045454545454545456,0.0,0.18181818181818182
545697,0.33962264150943394,0.018867924528301886,0.11320754716981132,0.5283018867924528
37188,0.39285714285714285,0.0,0.0,0.6071428571428571
1148299,0.07692307692307693,0.0,0.07692307692307693,0.8461538461538461
819580,0.4166666666666667,0.0,0.0,0.5833333333333334
750009,0.8888888888888888,0.0,0.0,0.1111111111111111
1062995,0.0,0.0,0.5,0.5
1056629,0.7272727272727273,0.0,0.0,0.2727272727272727
332049,0.625,0.25,0.0,0.125
79952,0.5294117647058824,0.0,0.058823529411764705,0.4117647058823529
817841,0.07692307692307693,0.0,0.038461538461538464,0.8846153846153846
629073,0.7222222222222222,0.05555555555555555,0.0,0.2222222222222222
3116941,0.2,0.1,0.0,0.7
329392,0.15555555555555556,0.0,0.022222222222222223,0.8222222222222222
446597,0.2857142857142857,0.0,0.0,0.7142857142857143
287526,1.0,0.0,0.0,0.0
814140,0.3076923076923077,0.0,0.38461538461538464,0.3076923076923077
819150,0.23076923076923078,0.038461538461538464,0.0,0.7307692307692307
678096,0.6,0.0,0.1,0.3
18122,0.16666666666666666,0.041666666666666664,0.20833333333333334,0.5833333333333334
225588,0.8918918918918919,0.0,0.0,0.10810810810810811
949237,0.2608695652173913,0.0,0.17391304347826086,0.5652173913043478
1245190,0.0,0.0,0.2857142857142857,0.7142857142857143
907615,0.45454545454545453,0.0,0.0,0.5454545454545454
922036,0.21428571428571427,0.07142857142857142,0.0,0.7142857142857143
64198,0.7,0.0,0.0,0.3
1237316,0.875,0.0,0.0,0.125
1198078,0.1111111111111111,0.0,0.1111111111111111,0.7777777777777778
863645,0.15384615384615385,0.07692307692307693,0.0,0.7692307692307693
107065,0.6666666666666666,0.0,0.0,0.3333333333333333
171887,0.6296296296296297,0.037037037037037035,0.0,0.3333333333333333
285405,0.375,0.03125,0.03125,0.5625
192903,0.25,0.3333333333333333,0.0,0.4166666666666667
603066,0.38461538461538464,0.0,0.0,0.6153846153846154
39030,0.5789473684210527,0.05263157894736842,0.10526315789473684,0.2631578947368421
893430,0.375,0.0,0.0,0.625
77024,0.21739130434782608,0.043478260869565216,0.0,0.7391304347826086
100844,0.17073170731707318,0.024390243902439025,0.17073170731707318,0.6341463414634146
118739,0.34782608695652173,0.043478260869565216,0.2391304347826087,0.3695652173913043
524676,0.36363636363636365,0.045454545454545456,0.0,0.5909090909090909
375827,0.4444444444444444,0.0,0.2222222222222222,0.3333333333333333
450990,0.11764705882352941,0.0,0.4117647058823529,0.47058823529411764
393988,0.38461538461538464,0.0,0.15384615384615385,0.46153846153846156
1455007,0.16666666666666666,0.0,0.3333333333333333,0.5
202790,0.4,0.0,0.0,0.6
5851155,0.1111111111111111,0.1111111111111111,0.0,0.7777777777777778
192213,0.5652173913043478,0.0,0.08695652173913043,0.34782608695652173
238287,0.29411764705882354,0.0,0.0,0.7058823529411765
299760,0.7777777777777778,0.1111111111111111,0.0,0.1111111111111111
749147,0.2857142857142857,0.0,0.07142857142857142,0.6428571428571429
1135388,0.2,0.0,0.4,0.4
365686,0.3448275862068966,0.034482758620689655,0.0,0.6206896551724138
827435,0.35714285714285715,0.0,0.14285714285714285,0.5
1544015,0.3,0.0,0.4,0.3
44323,0.75,0.0,0.0,0.25
941777,0.5,0.0,0.0,0.5
61629,0.6,0.2,0.03333333333333333,0.16666666666666666
44139,0.25,0.0625,0.125,0.5625
1594488,0.5,0.0,0.0,0.5
1015176,0.375,0.0,0.16666666666666666,0.4583333333333333
1583872,0.375,0.0,0.0,0.625
2112284,0.3333333333333333,0.0,0.16666666666666666,0.5
2250926,0.18181818181818182,0.0,0.09090909090909091,0.7272727272727273
693749,0.625,0.03125,0.0,0.34375
664115,0.7222222222222222,0.0,0.05555555555555555,0.2222222222222222
469338,0.9347826086956522,0.0,0.0,0.06521739130434782
793698,0.5454545454545454,0.0,0.18181818181818182,0.2727272727272727
677207,0.3333333333333333,0.0,0.0,0.6666666666666666
5550065,0.125,0.0,0.0625,0.8125
6357291,0.6666666666666666,0.041666666666666664,0.125,0.16666666666666666
2514059,0.6428571428571429,0.07142857142857142,0.07142857142857142,0.21428571428571427
5773304,0.7857142857142857,0.0,0.0,0.21428571428571427
1418334,0.4782608695652174,0.0,0.0,0.5217391304347826
529285,0.17647058823529413,0.0,0.35294117647058826,0.47058823529411764
293772,0.717391304347826,0.021739130434782608,0.0,0.2608695652173913
820248,0.4117647058823529,0.11764705882352941,0.0,0.47058823529411764
1007105,0.8333333333333334,0.0,0.0,0.16666666666666666
1326951,0.0,0.0,0.2,0.8
1564431,0.6666666666666666,0.06666666666666667,0.0,0.26666666666666666
819613,0.0,0.0,0.1,0.9
437908,0.16666666666666666,0.0,0.0,0.8333333333333334
590756,0.3333333333333333,0.0,0.06666666666666667,0.6
200510,0.11904761904761904,0.023809523809523808,0.19047619047619047,0.6666666666666666
179710,0.29411764705882354,0.058823529411764705,0.17647058823529413,0.47058823529411764
3358795,0.5,0.0,0.0,0.5
4448867,0.8148148148148148,0.0,0.037037037037037035,0.14814814814814814
4059853,0.26666666666666666,0.0,0.13333333333333333,0.6
607933,0.6,0.1,0.0,0.3
900164,0.8181818181818182,0.0,0.0,0.18181818181818182
1462610,0.21428571428571427,0.0,0.0,0.7857142857142857
36802,0.08695652173913043,0.0,0.043478260869565216,0.8695652173913043
1065373,0.5714285714285714,0.14285714285714285,0.0,0.2857142857142857
1455988,0.25,0.0,0.0,0.75
4814386,0.25,0.0,0.375,0.375
1361106,0.46153846153846156,0.0,0.07692307692307693,0.46153846153846156
779328,0.5333333333333333,0.06666666666666667,0.2,0.2
6648107,0.14285714285714285,0.0,0.09523809523809523,0.7619047619047619
5763870,0.3333333333333333,0.08333333333333333,0.08333333333333333,0.5
442106,0.7619047619047619,0.0,0.047619047619047616,0.19047619047619047
1593814,0.10526315789473684,0.05263157894736842,0.05263157894736842,0.7894736842105263
6137489,0.35135135135135137,0.40540540540540543,0.10810810810810811,0.13513513513513514
355912,0.6666666666666666,0.26666666666666666,0.0,0.06666666666666667
6962774,0.42857142857142855,0.0,0.0,0.5714285714285714
1244692,0.2777777777777778,0.027777777777777776,0.1388888888888889,0.5555555555555556
960039,0.2857142857142857,0.0,0.3142857142857143,0.4
37135,0.5185185185185185,0.0,0.0,0.48148148148148145
986413,0.2,0.0,0.0,0.8
6571591,0.35714285714285715,0.07142857142857142,0.14285714285714285,0.42857142857142855
72589,0.3333333333333333,0.6666666666666666,0.0,0.0
179252,0.2,0.0,0.0,0.8
730181,0.68,0.28,0.04,0.0
2753659,0.1111111111111111,0.0,0.5555555555555556,0.3333333333333333
414883,0.05660377358490566,0.0,0.3584905660377358,0.5849056603773585
110016,0.64,0.08,0.0,0.28
336818,0.6060606060606061,0.0,0.0,0.3939393939393939
37740,0.3888888888888889,0.0,0.1111111111111111,0.5
484268,0.21052631578947367,0.0,0.3684210526315789,0.42105263157894735
918480,0.35714285714285715,0.35714285714285715,0.0,0.2857142857142857
447115,0.7777777777777778,0.0,0.0,0.2222222222222222
475461,0.5555555555555556,0.0,0.0,0.4444444444444444
37734,0.16477272727272727,0.0,0.3409090909090909,0.4943181818181818
119629,0.24,0.0,0.0,0.76
1097149,0.6,0.0,0.0,0.4
1010005,0.5833333333333334,0.0,0.05555555555555555,0.3611111111111111
834642,0.4666666666666667,0.5,0.03333333333333333,0.0
171244,0.8285714285714286,0.0,0.0,0.17142857142857143
287086,0.9285714285714286,0.07142857142857142,0.0,0.0
1001053,0.75,0.0,0.0,0.25
711844,0.7,0.0,0.1,0.2
174793,0.2112676056338028,0.0,0.0,0.7887323943661971
52359,0.5,0.5,0.0,0.0
945983,0.23076923076923078,0.0,0.038461538461538464,0.7307692307692307
75346,0.25,0.0,0.0,0.75
666027,0.21212121212121213,0.0,0.36363636363636365,0.42424242424242425
34618,0.5833333333333334,0.125,0.0,0.2916666666666667
561873,0.36363636363636365,0.09090909090909091,0.09090909090909091,0.45454545454545453
980474,0.3333333333333333,0.0,0.26666666666666666,0.4
1491758,0.38235294117647056,0.0,0.0,0.6176470588235294
75121,0.391304347826087,0.028985507246376812,0.36231884057971014,0.21739130434782608
962115,0.7857142857142857,0.07142857142857142,0.0,0.14285714285714285
1145804,0.4166666666666667,0.041666666666666664,0.08333333333333333,0.4583333333333333
1439384,0.2692307692307692,0.038461538461538464,0.07692307692307693,0.6153846153846154
387441,0.14285714285714285,0.0,0.14285714285714285,0.7142857142857143
295774,0.18181818181818182,0.0,0.0,0.8181818181818182
1068237,0.3333333333333333,0.16666666666666666,0.0,0.5
1459420,0.8,0.2,0.0,0.0
485962,0.07692307692307693,0.07692307692307693,0.38461538461538464,0.46153846153846156
1336619,0.4444444444444444,0.0,0.0,0.5555555555555556
1445173,0.0,0.0,0.0,1.0
51846,0.5161290322580645,0.0,0.03225806451612903,0.45161290322580644
854199,0.9230769230769231,0.0,0.0,0.07692307692307693
339548,0.25,0.0,0.125,0.625
638848,0.038461538461538464,0.0,0.6538461538461539,0.3076923076923077
87874,0.2857142857142857,0.0,0.0,0.7142857142857143
59750,0.4,0.1,0.3,0.2
7413632,0.631578947368421,0.0,0.0,0.3684210526315789
7413618,0.6333333333333333,0.0,0.0,0.36666666666666664
7413589,0.6470588235294118,0.0,0.0,0.35294117647058826
7346459,0.40384615384615385,0.0,0.23076923076923078,0.36538461538461536
166130,0.5,0.1,0.0,0.4
320430,0.46153846153846156,0.07692307692307693,0.0,0.46153846153846156
7210574,0.13157894736842105,0.0,0.0,0.868421052631579
33476,0.23076923076923078,0.0,0.1794871794871795,0.5897435897435898
5885114,0.47058823529411764,0.058823529411764705,0.058823529411764705,0.4117647058823529
656557,0.5555555555555556,0.0,0.0,0.4444444444444444
119763,0.4027777777777778,0.0,0.08333333333333333,0.5138888888888888
206011,0.3684210526315789,0.0,0.05263157894736842,0.5789473684210527
249775,0.4782608695652174,0.08695652173913043,0.043478260869565216,0.391304347826087
722539,0.42857142857142855,0.0,0.14285714285714285,0.42857142857142855
1942440,0.3076923076923077,0.0,0.23076923076923078,0.46153846153846156
114320,0.2727272727272727,0.0,0.0,0.7272727272727273
336366,0.14285714285714285,0.0,0.14285714285714285,0.7142857142857143
1092134,0.36363636363636365,0.0,0.0,0.6363636363636364
501579,0.3333333333333333,0.0,0.0,0.6666666666666666
6820907,0.8888888888888888,0.1111111111111111,0.0,0.0
1029613,0.7142857142857143,0.0,0.0,0.2857142857142857
592166,0.6923076923076923,0.1282051282051282,0.0,0.1794871794871795
6884212,0.631578947368421,0.07894736842105263,0.13157894736842105,0.15789473684210525
6734778,0.12,0.0,0.04,0.84
589499,0.3181818181818182,0.0,0.045454545454545456,0.6363636363636364
6643369,0.6,0.2,0.0,0.2
916331,0.5,0.0,0.0,0.5
1000254,0.5,0.0,0.0,0.5
347602,0.3333333333333333,0.0,0.2916666666666667,0.375
377364,0.4,0.0,0.0,0.6
809267,0.38095238095238093,0.0,0.0,0.6190476190476191
226030,0.3958333333333333,0.0,0.041666666666666664,0.5625
652827,0.7142857142857143,0.14285714285714285,0.07142857142857142,0.07142857142857142
841645,0.36363636363636365,0.36363636363636365,0.0,0.2727272727272727
580199,0.7142857142857143,0.14285714285714285,0.07142857142857142,0.07142857142857142
530736,0.4666666666666667,0.06666666666666667,0.0,0.4666666666666667
711841,0.6923076923076923,0.0,0.0,0.3076923076923077
1312141,0.2,0.0,0.5,0.3
857251,0.48148148148148145,0.07407407407407407,0.0,0.4444444444444444
384470,0.40540540540540543,0.10810810810810811,0.05405405405405406,0.43243243243243246
44590,0.6666666666666666,0.13333333333333333,0.0,0.2
1064102,0.6666666666666666,0.0,0.0,0.3333333333333333
1704746,0.0,0.4,0.2,0.4
464183,0.631578947368421,0.0,0.0,0.3684210526315789
857744,0.7727272727272727,0.0,0.0,0.22727272727272727
6250062,0.6153846153846154,0.38461538461538464,0.0,0.0
524399,0.09090909090909091,0.0,0.2727272727272727,0.6363636363636364
1428686,0.4,0.2,0.2,0.2
1429898,0.375,0.0,0.0,0.625
6496903,0.2,0.0,0.3,0.5
6144259,0.0,0.0,0.0,1.0
153402,0.6511627906976745,0.06976744186046512,0.0,0.27906976744186046
543945,0.717391304347826,0.043478260869565216,0.0,0.2391304347826087
233307,0.56,0.44,0.0,0.0
497297,0.9285714285714286,0.0,0.0,0.07142857142857142
74933,0.6666666666666666,0.0,0.1111111111111111,0.2222222222222222
410701,0.43478260869565216,0.13043478260869565,0.13043478260869565,0.30434782608695654
75000,0.08,0.04,0.2,0.68
441535,0.8235294117647058,0.058823529411764705,0.058823529411764705,0.058823529411764705
1578145,0.14285714285714285,0.0,0.42857142857142855,0.42857142857142855
677094,0.6875,0.0,0.0625,0.25
191369,0.9069767441860465,0.023255813953488372,0.0,0.06976744186046512
354785,0.75,0.0,0.05,0.2
414803,0.1,0.0,0.1,0.8
472621,0.32,0.0,0.0,0.68
348164,0.3,0.0,0.1,0.6
512894,0.14285714285714285,0.0,0.42857142857142855,0.42857142857142855
606608,0.05,0.05,0.0,0.9
79269,0.5,0.058823529411764705,0.14705882352941177,0.29411764705882354
304765,0.6785714285714286,0.0,0.017857142857142856,0.30357142857142855
520598,0.7894736842105263,0.0,0.0,0.21052631578947367
30984,0.6486486486486487,0.16216216216216217,0.0,0.1891891891891892
118681,0.25,0.0,0.08333333333333333,0.6666666666666666
388492,0.25,0.0,0.375,0.375
232814,0.19047619047619047,0.3333333333333333,0.09523809523809523,0.38095238095238093
773983,0.65,0.0,0.05,0.3
840431,1.0,0.0,0.0,0.0
1015081,0.25,0.0,0.0,0.75
1536896,0.5416666666666666,0.0,0.0,0.4583333333333333
224562,0.2,0.6,0.0,0.2
51511,0.4117647058823529,0.0,0.0,0.5882352941176471
6525238,0.7333333333333333,0.06666666666666667,0.0,0.2
6970392,0.1,0.0,0.3,0.6
409024,0.125,0.041666666666666664,0.16666666666666666,0.6666666666666666
316792,0.8947368421052632,0.05263157894736842,0.0,0.05263157894736842
161728,0.3333333333333333,0.0,0.06666666666666667,0.6
814763,0.5714285714285714,0.2857142857142857,0.07142857142857142,0.07142857142857142
17464,0.2608695652173913,0.0,0.391304347826087,0.34782608695652173
27208,0.6666666666666666,0.0,0.0,0.3333333333333333
27865,0.5384615384615384,0.0,0.0,0.46153846153846156
27828,0.5555555555555556,0.0,0.022222222222222223,0.4222222222222222
27510,0.5384615384615384,0.0,0.15384615384615385,0.3076923076923077
27444,0.3953488372093023,0.2558139534883721,0.06976744186046512,0.27906976744186046
1411206,0.02040816326530612,0.01020408163265306,0.2857142857142857,0.6836734693877551
1186287,0.4166666666666667,0.0,0.0,0.5833333333333334
1431080,0.11538461538461539,0.0,0.038461538461538464,0.8461538461538461
1024528,0.11538461538461539,0.0,0.15384615384615385,0.7307692307692307
1603254,0.0,0.0,0.1875,0.8125
1718632,0.7,0.0,0.0,0.3
1568209,0.125,0.0,0.0,0.875
1484296,0.25,0.0,0.0,0.75
6088464,0.5333333333333333,0.0,0.0,0.4666666666666667
90867,0.42857142857142855,0.5714285714285714,0.0,0.0
928783,0.4,0.2,0.0,0.4
398228,0.5555555555555556,0.0,0.0,0.4444444444444444
299872,0.7586206896551724,0.034482758620689655,0.034482758620689655,0.1724137931034483
1592752,0.2222222222222222,0.1111111111111111,0.0,0.6666666666666666
807836,0.17647058823529413,0.0,0.29411764705882354,0.5294117647058824
1439848,0.0,0.0,0.5714285714285714,0.42857142857142855
55748,0.5964912280701754,0.017543859649122806,0.0,0.38596491228070173
591255,0.6,0.3,0.0,0.1
1174927,0.07692307692307693,0.0,0.038461538461538464,0.8846153846153846
553406,0.38461538461538464,0.0,0.11538461538461539,0.5
6438561,0.5,0.0,0.041666666666666664,0.4583333333333333
48092,0.5882352941176471,0.029411764705882353,0.029411764705882353,0.35294117647058826
881121,0.6470588235294118,0.0,0.0,0.35294117647058826
338742,0.25,0.0,0.0625,0.6875
733385,0.5833333333333334,0.3333333333333333,0.0,0.08333333333333333
229369,0.5454545454545454,0.0,0.18181818181818182,0.2727272727272727
1210045,0.7857142857142857,0.07142857142857142,0.0,0.14285714285714285
194939,0.0,0.0,0.3333333333333333,0.6666666666666666
748438,0.8235294117647058,0.0,0.0784313725490196,0.09803921568627451
1237241,0.2727272727272727,0.0,0.13636363636363635,0.5909090909090909
622854,0.15,0.0,0.2,0.65
470927,0.01818181818181818,0.0,0.45454545454545453,0.5272727272727272
312478,0.05263157894736842,0.0,0.05263157894736842,0.8947368421052632
312681,0.21052631578947367,0.05263157894736842,0.21052631578947367,0.5263157894736842
1490647,1.0,0.0,0.0,0.0
1048913,0.0,0.0,0.2,0.8
24808,0.25806451612903225,0.0,0.2903225806451613,0.45161290322580644
492487,0.34782608695652173,0.043478260869565216,0.17391304347826086,0.43478260869565216
4511718,0.42857142857142855,0.0,0.0,0.5714285714285714
1575861,0.8333333333333334,0.0,0.0,0.16666666666666666
314481,0.4358974358974359,0.0,0.0,0.5641025641025641
393706,0.125,0.0,0.1875,0.6875
79944,0.6153846153846154,0.11538461538461539,0.038461538461538464,0.23076923076923078
1247203,0.9310344827586207,0.0,0.0,0.06896551724137931
815202,0.1702127659574468,0.1276595744680851,0.0425531914893617,0.6595744680851063
811628,0.4444444444444444,0.1111111111111111,0.1111111111111111,0.3333333333333333
612323,0.8571428571428571,0.0,0.0,0.14285714285714285
76483,0.6666666666666666,0.1111111111111111,0.0,0.2222222222222222
787871,0.7,0.0,0.0,0.3
399748,0.6923076923076923,0.0,0.07692307692307693,0.23076923076923078
799006,0.5,0.0,0.0,0.5
542536,0.45454545454545453,0.0,0.0,0.5454545454545454
512418,0.9,0.0,0.0,0.1
475385,0.6,0.0,0.1,0.3
923849,0.5,0.0,0.0,0.5
596281,0.8888888888888888,0.0,0.0,0.1111111111111111
706540,0.7272727272727273,0.045454545454545456,0.0,0.22727272727272727
441764,0.35714285714285715,0.0,0.0,0.6428571428571429
399776,0.7777777777777778,0.0,0.0,0.2222222222222222
41090,0.7083333333333334,0.125,0.041666666666666664,0.125
129843,0.5,0.18181818181818182,0.0,0.3181818181818182
174832,0.4230769230769231,0.46153846153846156,0.0,0.11538461538461539
43612,0.96,0.0,0.0,0.04
9938,0.5333333333333333,0.0,0.06666666666666667,0.4
53349,0.7272727272727273,0.0,0.0,0.2727272727272727
67384,0.5272727272727272,0.3090909090909091,0.0,0.16363636363636364
365817,0.2777777777777778,0.05555555555555555,0.05555555555555555,0.6111111111111112
1295572,0.045454545454545456,0.0,0.13636363636363635,0.8181818181818182
1355043,0.13333333333333333,0.0,0.13333333333333333,0.7333333333333333
6571506,0.4,0.2,0.1,0.3
121652,0.25,0.0625,0.0625,0.625
955898,0.6,0.1,0.0,0.3
6623254,0.37209302325581395,0.09302325581395349,0.09302325581395349,0.4418604651162791
128958,0.3333333333333333,0.09523809523809523,0.09523809523809523,0.47619047619047616
92462,0.6666666666666666,0.06666666666666667,0.0,0.26666666666666666
590403,0.35714285714285715,0.0,0.10714285714285714,0.5357142857142857
7193591,0.22033898305084745,0.1016949152542373,0.4576271186440678,0.22033898305084745
3427330,0.75,0.0625,0.0625,0.125
625220,0.872093023255814,0.11627906976744186,0.011627906976744186,0.0
276252,0.6785714285714286,0.14285714285714285,0.03571428571428571,0.14285714285714285
44023,0.375,0.0,0.125,0.5
27356,0.6666666666666666,0.0,0.0,0.3333333333333333
266240,0.36363636363636365,0.0,0.0,0.6363636363636364
238220,0.5833333333333334,0.08333333333333333,0.0,0.3333333333333333
337574,0.21052631578947367,0.0,0.42105263157894735,0.3684210526315789
561449,0.625,0.125,0.0,0.25
657231,0.75,0.0,0.08333333333333333,0.16666666666666666
1600096,0.25,0.0,0.0,0.75
253620,0.375,0.0,0.0625,0.5625
230564,0.5625,0.0,0.0625,0.375
39315,0.28125,0.0,0.125,0.59375
1104124,0.6,0.05,0.05,0.3
497792,0.6,0.13333333333333333,0.0,0.26666666666666666
78727,0.35294117647058826,0.058823529411764705,0.058823529411764705,0.5294117647058824
173892,0.6363636363636364,0.12121212121212122,0.030303030303030304,0.21212121212121213
475278,0.5333333333333333,0.0,0.06666666666666667,0.4
345765,0.21428571428571427,0.21428571428571427,0.14285714285714285,0.42857142857142855
178246,0.4166666666666667,0.0,0.0,0.5833333333333334
507911,0.5714285714285714,0.14285714285714285,0.14285714285714285,0.14285714285714285
909336,0.0,0.0,0.0,1.0
729456,0.42857142857142855,0.07142857142857142,0.07142857142857142,0.42857142857142855
301377,0.4,0.0,0.3,0.3
144725,0.6774193548387096,0.06451612903225806,0.03225806451612903,0.22580645161290322
496011,0.3076923076923077,0.15384615384615385,0.07692307692307693,0.46153846153846156
84737,0.4166666666666667,0.08333333333333333,0.0,0.5
388933,0.5625,0.0625,0.125,0.25
360100,0.35294117647058826,0.11764705882352941,0.23529411764705882,0.29411764705882354
421620,0.7258064516129032,0.03225806451612903,0.016129032258064516,0.22580645161290322
337479,0.3,0.3,0.1,0.3
3930798,0.5833333333333334,0.3333333333333333,0.0,0.08333333333333333
13981,0.64,0.08,0.0,0.28
324596,0.1,0.0,0.15,0.75
723787,0.25,0.0,0.0,0.75
547660,0.5,0.0,0.0625,0.4375
2227604,0.18181818181818182,0.0,0.0,0.8181818181818182
1207491,0.45,0.0,0.1,0.45
6690864,0.0,0.0,0.0,1.0
6690999,0.0625,0.0,0.0625,0.875
6653352,0.09090909090909091,0.0,0.0,0.9090909090909091
1355299,0.16666666666666666,0.16666666666666666,0.16666666666666666,0.5
1375761,0.3333333333333333,0.0,0.4166666666666667,0.25
948541,0.42857142857142855,0.07142857142857142,0.14285714285714285,0.35714285714285715
1208543,0.3125,0.1875,0.125,0.375
732173,0.35714285714285715,0.14285714285714285,0.14285714285714285,0.35714285714285715
1336961,0.1875,0.0,0.125,0.6875
254062,0.15789473684210525,0.0,0.10526315789473684,0.7368421052631579
1247057,0.2,0.0,0.13333333333333333,0.6666666666666666
13141,0.36363636363636365,0.0,0.2727272727272727,0.36363636363636365
877388,0.2857142857142857,0.07142857142857142,0.2857142857142857,0.35714285714285715
414776,0.09090909090909091,0.18181818181818182,0.09090909090909091,0.6363636363636364
169397,0.14583333333333334,0.020833333333333332,0.0625,0.7708333333333334
394915,0.35714285714285715,0.07142857142857142,0.0,0.5714285714285714
43653,0.5714285714285714,0.14285714285714285,0.0,0.2857142857142857
342047,0.5555555555555556,0.0,0.0,0.4444444444444444
523698,0.18181818181818182,0.0,0.2727272727272727,0.5454545454545454
1380495,0.47058823529411764,0.0,0.0,0.5294117647058824
1510761,0.2857142857142857,0.0,0.0,0.7142857142857143
103907,0.4782608695652174,0.0,0.08695652173913043,0.43478260869565216
506982,0.8,0.0,0.0,0.2
414314,0.10526315789473684,0.05263157894736842,0.0,0.8421052631578947
581252,0.23684210526315788,0.07894736842105263,0.3157894736842105,0.3684210526315789
305123,0.7105263157894737,0.2894736842105263,0.0,0.0
1446447,0.4583333333333333,0.08333333333333333,0.125,0.3333333333333333
689048,0.8181818181818182,0.18181818181818182,0.0,0.0
1441754,0.45,0.15,0.2,0.2
561154,0.43478260869565216,0.043478260869565216,0.0,0.5217391304347826
6719485,0.5,0.0,0.0,0.5
556321,0.7857142857142857,0.0,0.0,0.21428571428571427
1430070,0.5909090909090909,0.0,0.22727272727272727,0.18181818181818182
37208,0.5,0.0,0.0,0.5
43147,0.5882352941176471,0.17647058823529413,0.0,0.23529411764705882
1117493,0.3333333333333333,0.06666666666666667,0.4666666666666667,0.13333333333333333
6348869,0.4,0.0,0.2,0.4
1200718,0.2857142857142857,0.0,0.14285714285714285,0.5714285714285714
50640,0.625,0.0,0.041666666666666664,0.3333333333333333
1504465,0.2,0.2,0.3,0.3
6919513,0.75,0.20833333333333334,0.0,0.041666666666666664
590853,0.6363636363636364,0.0,0.0,0.36363636363636365
7143733,0.0,0.0,0.4,0.6
1204143,0.06666666666666667,0.0,0.03333333333333333,0.9
409114,0.6,0.2,0.0,0.2
6913404,0.6666666666666666,0.0,0.08333333333333333,0.25
73536,0.3333333333333333,0.0,0.0,0.6666666666666666
426363,0.23076923076923078,0.0,0.0,0.7692307692307693
1279170,0.6756756756756757,0.0,0.0,0.32432432432432434
234634,0.75,0.0,0.0,0.25
281485,0.6923076923076923,0.0,0.07692307692307693,0.23076923076923078
1135120,0.07692307692307693,0.07692307692307693,0.23076923076923078,0.6153846153846154
305102,0.6666666666666666,0.3333333333333333,0.0,0.0
202975,0.5555555555555556,0.037037037037037035,0.0,0.4074074074074074
1268195,0.375,0.0,0.125,0.5
848738,1.0,0.0,0.0,0.0
285465,0.8857142857142857,0.0,0.0,0.11428571428571428
6784230,0.9090909090909091,0.09090909090909091,0.0,0.0
957619,0.625,0.0,0.08333333333333333,0.2916666666666667
601889,0.4444444444444444,0.4444444444444444,0.0,0.1111111111111111
399294,0.9090909090909091,0.0,0.0,0.09090909090909091
559911,0.3488372093023256,0.0,0.0,0.6511627906976745
33465,0.6470588235294118,0.0,0.029411764705882353,0.3235294117647059
346355,0.25,0.0,0.35,0.4
785250,0.16666666666666666,0.0,0.0,0.8333333333333334
730377,0.5714285714285714,0.0,0.0,0.42857142857142855
281809,0.5,0.0,0.0,0.5
1542144,0.05555555555555555,0.0,0.05555555555555555,0.8888888888888888
600145,0.4722222222222222,0.0,0.16666666666666666,0.3611111111111111
6366959,0.7916666666666666,0.041666666666666664,0.0,0.16666666666666666
38646,0.10204081632653061,0.0,0.3673469387755102,0.5306122448979592
865413,0.35,0.05,0.0,0.6
1180365,0.08695652173913043,0.0,0.08695652173913043,0.8260869565217391
641773,0.4444444444444444,0.0,0.3333333333333333,0.2222222222222222
7191739,0.06666666666666667,0.0,0.7333333333333333,0.2
602008,0.5833333333333334,0.0,0.0,0.4166666666666667
387548,0.5909090909090909,0.0,0.0,0.4090909090909091
1419813,0.6,0.0,0.0,0.4
736719,0.08333333333333333,0.08333333333333333,0.0,0.8333333333333334
6999062,0.0,0.0,0.0,1.0
1309975,0.5,0.0,0.0,0.5
606335,0.2,0.0,0.06666666666666667,0.7333333333333333
1506699,0.08333333333333333,0.0,0.3333333333333333,0.5833333333333334
59908,0.5128205128205128,0.02564102564102564,0.0,0.46153846153846156
2659431,0.1,0.0,0.3,0.6
1549135,0.8181818181818182,0.18181818181818182,0.0,0.0
120731,0.4444444444444444,0.0,0.1111111111111111,0.4444444444444444
75382,0.3333333333333333,0.03333333333333333,0.0,0.6333333333333333
1040979,0.8,0.03076923076923077,0.0,0.16923076923076924
702474,0.3,0.0,0.1,0.6
98130,0.475,0.0,0.0,0.525
315035,0.7333333333333333,0.022222222222222223,0.0,0.24444444444444444
1139411,0.36363636363636365,0.0,0.0,0.6363636363636364
55474,0.45454545454545453,0.0,0.13636363636363635,0.4090909090909091
925257,0.9090909090909091,0.045454545454545456,0.0,0.045454545454545456
821372,0.21052631578947367,0.10526315789473684,0.0,0.6842105263157895
495484,0.6086956521739131,0.17391304347826086,0.0,0.21739130434782608
206699,0.625,0.0,0.125,0.25
701942,0.16666666666666666,0.0,0.0,0.8333333333333334
1110767,0.6875,0.125,0.0,0.1875
1412540,0.1111111111111111,0.0,0.0,0.8888888888888888
46966,0.5342465753424658,0.0958904109589041,0.0,0.3698630136986301
801730,0.4,0.0,0.0,0.6
940233,0.6,0.0,0.0,0.4
53767,0.7954545454545454,0.1590909090909091,0.022727272727272728,0.022727272727272728
466973,0.10526315789473684,0.0,0.21052631578947367,0.6842105263157895
427622,0.75,0.0,0.0,0.25
174163,0.5454545454545454,0.0,0.0,0.45454545454545453
223994,0.75,0.0,0.125,0.125
513460,0.65,0.0,0.0,0.35
329368,0.09523809523809523,0.0,0.09523809523809523,0.8095238095238095
58429,0.8888888888888888,0.05555555555555555,0.0,0.05555555555555555
39022,0.9,0.0,0.0,0.1
33466,0.3253012048192771,0.024096385542168676,0.26506024096385544,0.3855421686746988
209266,0.47368421052631576,0.0,0.0,0.5263157894736842
314784,0.23076923076923078,0.0,0.38461538461538464,0.38461538461538464
39971,0.65625,0.09375,0.0625,0.1875
300082,0.8823529411764706,0.0,0.11764705882352941,0.0
3313494,0.75,0.125,0.0,0.125
920952,0.2857142857142857,0.0,0.14285714285714285,0.5714285714285714
249571,0.6666666666666666,0.125,0.041666666666666664,0.16666666666666666
43999,0.15384615384615385,0.0,0.2692307692307692,0.5769230769230769
1592828,0.05263157894736842,0.0,0.0,0.9473684210526315
490236,0.4,0.0,0.2,0.4
440376,0.7857142857142857,0.0,0.0,0.21428571428571427
730124,0.3888888888888889,0.0,0.0,0.6111111111111112
591199,0.3125,0.125,0.5,0.0625
555444,0.6296296296296297,0.1111111111111111,0.0,0.25925925925925924
106793,0.4117647058823529,0.0,0.0,0.5882352941176471
33482,0.18181818181818182,0.0,0.09090909090909091,0.7272727272727273
35800,0.45454545454545453,0.22727272727272727,0.045454545454545456,0.2727272727272727
709723,0.32608695652173914,0.0,0.021739130434782608,0.6521739130434783
6528651,0.16666666666666666,0.0,0.0,0.8333333333333334
437655,0.5333333333333333,0.0,0.06666666666666667,0.4
98166,0.46153846153846156,0.038461538461538464,0.0,0.5
309810,0.6857142857142857,0.05714285714285714,0.0,0.2571428571428571
705606,0.8181818181818182,0.0,0.0,0.18181818181818182
221259,0.6875,0.0625,0.0,0.25
584330,0.5714285714285714,0.0,0.0,0.42857142857142855
6012012,0.38461538461538464,0.0,0.07692307692307693,0.5384615384615384
126411,0.5813953488372093,0.06976744186046512,0.0,0.3488372093023256
35633,0.125,0.0,0.3125,0.5625
934340,0.2,0.1,0.4,0.3
6425072,0.25,0.0,0.125,0.625
962477,0.5,0.0,0.1,0.4
787828,0.8571428571428571,0.14285714285714285,0.0,0.0
78955,0.4375,0.0,0.125,0.4375
1382566,1.0,0.0,0.0,0.0
75305,0.30303030303030304,0.030303030303030304,0.09090909090909091,0.5757575757575758
6589984,0.4,0.0,0.1,0.5
166005,0.7058823529411765,0.0,0.0,0.29411764705882354
231742,0.4444444444444444,0.4444444444444444,0.0,0.1111111111111111
65467,0.5625,0.0,0.0,0.4375
82699,0.5,0.1,0.0,0.4
1101350,0.8181818181818182,0.0,0.0,0.18181818181818182
57084,0.4444444444444444,0.0,0.0,0.5555555555555556
37234,0.04878048780487805,0.0,0.3902439024390244,0.5609756097560976
696770,0.9090909090909091,0.0,0.0,0.09090909090909091
23779,0.7096774193548387,0.16129032258064516,0.03225806451612903,0.0967741935483871
99527,0.7735849056603774,0.11320754716981132,0.0,0.11320754716981132
433161,0.7777777777777778,0.05555555555555555,0.0,0.16666666666666666
34330,0.6785714285714286,0.03571428571428571,0.0,0.2857142857142857
627662,0.25,0.0,0.125,0.625
33499,0.391304347826087,0.0,0.0,0.6086956521739131
848430,0.45454545454545453,0.09090909090909091,0.0,0.45454545454545453
5718022,0.5238095238095238,0.0,0.14285714285714285,0.3333333333333333
445556,0.5714285714285714,0.0,0.047619047619047616,0.38095238095238093
711706,0.4375,0.0,0.0,0.5625
37236,0.8,0.0,0.0,0.2
34326,0.45,0.1,0.35,0.1
116262,0.5,0.0,0.25,0.25
709597,0.36666666666666664,0.1,0.0,0.5333333333333333
109659,0.9090909090909091,0.0,0.0,0.09090909090909091
862602,0.42857142857142855,0.0,0.0,0.5714285714285714
194882,0.5384615384615384,0.0,0.23076923076923078,0.23076923076923078
396347,0.4444444444444444,0.0,0.1111111111111111,0.4444444444444444
657752,0.2857142857142857,0.0,0.14285714285714285,0.5714285714285714
139332,0.7777777777777778,0.0,0.1111111111111111,0.1111111111111111
616501,0.8823529411764706,0.058823529411764705,0.0,0.058823529411764705
925032,0.6923076923076923,0.0,0.0,0.3076923076923077
41723,0.5714285714285714,0.0,0.07142857142857142,0.35714285714285715
404974,0.6666666666666666,0.0,0.0,0.3333333333333333
639790,0.23076923076923078,0.0,0.0,0.7692307692307693
186683,0.5942028985507246,0.08695652173913043,0.014492753623188406,0.30434782608695654
49071,0.34782608695652173,0.0,0.0,0.6521739130434783
579161,0.4166666666666667,0.08333333333333333,0.0,0.5
420422,0.6,0.0,0.0,0.4
75318,0.21428571428571427,0.0,0.07142857142857142,0.7142857142857143
109026,0.4444444444444444,0.1111111111111111,0.0,0.4444444444444444
37224,0.42857142857142855,0.0,0.0,0.5714285714285714
80075,0.1111111111111111,0.2222222222222222,0.0,0.6666666666666666
80058,0.45454545454545453,0.09090909090909091,0.09090909090909091,0.36363636363636365
80040,0.5714285714285714,0.09523809523809523,0.047619047619047616,0.2857142857142857
79953,0.6666666666666666,0.0,0.08333333333333333,0.25
78945,0.6153846153846154,0.0,0.0,0.38461538461538464
78721,0.16666666666666666,0.0,0.06666666666666667,0.7666666666666667
76504,0.8181818181818182,0.0,0.0,0.18181818181818182
76481,0.7777777777777778,0.0,0.0,0.2222222222222222
76414,0.8,0.0,0.0,0.2
76407,0.25,0.0,0.0,0.75
75208,0.21428571428571427,0.0,0.14285714285714285,0.6428571428571429
51529,0.28,0.0,0.12,0.6
65509,0.75,0.0,0.0,0.25
65472,0.7,0.1,0.1,0.1
64512,0.5833333333333334,0.0,0.0,0.4166666666666667
63901,0.45454545454545453,0.0,0.18181818181818182,0.36363636363636365
63900,0.5,0.1,0.1,0.3
59887,0.6153846153846154,0.0,0.07692307692307693,0.3076923076923077
57074,0.6363636363636364,0.0,0.09090909090909091,0.2727272727272727
58448,0.8,0.06666666666666667,0.0,0.13333333333333333
57563,0.47058823529411764,0.17647058823529413,0.11764705882352941,0.23529411764705882
57072,0.7142857142857143,0.21428571428571427,0.0,0.07142857142857142
44596,0.375,0.125,0.0,0.5
38608,0.7391304347826086,0.043478260869565216,0.0,0.21739130434782608
36985,0.6666666666666666,0.0,0.047619047619047616,0.2857142857142857
35140,0.4444444444444444,0.05555555555555555,0.05555555555555555,0.4444444444444444
34328,0.2857142857142857,0.0,0.14285714285714285,0.5714285714285714
33497,0.6,0.0,0.1,0.3
34311,0.25252525252525254,0.0,0.25252525252525254,0.494949494949495
34305,0.2702702702702703,0.018018018018018018,0.5585585585585585,0.15315315315315314
34303,0.35714285714285715,0.0,0.14285714285714285,0.5
33477,0.10526315789473684,0.0,0.0,0.8947368421052632
233059,0.5454545454545454,0.18181818181818182,0.0,0.2727272727272727
236475,0.7272727272727273,0.0,0.0,0.2727272727272727
55640,0.41975308641975306,0.012345679012345678,0.012345679012345678,0.5555555555555556
202456,0.3125,0.0,0.125,0.5625
82343,0.2222222222222222,0.0,0.1111111111111111,0.6666666666666666
224891,0.5833333333333334,0.08333333333333333,0.08333333333333333,0.25
245726,0.4375,0.0625,0.125,0.375
161719,0.47058823529411764,0.0,0.058823529411764705,0.47058823529411764
1218549,0.0,0.0,0.6363636363636364,0.36363636363636365
1005229,0.29411764705882354,0.0,0.29411764705882354,0.4117647058823529
400071,0.625,0.25,0.125,0.0
657889,0.5714285714285714,0.0,0.0,0.42857142857142855
438563,0.5454545454545454,0.0,0.0,0.45454545454545453
325783,0.6666666666666666,0.08333333333333333,0.0,0.25
401645,0.5,0.0,0.125,0.375
102832,0.5,0.2857142857142857,0.0,0.21428571428571427
404465,0.9230769230769231,0.0,0.0,0.07692307692307693
405420,0.7272727272727273,0.09090909090909091,0.0,0.18181818181818182
285569,0.3103448275862069,0.0,0.22413793103448276,0.46551724137931033
402002,0.5263157894736842,0.05263157894736842,0.05263157894736842,0.3684210526315789
370400,0.0,0.2222222222222222,0.1111111111111111,0.6666666666666666
305677,0.5,0.125,0.0,0.375
300038,0.8461538461538461,0.0,0.07692307692307693,0.07692307692307693
597903,0.2857142857142857,0.07142857142857142,0.14285714285714285,0.5
739320,0.9411764705882353,0.058823529411764705,0.0,0.0
633334,0.46153846153846156,0.3076923076923077,0.0,0.23076923076923078
129893,0.4583333333333333,0.041666666666666664,0.0,0.5
297498,0.5714285714285714,0.0,0.0,0.42857142857142855
7031071,0.7647058823529411,0.058823529411764705,0.0,0.17647058823529413
929032,0.35294117647058826,0.0,0.0,0.6470588235294118
2878360,0.05,0.0,0.5,0.45
1631980,0.5714285714285714,0.0,0.0,0.42857142857142855
571108,0.7727272727272727,0.045454545454545456,0.0,0.18181818181818182
689089,0.25,0.0,0.0,0.75
267644,0.875,0.0,0.0,0.125
689096,0.25,0.0,0.0,0.75
1036023,0.8,0.13333333333333333,0.0,0.06666666666666667
1043190,0.29411764705882354,0.5294117647058824,0.0,0.17647058823529413
686932,0.2,0.05,0.1,0.65
1145128,1.0,0.0,0.0,0.0
178517,0.09090909090909091,0.0,0.2727272727272727,0.6363636363636364
1216913,0.6666666666666666,0.13333333333333333,0.0,0.2
1077460,0.2727272727272727,0.09090909090909091,0.0,0.6363636363636364
328733,0.043478260869565216,0.0,0.3652173913043478,0.591304347826087
1370453,0.25,0.03125,0.3705357142857143,0.3482142857142857
83858,0.15,0.225,0.15,0.475
608327,0.5625,0.4375,0.0,0.0
399398,0.5384615384615384,0.07692307692307693,0.07692307692307693,0.3076923076923077
178300,0.42857142857142855,0.0,0.0,0.5714285714285714
372079,0.7272727272727273,0.0,0.0,0.2727272727272727
864354,0.125,0.0,0.0,0.875
399265,0.9473684210526315,0.0,0.0,0.05263157894736842
469207,0.8571428571428571,0.0,0.0,0.14285714285714285
380394,0.19047619047619047,0.0,0.2857142857142857,0.5238095238095238
602720,0.5714285714285714,0.0,0.0,0.42857142857142855
798852,0.5,0.1,0.0,0.4
592009,0.5,0.0,0.0,0.5
877359,0.46153846153846156,0.0,0.07692307692307693,0.46153846153846156
1469606,0.5555555555555556,0.0,0.0,0.4444444444444444
1457706,0.4,0.0,0.4,0.2
627226,0.5555555555555556,0.0,0.0,0.4444444444444444
1286656,0.4,0.0,0.0,0.6
590586,0.45,0.0,0.25,0.3
99030,0.5714285714285714,0.0,0.0,0.42857142857142855
1471191,0.3333333333333333,0.0,0.4,0.26666666666666666
1594600,0.5555555555555556,0.0,0.0,0.4444444444444444
813335,0.3333333333333333,0.0,0.2222222222222222,0.4444444444444444
616289,0.5,0.0,0.0,0.5
421930,0.75,0.0,0.08333333333333333,0.16666666666666666
1440268,0.1111111111111111,0.0,0.0,0.8888888888888888
249086,0.4166666666666667,0.0,0.041666666666666664,0.5416666666666666
369376,0.5,0.0,0.0,0.5
826255,0.3333333333333333,0.0,0.0,0.6666666666666666
121079,0.2647058823529412,0.7058823529411765,0.0,0.029411764705882353
818613,0.5,0.0,0.0,0.5
517201,0.45454545454545453,0.09090909090909091,0.0,0.45454545454545453
661323,0.5,0.125,0.0,0.375
1121329,0.6,0.1,0.0,0.3
1315449,0.8181818181818182,0.0,0.0,0.18181818181818182
1261880,0.875,0.0,0.0,0.125
703328,0.3,0.0,0.2,0.5
45161,0.35294117647058826,0.0,0.17647058823529413,0.47058823529411764
838264,0.5,0.0,0.0,0.5
492189,0.4782608695652174,0.0,0.0,0.5217391304347826
238250,0.875,0.0625,0.0,0.0625
13829,0.21739130434782608,0.0,0.0,0.782608695652174
447074,0.5294117647058824,0.058823529411764705,0.0,0.4117647058823529
711025,0.4,0.0,0.26666666666666666,0.3333333333333333
1325684,0.23529411764705882,0.0,0.35294117647058826,0.4117647058823529
759965,0.25,0.0,0.25,0.5
1369066,0.5,0.0,0.0,0.5
1479366,0.5,0.0,0.0625,0.4375
513828,0.4,0.3,0.0,0.3
622849,0.3333333333333333,0.08333333333333333,0.0,0.5833333333333334
403967,0.625,0.041666666666666664,0.0,0.3333333333333333
448278,0.21428571428571427,0.07142857142857142,0.07142857142857142,0.6428571428571429
819333,0.2,0.1,0.3,0.4
1420750,0.5714285714285714,0.14285714285714285,0.0,0.2857142857142857
824772,0.0,0.1,0.1,0.8
1074199,0.3333333333333333,0.3333333333333333,0.0,0.3333333333333333
589458,0.2222222222222222,0.1111111111111111,0.0,0.6666666666666666
696924,0.3333333333333333,0.1111111111111111,0.0,0.5555555555555556
1472293,0.5,0.0,0.1,0.4
325649,0.7727272727272727,0.045454545454545456,0.0,0.18181818181818182
1167570,0.7777777777777778,0.0,0.0,0.2222222222222222
1361133,0.875,0.0,0.125,0.0
407173,0.6,0.0,0.0,0.4
157323,0.5,0.0,0.0,0.5
313029,0.375,0.0,0.0,0.625
447136,0.5625,0.0,0.0,0.4375
543312,0.42857142857142855,0.14285714285714285,0.14285714285714285,0.2857142857142857
348428,0.5,0.0,0.0,0.5
417300,0.7333333333333333,0.06666666666666667,0.06666666666666667,0.13333333333333333
947001,0.5,0.0,0.0,0.5
766688,0.6153846153846154,0.0,0.0,0.38461538461538464
918013,0.9,0.0,0.0,0.1
519205,0.3125,0.0,0.3125,0.375
219174,0.3783783783783784,0.02702702702702703,0.02702702702702703,0.5675675675675675
589323,0.4166666666666667,0.0,0.08333333333333333,0.5
761231,0.3333333333333333,0.4444444444444444,0.0,0.2222222222222222
225867,0.8,0.06666666666666667,0.0,0.13333333333333333
867984,0.375,0.0,0.0,0.625
1313679,0.3333333333333333,0.047619047619047616,0.0,0.6190476190476191
1121938,0.38461538461538464,0.07692307692307693,0.07692307692307693,0.46153846153846156
851486,0.42857142857142855,0.21428571428571427,0.14285714285714285,0.21428571428571427
539085,0.6666666666666666,0.08333333333333333,0.08333333333333333,0.16666666666666666
306000,0.6666666666666666,0.0,0.0,0.3333333333333333
160737,0.46153846153846156,0.0,0.0,0.5384615384615384
1060579,0.6666666666666666,0.0,0.0,0.3333333333333333
203665,0.23529411764705882,0.23529411764705882,0.0,0.5294117647058824
443812,1.0,0.0,0.0,0.0
807285,1.0,0.0,0.0,0.0
313033,0.8333333333333334,0.0,0.0,0.16666666666666666
809155,0.6666666666666666,0.0,0.0,0.3333333333333333
825342,0.6666666666666666,0.0,0.0,0.3333333333333333
518224,0.36363636363636365,0.0,0.09090909090909091,0.5454545454545454
90466,0.2777777777777778,0.05555555555555555,0.2222222222222222,0.4444444444444444
878697,0.5789473684210527,0.0,0.10526315789473684,0.3157894736842105
1025405,0.42857142857142855,0.0,0.0,0.5714285714285714
229201,0.4090909090909091,0.0,0.09090909090909091,0.5
196394,0.32432432432432434,0.0,0.08108108108108109,0.5945945945945946
954879,0.5294117647058824,0.0,0.058823529411764705,0.4117647058823529
715528,0.25806451612903225,0.0,0.0967741935483871,0.6451612903225806
335742,0.38333333333333336,0.0,0.0,0.6166666666666667
827628,0.30434782608695654,0.0,0.043478260869565216,0.6521739130434783
590382,0.625,0.0,0.0,0.375
590626,0.6666666666666666,0.0,0.0,0.3333333333333333
795311,0.7,0.0,0.0,0.3
1187205,0.9,0.0,0.0,0.1
10602,0.5,0.0,0.16666666666666666,0.3333333333333333
1486995,0.3,0.2,0.2,0.3
1315526,0.6,0.0,0.0,0.4
590474,0.6,0.0,0.0,0.4
405125,0.4,0.0,0.0,0.6
165353,0.7,0.0,0.1,0.2
344958,0.0625,0.0,0.0,0.9375
209502,0.3,0.0,0.1,0.6
1022681,0.3333333333333333,0.0,0.08333333333333333,0.5833333333333334
1083715,0.3333333333333333,0.0,0.16666666666666666,0.5
208470,0.2727272727272727,0.0,0.2727272727272727,0.45454545454545453
1346999,0.3,0.0,0.1,0.6
899837,0.5333333333333333,0.0,0.06666666666666667,0.4
13535,0.6428571428571429,0.07142857142857142,0.07142857142857142,0.21428571428571427
160582,0.4090909090909091,0.0,0.045454545454545456,0.5454545454545454
1060878,0.35714285714285715,0.0,0.14285714285714285,0.5
936267,0.65,0.0,0.1,0.25
142411,0.46153846153846156,0.0,0.23076923076923078,0.3076923076923077
54920,0.37142857142857144,0.0,0.4857142857142857,0.14285714285714285
1076653,0.5,0.0,0.25,0.25
404850,0.8125,0.0,0.0,0.1875
1219069,0.21428571428571427,0.0,0.0,0.7857142857142857
101236,0.0,0.0,0.18181818181818182,0.8181818181818182
736083,0.2777777777777778,0.0,0.3333333333333333,0.3888888888888889
1140794,0.3333333333333333,0.0,0.0,0.6666666666666666
1255531,0.2727272727272727,0.09090909090909091,0.0,0.6363636363636364
407419,0.3333333333333333,0.0,0.0,0.6666666666666666
431208,0.2857142857142857,0.0,0.21428571428571427,0.5
1137113,0.75,0.0,0.0,0.25
10605,0.46153846153846156,0.0,0.038461538461538464,0.5
914492,0.6,0.0,0.13333333333333333,0.26666666666666666
732391,0.045454545454545456,0.0,0.22727272727272727,0.7272727272727273
1101559,0.8571428571428571,0.0,0.14285714285714285,0.0
547688,0.5454545454545454,0.0,0.09090909090909091,0.36363636363636365
329866,0.2631578947368421,0.0,0.05263157894736842,0.6842105263157895
724529,0.5,0.0,0.08333333333333333,0.4166666666666667
566290,0.5,0.0,0.125,0.375
458298,0.75,0.0,0.0,0.25
904249,0.625,0.0,0.0,0.375
220640,0.5714285714285714,0.0,0.21428571428571427,0.21428571428571427
775674,0.03333333333333333,0.0,0.36666666666666664,0.6
291697,0.08974358974358974,0.0,0.20512820512820512,0.7051282051282052
1359399,0.75,0.0,0.0,0.25
787712,0.45454545454545453,0.0,0.0,0.5454545454545454
737362,0.625,0.0,0.0,0.375
787493,0.5,0.08333333333333333,0.0,0.4166666666666667
157758,0.8666666666666667,0.06666666666666667,0.0,0.06666666666666667
1392426,0.5384615384615384,0.07692307692307693,0.0,0.38461538461538464
1421301,0.75,0.08333333333333333,0.0,0.16666666666666666
560011,0.42857142857142855,0.02857142857142857,0.0,0.5428571428571428
1042173,0.38461538461538464,0.0,0.07692307692307693,0.5384615384615384
1392187,0.45454545454545453,0.0,0.0,0.5454545454545454
733115,0.21428571428571427,0.14285714285714285,0.0,0.6428571428571429
538751,0.0,0.0,0.1111111111111111,0.8888888888888888
789973,0.3888888888888889,0.0,0.5,0.1111111111111111
1795875,0.625,0.0,0.0,0.375
3562327,0.25,0.08333333333333333,0.08333333333333333,0.5833333333333334
735900,0.46153846153846156,0.0,0.15384615384615385,0.38461538461538464
676941,0.4,0.0,0.0,0.6
916635,0.4925373134328358,0.04477611940298507,0.05970149253731343,0.40298507462686567
1833870,0.23076923076923078,0.07692307692307693,0.07692307692307693,0.6153846153846154
632040,0.08823529411764706,0.0,0.14705882352941177,0.7647058823529411
1795374,0.5625,0.0,0.0,0.4375
96838,0.7142857142857143,0.07142857142857142,0.0,0.21428571428571427
697494,0.5555555555555556,0.16666666666666666,0.1111111111111111,0.16666666666666666
724978,0.21052631578947367,0.0,0.0,0.7894736842105263
58321,0.8936170212765957,0.06382978723404255,0.0,0.0425531914893617
1834212,0.2,0.0,0.08,0.72
1036048,0.6363636363636364,0.18181818181818182,0.0,0.18181818181818182
659692,0.6666666666666666,0.2222222222222222,0.0,0.1111111111111111
1388621,0.2727272727272727,0.0,0.0,0.7272727272727273
1175158,0.2692307692307692,0.11538461538461539,0.11538461538461539,0.5
916987,0.36363636363636365,0.0,0.09090909090909091,0.5454545454545454
533292,0.23076923076923078,0.0,0.15384615384615385,0.6153846153846154
173678,0.4583333333333333,0.0,0.0,0.5416666666666666
1162494,0.3333333333333333,0.0,0.0,0.6666666666666666
7272463,0.2222222222222222,0.0,0.1111111111111111,0.6666666666666666
421683,0.6818181818181818,0.045454545454545456,0.0,0.2727272727272727
770904,0.3,0.0,0.15,0.55
763730,0.4,0.2,0.13333333333333333,0.26666666666666666
4037526,0.3333333333333333,0.0,0.16666666666666666,0.5
1092265,0.25,0.0,0.125,0.625
410119,0.23809523809523808,0.0,0.23809523809523808,0.5238095238095238
431973,0.23529411764705882,0.0,0.058823529411764705,0.7058823529411765
512593,0.8888888888888888,0.1111111111111111,0.0,0.0
6805986,0.5,0.0,0.0,0.5
965629,0.6666666666666666,0.06666666666666667,0.0,0.26666666666666666
259672,0.5333333333333333,0.0,0.0,0.4666666666666667
843339,0.3333333333333333,0.0,0.3333333333333333,0.3333333333333333
568477,0.35714285714285715,0.07142857142857142,0.0,0.5714285714285714
408806,0.13636363636363635,0.0,0.13636363636363635,0.7272727272727273
501696,0.35714285714285715,0.0,0.2857142857142857,0.35714285714285715
728020,0.27586206896551724,0.10344827586206896,0.3793103448275862,0.2413793103448276
871893,0.15789473684210525,0.0,0.05263157894736842,0.7894736842105263
1186309,0.3333333333333333,0.0,0.0,0.6666666666666666
202557,0.38095238095238093,0.42857142857142855,0.09523809523809523,0.09523809523809523
821001,0.4444444444444444,0.0,0.2222222222222222,0.3333333333333333
630736,0.06521739130434782,0.0,0.2608695652173913,0.6739130434782609
1388904,0.42857142857142855,0.0,0.2857142857142857,0.2857142857142857
5311654,0.6,0.0,0.0,0.4
1794914,0.6428571428571429,0.0,0.0,0.35714285714285715
376603,0.05405405405405406,0.0,0.13513513513513514,0.8108108108108109
866529,0.7,0.0,0.0,0.3
884125,0.1282051282051282,0.05128205128205128,0.6153846153846154,0.20512820512820512
924386,0.6,0.1,0.2,0.1
731585,0.3333333333333333,0.0,0.2857142857142857,0.38095238095238093
495846,0.5454545454545454,0.0,0.0,0.45454545454545453
6771560,0.0,0.0,0.25,0.75
222950,0.42857142857142855,0.0,0.07142857142857142,0.5
1420468,0.5,0.1,0.0,0.4
1171512,0.3333333333333333,0.0,0.0,0.6666666666666666
1421102,0.9090909090909091,0.0,0.0,0.09090909090909091
1217096,0.6666666666666666,0.0,0.0,0.3333333333333333
245897,0.36363636363636365,0.0,0.36363636363636365,0.2727272727272727
245963,0.38461538461538464,0.0,0.2692307692307692,0.34615384615384615
1419954,0.7272727272727273,0.0,0.0,0.2727272727272727
247061,0.7142857142857143,0.07142857142857142,0.07142857142857142,0.14285714285714285
1215068,0.6666666666666666,0.041666666666666664,0.0,0.2916666666666667
290690,1.0,0.0,0.0,0.0
902062,0.5,0.0625,0.1875,0.25
1501568,0.3333333333333333,0.0,0.16666666666666666,0.5
4005174,0.2,0.0,0.0,0.8
6617436,0.375,0.125,0.0,0.5
762873,0.2222222222222222,0.0,0.2222222222222222,0.5555555555555556
6629333,0.42857142857142855,0.0,0.14285714285714285,0.42857142857142855
1306964,0.4444444444444444,0.0,0.0,0.5555555555555556
312576,0.42857142857142855,0.0,0.0,0.5714285714285714
507934,0.8333333333333334,0.0,0.0,0.16666666666666666
6138569,0.16666666666666666,0.0,0.0,0.8333333333333334
1256592,0.8461538461538461,0.07692307692307693,0.0,0.07692307692307693
824967,0.3333333333333333,0.0,0.0,0.6666666666666666
748831,0.4444444444444444,0.0,0.0,0.5555555555555556
676914,0.0,0.0,0.4,0.6
292095,0.6086956521739131,0.043478260869565216,0.043478260869565216,0.30434782608695654
6448244,0.7,0.0,0.0,0.3
1478421,0.7142857142857143,0.0,0.2857142857142857,0.0
6429739,0.9,0.1,0.0,0.0
154361,0.4117647058823529,0.0,0.0,0.5882352941176471
1019031,0.1875,0.0,0.3125,0.5
677648,0.46153846153846156,0.0,0.3076923076923077,0.23076923076923078
6370463,0.2222222222222222,0.0,0.0,0.7777777777777778
715589,0.1,0.0,0.25,0.65
711237,0.5,0.0,0.0,0.5
1000343,0.30434782608695654,0.0,0.0,0.6956521739130435
1017916,0.3333333333333333,0.0,0.2222222222222222,0.4444444444444444
513020,0.6190476190476191,0.09523809523809523,0.09523809523809523,0.19047619047619047
1535311,0.0,0.0,0.0,1.0
1369652,0.4,0.0,0.06666666666666667,0.5333333333333333
1452171,0.6666666666666666,0.0,0.0,0.3333333333333333
1796179,0.8,0.0,0.0,0.2
1116868,0.6,0.0,0.0,0.4
462020,0.25,0.0,0.125,0.625
732418,0.5652173913043478,0.0,0.08695652173913043,0.34782608695652173
7210983,0.375,0.0,0.125,0.5
811981,0.6666666666666666,0.0,0.0,0.3333333333333333
315896,0.9411764705882353,0.0,0.0,0.058823529411764705
656504,0.48,0.0,0.04,0.48
1307436,0.5833333333333334,0.0,0.08333333333333333,0.3333333333333333
433787,0.375,0.0,0.0,0.625
64505,0.7058823529411765,0.0,0.0,0.29411764705882354
214790,0.6,0.0,0.0,0.4
329726,0.16666666666666666,0.0,0.16666666666666666,0.6666666666666666
323422,0.09090909090909091,0.0,0.45454545454545453,0.45454545454545453
655323,0.375,0.0,0.125,0.5
1501097,0.14285714285714285,0.14285714285714285,0.2857142857142857,0.42857142857142855
547229,0.4782608695652174,0.10869565217391304,0.06521739130434782,0.34782608695652173
847727,0.6,0.2,0.06666666666666667,0.13333333333333333
501047,0.3076923076923077,0.0,0.07692307692307693,0.6153846153846154
1580591,0.3333333333333333,0.08333333333333333,0.16666666666666666,0.4166666666666667
248780,0.42857142857142855,0.0,0.0,0.5714285714285714
248695,0.29411764705882354,0.0,0.058823529411764705,0.6470588235294118
64577,0.8333333333333334,0.0,0.0,0.16666666666666666
1421260,0.8333333333333334,0.0,0.0,0.16666666666666666
1121557,0.5263157894736842,0.0,0.0,0.47368421052631576
518461,0.38461538461538464,0.0,0.0,0.6153846153846154
999168,0.5,0.0,0.05555555555555555,0.4444444444444444
161694,0.6428571428571429,0.07142857142857142,0.0,0.2857142857142857
5700804,0.25,0.0,0.08333333333333333,0.6666666666666666
6767532,0.9,0.05,0.0,0.05
46396,0.0,0.03125,0.15625,0.8125
552871,0.03333333333333333,0.0,0.03333333333333333,0.9333333333333333
150086,0.0,0.0,0.015151515151515152,0.9848484848484849
1006314,0.045454545454545456,0.045454545454545456,0.0,0.9090909090909091
394336,0.3584905660377358,0.0,0.09433962264150944,0.5471698113207547
316053,0.7857142857142857,0.0,0.0,0.21428571428571427
520231,0.7272727272727273,0.09090909090909091,0.0,0.18181818181818182
239573,0.84,0.0,0.0,0.16
303391,0.4166666666666667,0.08333333333333333,0.08333333333333333,0.4166666666666667
262701,0.5909090909090909,0.1590909090909091,0.0,0.25
582574,0.6428571428571429,0.0,0.0,0.35714285714285715
627838,0.03636363636363636,0.0,0.4909090909090909,0.4727272727272727
930705,0.9,0.0,0.0,0.1
104670,0.5,0.0,0.0,0.5
655994,0.9285714285714286,0.0,0.0,0.07142857142857142
1269519,0.5,0.0,0.0,0.5
83166,0.875,0.0,0.0,0.125
1446222,0.6923076923076923,0.0,0.0,0.3076923076923077
185750,0.3870967741935484,0.03225806451612903,0.03225806451612903,0.5483870967741935
161739,0.7222222222222222,0.0,0.0,0.2777777777777778
2268944,0.0,0.0,0.16666666666666666,0.8333333333333334
1464506,0.8695652173913043,0.0,0.0,0.13043478260869565
239850,0.5714285714285714,0.07142857142857142,0.0,0.35714285714285715
35743,0.3888888888888889,0.05555555555555555,0.0,0.5555555555555556
7185426,0.9166666666666666,0.08333333333333333,0.0,0.0
521857,0.8709677419354839,0.0,0.0,0.12903225806451613
1563760,0.8666666666666667,0.0,0.06666666666666667,0.06666666666666667
562199,0.5555555555555556,0.0,0.0,0.4444444444444444
6773761,0.9230769230769231,0.0,0.0,0.07692307692307693
659063,0.4444444444444444,0.0,0.0,0.5555555555555556
1075200,0.48484848484848486,0.12121212121212122,0.15151515151515152,0.24242424242424243
1268469,0.4444444444444444,0.0,0.0,0.5555555555555556
1122157,0.5,0.0,0.0,0.5
547811,0.25,0.0,0.0,0.75
513156,0.625,0.125,0.0625,0.1875
986564,0.6666666666666666,0.0,0.0,0.3333333333333333
729518,0.2777777777777778,0.05555555555555555,0.5555555555555556,0.1111111111111111
1479669,0.0,0.0,0.5,0.5
4768767,0.34615384615384615,0.07692307692307693,0.07692307692307693,0.5
864305,0.5238095238095238,0.047619047619047616,0.047619047619047616,0.38095238095238093
3447895,0.21428571428571427,0.0,0.14285714285714285,0.6428571428571429
284709,0.625,0.0,0.0,0.375
434720,0.7272727272727273,0.0,0.0,0.2727272727272727
4181257,1.0,0.0,0.0,0.0
847350,1.0,0.0,0.0,0.0
88596,0.5357142857142857,0.0,0.0,0.4642857142857143
1123750,0.8888888888888888,0.0,0.0,0.1111111111111111
1393713,0.6,0.0,0.0,0.4
1580644,0.09090909090909091,0.09090909090909091,0.2727272727272727,0.5454545454545454
378968,0.5,0.16666666666666666,0.0,0.3333333333333333
378936,0.4444444444444444,0.2222222222222222,0.0,0.3333333333333333
1323660,0.6,0.0,0.0,0.4
335727,0.22282608695652173,0.0,0.5271739130434783,0.25
685324,0.05172413793103448,0.0,0.08620689655172414,0.8620689655172413
53859,0.025510204081632654,0.0,0.6224489795918368,0.3520408163265306
53733,0.10810810810810811,0.0,0.1891891891891892,0.7027027027027027
51438,0.4230769230769231,0.0,0.038461538461538464,0.5384615384615384
59577,0.5,0.0,0.0,0.5
146481,0.9090909090909091,0.0,0.0,0.09090909090909091
1198330,0.6,0.0,0.0,0.4
1537600,0.6153846153846154,0.0,0.0,0.38461538461538464
1041922,0.6666666666666666,0.10416666666666667,0.0,0.22916666666666666
1218999,0.5,0.0,0.3,0.2
718991,0.8571428571428571,0.0,0.0,0.14285714285714285
300717,0.5,0.2,0.0,0.3
510740,0.6153846153846154,0.0,0.0,0.38461538461538464
960841,0.45454545454545453,0.0,0.0,0.5454545454545454
626398,0.3333333333333333,0.08333333333333333,0.16666666666666666,0.4166666666666667
524376,0.3793103448275862,0.034482758620689655,0.0,0.5862068965517241
108591,0.5714285714285714,0.0,0.0,0.42857142857142855
691388,0.14285714285714285,0.42857142857142855,0.14285714285714285,0.2857142857142857
559665,0.45454545454545453,0.0,0.0,0.5454545454545454
1421238,0.8181818181818182,0.0,0.0,0.18181818181818182
1254341,0.5384615384615384,0.07692307692307693,0.0,0.38461538461538464
1420830,0.8888888888888888,0.0,0.0,0.1111111111111111
257012,0.023809523809523808,0.0,0.8095238095238095,0.16666666666666666
824256,0.14285714285714285,0.0,0.07142857142857142,0.7857142857142857
1434435,0.42857142857142855,0.0,0.07142857142857142,0.5
563919,0.23076923076923078,0.07692307692307693,0.23076923076923078,0.46153846153846156
940150,0.23076923076923078,0.07692307692307693,0.0,0.6923076923076923
1121592,0.36363636363636365,0.0,0.0,0.6363636363636364
559457,0.03125,0.0,0.0,0.96875
635524,0.2222222222222222,0.0,0.0,0.7777777777777778
1187749,0.5,0.0,0.05,0.45
634725,0.25,0.0,0.25,0.5
634578,0.2,0.0,0.6,0.2
439823,0.16666666666666666,0.0,0.16666666666666666,0.6666666666666666
243444,0.8823529411764706,0.0,0.058823529411764705,0.058823529411764705
1071322,0.36363636363636365,0.09090909090909091,0.2727272727272727,0.2727272727272727
1230603,0.375,0.0,0.0,0.625
834417,0.7777777777777778,0.1111111111111111,0.0,0.1111111111111111
712778,0.5789473684210527,0.05263157894736842,0.10526315789473684,0.2631578947368421
538719,0.3,0.0,0.0,0.7
521690,0.8,0.0,0.0,0.2
1352427,0.25,0.0,0.25,0.5
512434,0.7333333333333333,0.13333333333333333,0.13333333333333333,0.0
1088660,0.5,0.0,0.08333333333333333,0.4166666666666667
1065450,0.40625,0.0,0.5625,0.03125
635066,0.2727272727272727,0.0,0.09090909090909091,0.6363636363636364
858234,0.8,0.0,0.0,0.2
537843,0.6428571428571429,0.07142857142857142,0.07142857142857142,0.21428571428571427
1047222,0.5,0.1,0.1,0.3
851887,0.4375,0.0,0.0,0.5625
475723,0.75,0.0,0.0,0.25
753112,0.3333333333333333,0.0,0.08333333333333333,0.5833333333333334
794321,0.5555555555555556,0.3333333333333333,0.0,0.1111111111111111
1291537,0.2222222222222222,0.0,0.1111111111111111,0.6666666666666666
1262401,0.5833333333333334,0.0,0.0,0.4166666666666667
305946,0.7272727272727273,0.09090909090909091,0.0,0.18181818181818182
154297,0.4,0.0,0.0,0.6
1098644,0.15789473684210525,0.0,0.3684210526315789,0.47368421052631576
992076,0.6923076923076923,0.07692307692307693,0.07692307692307693,0.15384615384615385
449123,0.6111111111111112,0.0,0.05555555555555555,0.3333333333333333
1191618,0.14285714285714285,0.0,0.0,0.8571428571428571
171694,0.5,0.0,0.08333333333333333,0.4166666666666667
171562,0.6363636363636364,0.0,0.0,0.36363636363636365
634948,0.5,0.0,0.0,0.5
635446,0.4,0.1,0.0,0.5
1436094,0.5833333333333334,0.3333333333333333,0.08333333333333333,0.0
369397,0.42857142857142855,0.0,0.07142857142857142,0.5
266174,0.3076923076923077,0.0,0.23076923076923078,0.46153846153846156
743194,0.3333333333333333,0.0,0.5555555555555556,0.1111111111111111
293935,0.6666666666666666,0.0,0.1111111111111111,0.2222222222222222
1403856,0.5555555555555556,0.0,0.1111111111111111,0.3333333333333333
306745,0.4,0.0,0.2,0.4
867083,0.29411764705882354,0.0,0.0,0.7058823529411765
226167,0.64,0.0,0.0,0.36
635328,0.4,0.0,0.0,0.6
780007,0.2222222222222222,0.0,0.1111111111111111,0.6666666666666666
513564,0.38461538461538464,0.0,0.038461538461538464,0.5769230769230769
427901,0.6774193548387096,0.0,0.0,0.3225806451612903
314713,0.35294117647058826,0.11764705882352941,0.23529411764705882,0.29411764705882354
47859,0.1743119266055046,0.03669724770642202,0.25688073394495414,0.5321100917431193
840682,0.5714285714285714,0.17857142857142858,0.0,0.25
1461314,0.375,0.0,0.125,0.5
840846,0.7333333333333333,0.0,0.0,0.26666666666666666
316107,0.9,0.1,0.0,0.0
82919,0.6190476190476191,0.015873015873015872,0.047619047619047616,0.31746031746031744
446704,0.625,0.0,0.125,0.25
2275601,0.7692307692307693,0.0,0.07692307692307693,0.15384615384615385
563782,0.16666666666666666,0.0,0.25,0.5833333333333334
323152,0.125,0.041666666666666664,0.2916666666666667,0.5416666666666666
340328,0.0,0.0,0.0,1.0
985089,0.15,0.0,0.625,0.225
98803,0.2804878048780488,0.012195121951219513,0.573170731707317,0.13414634146341464
812966,0.5,0.14285714285714285,0.14285714285714285,0.21428571428571427
647612,0.5,0.16666666666666666,0.3333333333333333,0.0
80315,0.08108108108108109,0.0,0.02702702702702703,0.8918918918918919
38235,0.875,0.05,0.025,0.05
762503,0.375,0.0625,0.0625,0.5
1430711,0.03571428571428571,0.0,0.75,0.21428571428571427
431203,0.3333333333333333,0.0,0.1111111111111111,0.5555555555555556
156271,0.42857142857142855,0.047619047619047616,0.047619047619047616,0.47619047619047616
505351,0.25,0.125,0.0,0.625
2058068,0.8235294117647058,0.0,0.0,0.17647058823529413
1009730,0.375,0.125,0.0,0.5
7108032,0.16666666666666666,0.16666666666666666,0.08333333333333333,0.5833333333333334
1187018,0.3333333333333333,0.0,0.4444444444444444,0.2222222222222222
813633,0.5789473684210527,0.0,0.0,0.42105263157894735
6359072,0.2631578947368421,0.0,0.0,0.7368421052631579
976239,0.5,0.0,0.16666666666666666,0.3333333333333333
770686,0.3333333333333333,0.0,0.0,0.6666666666666666
1566262,0.21428571428571427,0.0,0.35714285714285715,0.42857142857142855
3201444,1.0,0.0,0.0,0.0
53187,0.45454545454545453,0.015151515151515152,0.045454545454545456,0.48484848484848486
1543543,0.3333333333333333,0.16666666666666666,0.0,0.5
2754719,0.2,0.0,0.2,0.6
731884,0.6190476190476191,0.09523809523809523,0.0,0.2857142857142857
74331,0.7142857142857143,0.14285714285714285,0.0,0.14285714285714285
886726,0.1,0.0,0.0,0.9
725068,0.7777777777777778,0.0,0.0,0.2222222222222222
6894993,0.18181818181818182,0.0,0.09090909090909091,0.7272727272727273
6372165,0.2727272727272727,0.0,0.18181818181818182,0.5454545454545454
710011,0.3333333333333333,0.0,0.0,0.6666666666666666
2110589,0.4,0.2,0.0,0.4
1355267,0.0875,0.0125,0.5625,0.3375
948519,0.45454545454545453,0.0,0.0,0.5454545454545454
1246113,0.2,0.0,0.3,0.5
521763,0.46511627906976744,0.27906976744186046,0.023255813953488372,0.23255813953488372
1130376,0.0,0.0,0.0,1.0
51011,0.3235294117647059,0.0,0.2647058823529412,0.4117647058823529
222489,0.4838709677419355,0.0,0.06451612903225806,0.45161290322580644
79100,0.45454545454545453,0.0,0.0,0.5454545454545454
378289,0.391304347826087,0.13043478260869565,0.08695652173913043,0.391304347826087
85386,0.5333333333333333,0.0,0.0,0.4666666666666667
1205279,0.25,0.08333333333333333,0.08333333333333333,0.5833333333333334
243650,0.75,0.125,0.0,0.125
58873,0.3333333333333333,0.2,0.13333333333333333,0.3333333333333333
167066,0.5666666666666667,0.36666666666666664,0.0,0.06666666666666667
148592,0.5555555555555556,0.3611111111111111,0.0,0.08333333333333333
573895,0.2,0.0,0.1,0.7
994294,0.8,0.06666666666666667,0.06666666666666667,0.06666666666666667
1403771,0.4074074074074074,0.037037037037037035,0.037037037037037035,0.5185185185185185
179860,0.8275862068965517,0.034482758620689655,0.0,0.13793103448275862
733262,0.8333333333333334,0.10416666666666667,0.020833333333333332,0.041666666666666664
717209,0.46153846153846156,0.0,0.15384615384615385,0.38461538461538464
740973,0.8,0.1,0.05,0.05
86518,0.5882352941176471,0.23529411764705882,0.058823529411764705,0.11764705882352941
908921,0.6666666666666666,0.0,0.0,0.3333333333333333
908447,0.8888888888888888,0.1111111111111111,0.0,0.0
601930,0.2222222222222222,0.0,0.0,0.7777777777777778
4435197,0.5263157894736842,0.0,0.10526315789473684,0.3684210526315789
887339,0.5555555555555556,0.0,0.1111111111111111,0.3333333333333333
126026,0.8048780487804879,0.0975609756097561,0.0,0.0975609756097561
104451,0.47368421052631576,0.0,0.0,0.5263157894736842
125993,0.5555555555555556,0.0,0.0,0.4444444444444444
1577772,0.3333333333333333,0.0,0.0,0.6666666666666666
1577776,0.15789473684210525,0.0,0.0,0.8421052631578947
154559,0.45454545454545453,0.0,0.09090909090909091,0.45454545454545453
6396868,0.5,0.0,0.25,0.25
1497042,0.6666666666666666,0.0,0.0,0.3333333333333333
3046333,0.5185185185185185,0.06481481481481481,0.046296296296296294,0.37037037037037035
1213809,0.4,0.08,0.08,0.44
5348193,0.6875,0.125,0.0625,0.125
4645078,0.5625,0.125,0.0,0.3125
1553136,0.5,0.0,0.07142857142857142,0.42857142857142855
1370770,0.4864864864864865,0.05405405405405406,0.08108108108108109,0.3783783783783784
383651,0.45454545454545453,0.0,0.0,0.5454545454545454
1017375,0.2,0.0,0.4,0.4
1473000,0.4,0.2,0.0,0.4
5246793,0.6153846153846154,0.0,0.0,0.38461538461538464
4545209,0.07692307692307693,0.0,0.0,0.9230769230769231
4114150,0.46153846153846156,0.15384615384615385,0.0,0.38461538461538464
336176,0.3888888888888889,0.0,0.16666666666666666,0.4444444444444444
6614723,0.375,0.0,0.0,0.625
490572,0.25,0.0,0.0,0.75
6362089,0.3,0.0,0.2,0.5
513820,0.1111111111111111,0.0,0.2222222222222222,0.6666666666666666
1269289,0.5714285714285714,0.0,0.0,0.42857142857142855
780608,0.6470588235294118,0.17647058823529413,0.0,0.17647058823529413
6550561,0.7777777777777778,0.2222222222222222,0.0,0.0
321268,0.8181818181818182,0.09090909090909091,0.09090909090909091,0.0
1114120,0.0,0.1,0.0,0.9
431459,0.1111111111111111,0.05555555555555555,0.05555555555555555,0.7777777777777778
1546708,0.25,0.25,0.0,0.5
915307,0.375,0.0625,0.0625,0.5
119198,0.21428571428571427,0.14285714285714285,0.07142857142857142,0.5714285714285714
1255331,0.4166666666666667,0.08333333333333333,0.041666666666666664,0.4583333333333333
161751,0.5217391304347826,0.043478260869565216,0.043478260869565216,0.391304347826087
1267173,0.5714285714285714,0.07142857142857142,0.0,0.35714285714285715
6535500,0.6,0.0,0.0,0.4
450718,0.6428571428571429,0.0,0.14285714285714285,0.21428571428571427
857240,0.45454545454545453,0.09090909090909091,0.0,0.45454545454545453
95990,0.3076923076923077,0.07692307692307693,0.15384615384615385,0.46153846153846156
235611,0.5,0.041666666666666664,0.0,0.4583333333333333
416309,0.6666666666666666,0.08333333333333333,0.0,0.25
513048,0.5384615384615384,0.07692307692307693,0.0,0.38461538461538464
899677,0.6,0.1,0.0,0.3
428294,0.7777777777777778,0.0,0.0,0.2222222222222222
1055429,0.25,0.0,0.0,0.75
238884,0.3076923076923077,0.0,0.0,0.6923076923076923
156745,0.2608695652173913,0.043478260869565216,0.30434782608695654,0.391304347826087
807263,0.4666666666666667,0.0,0.06666666666666667,0.4666666666666667
4638634,0.07692307692307693,0.0,0.07692307692307693,0.8461538461538461
4638580,0.16666666666666666,0.0,0.16666666666666666,0.6666666666666666
6464751,0.47619047619047616,0.0,0.0,0.5238095238095238
1426943,0.8235294117647058,0.0,0.0,0.17647058823529413
71793,0.34615384615384615,0.038461538461538464,0.19230769230769232,0.4230769230769231
161743,0.5714285714285714,0.07142857142857142,0.0,0.35714285714285715
1300788,0.6,0.0,0.0,0.4
568507,0.38235294117647056,0.029411764705882353,0.11764705882352941,0.47058823529411764
168459,0.14285714285714285,0.14285714285714285,0.14285714285714285,0.5714285714285714
2837654,0.9166666666666666,0.08333333333333333,0.0,0.0
1501414,0.15384615384615385,0.0,0.15384615384615385,0.6923076923076923
982361,0.6666666666666666,0.0,0.0,0.3333333333333333
6426560,0.45454545454545453,0.18181818181818182,0.0,0.36363636363636365
771006,0.21052631578947367,0.05263157894736842,0.15789473684210525,0.5789473684210527
429747,0.6666666666666666,0.08333333333333333,0.08333333333333333,0.16666666666666666
693524,0.3333333333333333,0.0,0.08333333333333333,0.5833333333333334
593166,0.5294117647058824,0.0,0.058823529411764705,0.4117647058823529
7366641,0.375,0.0,0.375,0.25
7210170,0.10526315789473684,0.0,0.2631578947368421,0.631578947368421
1719442,0.45454545454545453,0.09090909090909091,0.18181818181818182,0.2727272727272727
806929,0.42857142857142855,0.0,0.07142857142857142,0.5
492054,0.3333333333333333,0.08333333333333333,0.0,0.5833333333333334
139832,0.5434782608695652,0.021739130434782608,0.043478260869565216,0.391304347826087
167054,0.4117647058823529,0.058823529411764705,0.0,0.5294117647058824
890826,0.0,0.0,0.04878048780487805,0.9512195121951219
173971,0.375,0.0,0.125,0.5
928712,0.1,0.0,0.0,0.9
1449327,0.14285714285714285,0.0,0.0,0.8571428571428571
1295375,0.0,0.0,0.8387096774193549,0.16129032258064516
627755,0.36363636363636365,0.0,0.09090909090909091,0.5454545454545454
760564,0.8,0.1,0.0,0.1
494525,0.3157894736842105,0.05263157894736842,0.21052631578947367,0.42105263157894735
4063517,0.625,0.0,0.125,0.25
606722,0.46153846153846156,0.07692307692307693,0.07692307692307693,0.38461538461538464
6982165,0.038461538461538464,0.0,0.46153846153846156,0.5
1247294,0.5833333333333334,0.0,0.0,0.4166666666666667
4068421,0.25,0.0,0.0,0.75
497712,0.6666666666666666,0.0,0.0,0.3333333333333333
378044,0.8888888888888888,0.1111111111111111,0.0,0.0
880380,0.16666666666666666,0.16666666666666666,0.1111111111111111,0.5555555555555556
326644,0.25,0.0,0.03571428571428571,0.7142857142857143
837407,0.06666666666666667,0.0,0.4245614035087719,0.5087719298245614
353893,0.6,0.0,0.0,0.4
538708,0.4,0.0,0.5,0.1
524581,0.25,0.125,0.375,0.25
1400960,0.05714285714285714,0.0,0.17142857142857143,0.7714285714285715
165125,0.23076923076923078,0.07692307692307693,0.0,0.6923076923076923
172119,0.5,0.2777777777777778,0.0,0.2222222222222222
1252953,1.0,0.0,0.0,0.0
993742,0.7777777777777778,0.0,0.0,0.2222222222222222
1187933,0.9259259259259259,0.037037037037037035,0.0,0.037037037037037035
1256710,0.2,0.0,0.0,0.8
6346858,0.2,0.0,0.7,0.1
1114164,0.16666666666666666,0.0,0.0,0.8333333333333334
5139607,0.37037037037037035,0.0,0.18518518518518517,0.4444444444444444
896142,0.2,0.0,0.4,0.4
1009540,1.0,0.0,0.0,0.0
4070581,0.3333333333333333,0.0,0.0,0.6666666666666666
165108,0.375,0.125,0.0,0.5
446478,0.4166666666666667,0.25,0.0,0.3333333333333333
5546057,0.6428571428571429,0.0,0.0,0.35714285714285715
1469872,0.5,0.0,0.0,0.5
1158758,0.6111111111111112,0.1111111111111111,0.0,0.2777777777777778
1137214,0.4666666666666667,0.0,0.0,0.5333333333333333
587624,0.375,0.0,0.0,0.625
1300299,0.15384615384615385,0.0,0.23076923076923078,0.6153846153846154
554100,0.9090909090909091,0.0,0.0,0.09090909090909091
740252,0.23529411764705882,0.058823529411764705,0.17647058823529413,0.5294117647058824
1310704,0.6,0.0,0.0,0.4
562316,0.8,0.0,0.13333333333333333,0.06666666666666667
7109157,0.0,0.0,0.23076923076923078,0.7692307692307693
171200,0.42857142857142855,0.0,0.0,0.5714285714285714
921055,0.25,0.0,0.3333333333333333,0.4166666666666667
1545901,0.029411764705882353,0.0,0.38235294117647056,0.5882352941176471
75015,0.6,0.0,0.0,0.4
328624,0.6,0.1,0.1,0.2
218849,0.21428571428571427,0.0,0.07142857142857142,0.7142857142857143
303705,0.5217391304347826,0.13043478260869565,0.08695652173913043,0.2608695652173913
142739,0.7,0.0,0.0,0.3
158509,0.5416666666666666,0.16666666666666666,0.041666666666666664,0.25
135720,0.5,0.0,0.1875,0.3125
326901,0.6,0.0,0.0,0.4
326899,0.6666666666666666,0.0,0.0,0.3333333333333333
42640,0.25,0.0,0.08333333333333333,0.6666666666666666
837909,0.4444444444444444,0.0,0.1111111111111111,0.4444444444444444
738134,0.875,0.0,0.0,0.125
7216279,0.6,0.0,0.2,0.2
309889,0.5714285714285714,0.0,0.0,0.42857142857142855
456791,0.47058823529411764,0.0,0.0,0.5294117647058824
370205,0.1111111111111111,0.0,0.3333333333333333,0.5555555555555556
956407,0.88,0.0,0.04,0.08
866967,0.7142857142857143,0.07142857142857142,0.0,0.21428571428571427
1578265,0.4166666666666667,0.08333333333333333,0.0,0.5
1529074,0.0,0.0,0.09090909090909091,0.9090909090909091
844096,0.0,0.0,0.07692307692307693,0.9230769230769231
866882,0.6666666666666666,0.2222222222222222,0.0,0.1111111111111111
206792,0.8888888888888888,0.0,0.0,0.1111111111111111
384422,0.5,0.0,0.0,0.5
169533,0.25,0.0,0.0,0.75
500874,0.23076923076923078,0.0,0.15384615384615385,0.6153846153846154
370079,0.25,0.08333333333333333,0.0,0.6666666666666666
501699,0.5714285714285714,0.0,0.0,0.42857142857142855
143210,0.6666666666666666,0.0,0.0,0.3333333333333333
73882,0.3,0.0,0.1,0.6
260428,0.5384615384615384,0.038461538461538464,0.0,0.4230769230769231
299974,0.4166666666666667,0.08333333333333333,0.08333333333333333,0.4166666666666667
284548,0.4166666666666667,0.0,0.08333333333333333,0.5
279830,0.0,0.14285714285714285,0.0,0.8571428571428571
5291763,0.4444444444444444,0.0,0.0,0.5555555555555556
1509238,0.6,0.0,0.1,0.3
151870,0.5977011494252874,0.14942528735632185,0.11494252873563218,0.13793103448275862
165792,0.38461538461538464,0.0,0.05128205128205128,0.5641025641025641
703025,0.6363636363636364,0.18181818181818182,0.0,0.18181818181818182
1055360,0.7857142857142857,0.0,0.0,0.21428571428571427
1496529,0.08333333333333333,0.0,0.08333333333333333,0.8333333333333334
250148,0.5,0.25,0.1,0.15
4442693,0.7,0.0,0.1,0.2
116552,0.8666666666666667,0.0,0.0,0.13333333333333333
645280,0.3076923076923077,0.0,0.0,0.6923076923076923
1600057,0.5,0.0,0.0,0.5
719091,0.6818181818181818,0.13636363636363635,0.045454545454545456,0.13636363636363635
2952122,0.16666666666666666,0.0,0.6666666666666666,0.16666666666666666
749407,0.5925925925925926,0.1111111111111111,0.1111111111111111,0.18518518518518517
898701,0.45454545454545453,0.0,0.0,0.5454545454545454
1242104,0.23529411764705882,0.0,0.17647058823529413,0.5882352941176471
125534,0.47058823529411764,0.058823529411764705,0.17647058823529413,0.29411764705882354
717365,0.45454545454545453,0.0,0.09090909090909091,0.45454545454545453
140644,0.45454545454545453,0.2727272727272727,0.09090909090909091,0.18181818181818182
1157969,0.8421052631578947,0.05263157894736842,0.0,0.10526315789473684
514204,0.5789473684210527,0.42105263157894735,0.0,0.0
1008035,0.1125,0.0,0.1875,0.7
552250,0.16666666666666666,0.0,0.0,0.8333333333333334
1414525,0.5833333333333334,0.0,0.0,0.4166666666666667
468897,0.52,0.0,0.0,0.48
299538,1.0,0.0,0.0,0.0
360867,0.6363636363636364,0.18181818181818182,0.0,0.18181818181818182
864150,0.21428571428571427,0.0,0.0,0.7857142857142857
632272,0.3333333333333333,0.0,0.0,0.6666666666666666
88086,0.36363636363636365,0.09090909090909091,0.0,0.5454545454545454
705856,0.875,0.125,0.0,0.0
175007,0.23076923076923078,0.0,0.07692307692307693,0.6923076923076923
150554,0.6666666666666666,0.0,0.0,0.3333333333333333
202473,0.59375,0.0,0.0625,0.34375
1272421,0.02631578947368421,0.0,0.13157894736842105,0.8421052631578947
402734,0.8,0.0,0.0,0.2
1420874,0.4444444444444444,0.0,0.0,0.5555555555555556
741096,0.42857142857142855,0.42857142857142855,0.0,0.14285714285714285
345480,0.22727272727272727,0.0,0.0,0.7727272727272727
997608,0.3333333333333333,0.0,0.0,0.6666666666666666
348050,0.9411764705882353,0.0,0.058823529411764705,0.0
378163,0.5714285714285714,0.0,0.0,0.42857142857142855
865516,0.2,0.0,0.0,0.8
780507,0.8,0.0,0.0,0.2
584539,0.9375,0.0,0.0,0.0625
1151492,0.9333333333333333,0.0,0.0,0.06666666666666667
6534661,0.2,0.1,0.0,0.7
1223244,0.2222222222222222,0.0,0.0,0.7777777777777778
225958,0.6666666666666666,0.1111111111111111,0.0,0.2222222222222222
117014,0.6,0.0,0.0,0.4
1201147,0.35714285714285715,0.35714285714285715,0.07142857142857142,0.21428571428571427
936430,0.8888888888888888,0.0,0.0,0.1111111111111111
65858,0.4782608695652174,0.043478260869565216,0.043478260869565216,0.43478260869565216
402853,0.5652173913043478,0.0,0.043478260869565216,0.391304347826087
724618,0.391304347826087,0.0,0.08695652173913043,0.5217391304347826
65854,0.6222222222222222,0.022222222222222223,0.022222222222222223,0.3333333333333333
576511,0.23076923076923078,0.0,0.5384615384615384,0.23076923076923078
1112658,0.6666666666666666,0.0,0.16666666666666666,0.16666666666666666
68606,0.6521739130434783,0.043478260869565216,0.08695652173913043,0.21739130434782608
484824,0.5454545454545454,0.0,0.0,0.45454545454545453
188277,0.4482758620689655,0.011494252873563218,0.3333333333333333,0.20689655172413793
24045,0.5034965034965035,0.006993006993006993,0.26573426573426573,0.22377622377622378
192241,0.43478260869565216,0.0,0.0,0.5652173913043478
578798,0.5483870967741935,0.0,0.03225806451612903,0.41935483870967744
239836,0.3333333333333333,0.06666666666666667,0.06666666666666667,0.5333333333333333
275776,0.6,0.04,0.0,0.36
693720,0.4,0.0,0.1,0.5
220542,0.3333333333333333,0.08333333333333333,0.08333333333333333,0.5
57069,0.4074074074074074,0.0,0.07407407407407407,0.5185185185185185
218931,0.375,0.0,0.0,0.625
239790,0.3076923076923077,0.07692307692307693,0.07692307692307693,0.5384615384615384
220578,0.6,0.0,0.0,0.4
65903,0.44086021505376344,0.010752688172043012,0.3118279569892473,0.23655913978494625
852712,0.0,0.0,0.18181818181818182,0.8181818181818182
25768,0.6,0.0,0.08,0.32
436949,0.3076923076923077,0.0,0.15384615384615385,0.5384615384615384
1428854,0.2,0.0,0.5,0.3
502798,0.7368421052631579,0.2631578947368421,0.0,0.0
7372459,0.8333333333333334,0.08333333333333333,0.0,0.08333333333333333
3647356,0.045454545454545456,0.0,0.22727272727272727,0.7272727272727273
566305,0.3333333333333333,0.0,0.16666666666666666,0.5
733006,0.7741935483870968,0.0967741935483871,0.03225806451612903,0.0967741935483871
265508,0.5555555555555556,0.0,0.0,0.4444444444444444
3540419,0.06666666666666667,0.0,0.0,0.9333333333333333
814628,0.84,0.04,0.04,0.08
6353961,0.0,0.0,0.0,1.0
1306102,0.08333333333333333,0.0,0.16666666666666666,0.75
6493267,0.7,0.15,0.05,0.1
1126562,0.0,0.0,1.0,0.0
6627563,0.0,0.0,1.0,0.0
1017457,0.21052631578947367,0.0,0.47368421052631576,0.3157894736842105
620417,0.1111111111111111,0.0,0.0,0.8888888888888888
879863,0.65,0.0,0.05,0.3
1025225,0.4666666666666667,0.0,0.06666666666666667,0.4666666666666667
1206913,0.0,0.0,0.9629629629629629,0.037037037037037035
1271847,0.06666666666666667,0.0,0.26666666666666666,0.6666666666666666
852988,0.24,0.0,0.46,0.3
1250147,0.0,0.0,0.06666666666666667,0.9333333333333333
1273375,0.5333333333333333,0.0,0.0,0.4666666666666667
50289,0.4853801169590643,0.0,0.40350877192982454,0.1111111111111111
6773878,0.8947368421052632,0.05263157894736842,0.0,0.05263157894736842
1441282,0.5454545454545454,0.09090909090909091,0.09090909090909091,0.2727272727272727
4407583,0.8125,0.0,0.0625,0.125
628838,0.8409090909090909,0.06818181818181818,0.0,0.09090909090909091
6413482,0.05128205128205128,0.0,0.3717948717948718,0.5769230769230769
1500357,0.4444444444444444,0.1111111111111111,0.0,0.4444444444444444
737901,0.23076923076923078,0.0,0.038461538461538464,0.7307692307692307
1290559,0.7777777777777778,0.0,0.0,0.2222222222222222
129555,0.6190476190476191,0.0,0.38095238095238093,0.0
709774,0.75,0.0,0.0,0.25
370918,0.625,0.0,0.0,0.375
1127064,0.0,0.0,0.2222222222222222,0.7777777777777778
450646,0.05263157894736842,0.0,0.6842105263157895,0.2631578947368421
205113,0.4,0.1,0.0,0.5
3097185,0.125,0.0,0.0,0.875
651729,0.23076923076923078,0.07692307692307693,0.0,0.6923076923076923
1308840,0.5555555555555556,0.0,0.0,0.4444444444444444
1586419,0.0,0.0,0.3,0.7
144677,1.0,0.0,0.0,0.0
1513665,0.6923076923076923,0.0,0.0,0.3076923076923077
516585,0.16666666666666666,0.0,0.03333333333333333,0.8
12897,0.2054794520547945,0.0,0.0410958904109589,0.7534246575342466
428048,0.8518518518518519,0.0,0.0,0.14814814814814814
453873,0.8235294117647058,0.058823529411764705,0.0,0.11764705882352941
77061,0.27835051546391754,0.0,0.1134020618556701,0.6082474226804123
547161,0.38461538461538464,0.07692307692307693,0.0,0.5384615384615384
587767,0.7777777777777778,0.0,0.0,0.2222222222222222
633434,0.6153846153846154,0.0,0.15384615384615385,0.23076923076923078
1223008,0.5,0.1,0.0,0.4
771151,0.7058823529411765,0.0,0.058823529411764705,0.23529411764705882
1096217,0.5454545454545454,0.0,0.0,0.45454545454545453
2897801,0.6538461538461539,0.0,0.0,0.34615384615384615
612127,0.75,0.25,0.0,0.0
1577764,0.35714285714285715,0.0,0.0,0.6428571428571429
184490,0.7692307692307693,0.23076923076923078,0.0,0.0
1050634,0.7777777777777778,0.0,0.0,0.2222222222222222
70295,0.4444444444444444,0.0,0.0,0.5555555555555556
841483,0.5,0.0,0.0,0.5
7061534,0.6,0.0,0.06666666666666667,0.3333333333333333
500654,0.09090909090909091,0.0,0.0,0.9090909090909091
497303,0.3375,0.0125,0.1375,0.5125
685310,0.15,0.0,0.35,0.5
620278,0.09090909090909091,0.0,0.5454545454545454,0.36363636363636365
340933,0.9375,0.0,0.0,0.0625
479914,0.06896551724137931,0.0,0.20689655172413793,0.7241379310344828
568071,0.25,0.0,0.0,0.75
53908,0.09090909090909091,0.0,0.2909090909090909,0.6181818181818182
783181,0.1111111111111111,0.0,0.4444444444444444,0.4444444444444444
53850,0.037037037037037035,0.0,0.1111111111111111,0.8518518518518519
1396788,0.0,0.0,0.07142857142857142,0.9285714285714286
53903,0.0,0.0,0.25,0.75
53875,0.0,0.0,0.0,1.0
53845,0.024096385542168676,0.0,0.37349397590361444,0.6024096385542169
1030157,0.46153846153846156,0.0,0.0,0.5384615384615384
729243,0.36363636363636365,0.0,0.0,0.6363636363636364
552858,0.0,0.0,0.5,0.5
127354,0.1875,0.0,0.375,0.4375
53914,0.0,0.0,0.375,0.625
1033400,0.45454545454545453,0.09090909090909091,0.0,0.45454545454545453
64678,0.5,0.0,0.07142857142857142,0.42857142857142855
954709,0.25,0.0,0.25,0.5
217495,0.45454545454545453,0.09090909090909091,0.18181818181818182,0.2727272727272727
856639,0.6153846153846154,0.0,0.0,0.38461538461538464
654844,0.2857142857142857,0.0,0.14285714285714285,0.5714285714285714
530053,0.5555555555555556,0.0,0.0,0.4444444444444444
5011017,0.42857142857142855,0.0,0.2857142857142857,0.2857142857142857
5011053,0.75,0.0,0.0,0.25
487103,0.8235294117647058,0.058823529411764705,0.0,0.11764705882352941
689712,0.8333333333333334,0.0,0.0,0.16666666666666666
7122967,0.2857142857142857,0.0,0.0,0.7142857142857143
802409,0.6666666666666666,0.0,0.0,0.3333333333333333
7016794,0.0,0.0,0.2,0.8
3180952,0.3,0.0,0.0,0.7
922201,0.1111111111111111,0.0,0.0,0.8888888888888888
101490,0.3,0.0,0.1,0.6
746461,0.11363636363636363,0.0,0.36363636363636365,0.5227272727272727
783196,0.0,0.0,0.5,0.5
125566,0.4375,0.0,0.125,0.4375
1313214,0.0,0.0,0.0,1.0
314785,0.7142857142857143,0.0,0.0,0.2857142857142857
717285,0.16666666666666666,0.16666666666666666,0.0,0.6666666666666666
378588,0.625,0.0,0.0,0.375
1428502,0.0,0.0,0.8695652173913043,0.13043478260869565
486675,0.7272727272727273,0.0,0.0,0.2727272727272727
542754,0.2,0.0,0.1,0.7
941562,0.42105263157894735,0.0,0.21052631578947367,0.3684210526315789
556322,0.9285714285714286,0.0,0.0,0.07142857142857142
390053,0.9090909090909091,0.0,0.0,0.09090909090909091
409508,0.09090909090909091,0.18181818181818182,0.18181818181818182,0.5454545454545454
1322923,0.47058823529411764,0.0,0.0,0.5294117647058824
7046884,0.43478260869565216,0.0,0.17391304347826086,0.391304347826087
827112,0.29411764705882354,0.0,0.0,0.7058823529411765
11818,0.8571428571428571,0.09523809523809523,0.0,0.047619047619047616
1051558,0.6666666666666666,0.2222222222222222,0.0,0.1111111111111111
1219318,1.0,0.0,0.0,0.0
431859,0.16666666666666666,0.0,0.0,0.8333333333333334
764878,0.3157894736842105,0.0,0.0,0.6842105263157895
442353,1.0,0.0,0.0,0.0
306502,0.5,0.28125,0.0,0.21875
57930,0.3684210526315789,0.0,0.0,0.631578947368421
497451,0.6470588235294118,0.0,0.0,0.35294117647058826
942158,0.6666666666666666,0.0,0.1111111111111111,0.2222222222222222
6381109,0.08333333333333333,0.0,0.0,0.9166666666666666
48244,0.9333333333333333,0.0,0.0,0.06666666666666667
784046,0.18181818181818182,0.0,0.0,0.8181818181818182
1859316,0.5,0.0,0.0,0.5
87838,0.5,0.08333333333333333,0.0,0.4166666666666667
575208,1.0,0.0,0.0,0.0
246350,0.04,0.0,0.24,0.72
375962,0.16,0.0,0.0,0.84
285112,0.1111111111111111,0.4444444444444444,0.0,0.4444444444444444
427833,0.9230769230769231,0.07692307692307693,0.0,0.0
812858,0.7142857142857143,0.0,0.0,0.2857142857142857
615049,0.5,0.1,0.0,0.4
456263,0.0,0.0,0.1875,0.8125
141991,0.08333333333333333,0.0,0.08333333333333333,0.8333333333333334
786937,0.3684210526315789,0.10526315789473684,0.0,0.5263157894736842
414839,0.3333333333333333,0.0,0.0,0.6666666666666666
644668,0.3,0.0,0.0,0.7
1295965,0.058823529411764705,0.0,0.0,0.9411764705882353
507916,0.7142857142857143,0.0,0.0,0.2857142857142857
1552810,0.6666666666666666,0.0,0.0,0.3333333333333333
716116,0.23529411764705882,0.11764705882352941,0.058823529411764705,0.5882352941176471
557145,0.7678571428571429,0.05357142857142857,0.07142857142857142,0.10714285714285714
444189,0.5238095238095238,0.2857142857142857,0.0,0.19047619047619047
1009601,0.25,0.0,0.0,0.75
6421189,0.5833333333333334,0.0,0.0,0.4166666666666667
1402009,0.5454545454545454,0.0,0.0,0.45454545454545453
1466578,0.25,0.0,0.0,0.75
1028754,0.0,0.0,0.0,1.0
513294,0.8333333333333334,0.0,0.0,0.16666666666666666
856380,0.5,0.2,0.0,0.3
360075,0.4,0.06666666666666667,0.2,0.3333333333333333
1099008,0.16666666666666666,0.0,0.16666666666666666,0.6666666666666666
222417,0.4,0.0,0.2,0.4
776037,0.09090909090909091,0.0,0.5,0.4090909090909091
6931369,0.0,0.0,0.4,0.6
732296,1.0,0.0,0.0,0.0
231512,0.875,0.0,0.0,0.125
435118,0.6923076923076923,0.0,0.0,0.3076923076923077
824873,0.2222222222222222,0.0,0.0,0.7777777777777778
307469,0.4,0.0,0.4,0.2
518622,0.5,0.09090909090909091,0.13636363636363635,0.2727272727272727
321609,0.7058823529411765,0.0,0.0,0.29411764705882354
1570160,0.5,0.0,0.0,0.5
86617,0.56,0.28,0.0,0.16
1864039,0.41025641025641024,0.07692307692307693,0.1794871794871795,0.3333333333333333
321595,0.9090909090909091,0.0,0.0,0.09090909090909091
210413,0.5,0.0,0.1,0.4
532229,0.10526315789473684,0.0,0.21052631578947367,0.6842105263157895
568526,0.7,0.1,0.0,0.2
255036,1.0,0.0,0.0,0.0
594391,0.375,0.125,0.0,0.5
313492,0.391304347826087,0.0,0.17391304347826086,0.43478260869565216
316251,0.8,0.1,0.0,0.1
36262,0.8969072164948454,0.010309278350515464,0.0,0.09278350515463918
398885,0.875,0.0,0.0,0.125
153567,0.125,0.125,0.1875,0.5625
223895,0.125,0.125,0.0,0.75
439976,0.0,0.0,0.2,0.8
6497759,0.3409090909090909,0.4318181818181818,0.09090909090909091,0.13636363636363635
5841655,0.17647058823529413,0.0,0.0,0.8235294117647058
7123880,0.4444444444444444,0.0,0.0,0.5555555555555556
7030667,0.1,0.0,0.1,0.8
6410127,0.36363636363636365,0.0,0.0,0.6363636363636364
821601,0.5,0.0,0.0,0.5
5108469,1.0,0.0,0.0,0.0
1603590,0.058823529411764705,0.0,0.0,0.9411764705882353
725219,0.5714285714285714,0.0,0.0,0.42857142857142855
17511,0.5,0.0,0.07142857142857142,0.42857142857142855
5478664,0.0,0.0,0.0,1.0
6857086,0.5,0.0,0.0,0.5
398655,0.7692307692307693,0.0,0.0,0.23076923076923078
225720,0.14285714285714285,0.14285714285714285,0.0,0.7142857142857143
787731,0.7058823529411765,0.0,0.0,0.29411764705882354
238040,0.5,0.0,0.0,0.5
234706,0.5,0.0,0.0,0.5
607680,0.5,0.0,0.16666666666666666,0.3333333333333333
66597,0.8571428571428571,0.0,0.0,0.14285714285714285
485560,0.2222222222222222,0.0,0.0,0.7777777777777778
1406508,0.0,0.0,0.14285714285714285,0.8571428571428571
20583,0.4117647058823529,0.0,0.4789915966386555,0.1092436974789916
59288,0.5625,0.0,0.16666666666666666,0.2708333333333333
907075,0.5,0.0,0.1,0.4
668308,0.4,0.05,0.15,0.4
59278,0.5111111111111111,0.0,0.28888888888888886,0.2
59272,0.2535211267605634,0.0,0.647887323943662,0.09859154929577464
59268,0.6097560975609756,0.07317073170731707,0.21951219512195122,0.0975609756097561
59261,0.7105263157894737,0.02631578947368421,0.21052631578947367,0.05263157894736842
59259,0.7073170731707317,0.0,0.17073170731707318,0.12195121951219512
6279270,0.13513513513513514,0.0,0.1891891891891892,0.6756756756756757
239809,0.36363636363636365,0.09090909090909091,0.09090909090909091,0.45454545454545453
239772,0.4,0.1,0.0,0.5
468938,0.6538461538461539,0.3076923076923077,0.0,0.038461538461538464
4255522,0.5833333333333334,0.0,0.08333333333333333,0.3333333333333333
6599862,0.45454545454545453,0.0,0.2727272727272727,0.2727272727272727
826498,0.08461538461538462,0.015384615384615385,0.6307692307692307,0.2692307692307692
153779,0.7647058823529411,0.058823529411764705,0.0,0.17647058823529413
303070,0.5,0.0,0.0,0.5
1351965,0.8333333333333334,0.08333333333333333,0.0,0.08333333333333333
405054,0.7241379310344828,0.034482758620689655,0.0,0.2413793103448276
971482,0.14285714285714285,0.0,0.14285714285714285,0.7142857142857143
874794,0.6666666666666666,0.13333333333333333,0.0,0.2
513386,0.6,0.0,0.1,0.3
747134,0.8181818181818182,0.0,0.09090909090909091,0.09090909090909091
1577763,0.25,0.0,0.0,0.75
172225,0.7,0.0,0.1,0.2
184560,0.4166666666666667,0.5,0.0,0.08333333333333333
507781,0.5,0.0,0.16666666666666666,0.3333333333333333
293051,0.14285714285714285,0.0,0.14285714285714285,0.7142857142857143
268548,0.2857142857142857,0.07142857142857142,0.2857142857142857,0.35714285714285715
403131,0.09090909090909091,0.0,0.2727272727272727,0.6363636363636364
156801,0.058823529411764705,0.0,0.11764705882352941,0.8235294117647058
205109,0.4444444444444444,0.0,0.2222222222222222,0.3333333333333333
4516734,0.75,0.09375,0.0,0.15625
5310377,1.0,0.0,0.0,0.0
966473,0.16666666666666666,0.6666666666666666,0.0,0.16666666666666666
2713786,0.6,0.0,0.0,0.4
1319674,0.3333333333333333,0.1111111111111111,0.0,0.5555555555555556
743293,0.16666666666666666,0.0,0.625,0.20833333333333334
179932,0.6388888888888888,0.19444444444444445,0.027777777777777776,0.1388888888888889
776029,0.0,0.0,0.8,0.2
553002,0.05517241379310345,0.0,0.6482758620689655,0.296551724137931
927884,0.46153846153846156,0.07692307692307693,0.07692307692307693,0.38461538461538464
1274523,1.0,0.0,0.0,0.0
502863,0.5,0.029411764705882353,0.29411764705882354,0.17647058823529413
3020726,0.0,0.0,0.0,1.0
331193,0.5454545454545454,0.2727272727272727,0.045454545454545456,0.13636363636363635
1247356,0.5454545454545454,0.0,0.2727272727272727,0.18181818181818182
140550,0.3333333333333333,0.6666666666666666,0.0,0.0
6740941,0.0,0.0,1.0,0.0
51015,0.25,0.1875,0.25,0.3125
52493,0.4166666666666667,0.0,0.16666666666666666,0.4166666666666667
79954,0.1111111111111111,0.0,0.0,0.8888888888888888
110883,0.5,0.0,0.1,0.4
52507,0.4,0.0,0.6,0.0
6896702,0.25,0.0,0.25,0.5
697218,0.8214285714285714,0.10714285714285714,0.0,0.07142857142857142
7004921,0.4,0.0,0.2,0.4
6396803,0.875,0.0,0.0,0.125
682612,0.3,0.0,0.1,0.6
1596544,0.045454545454545456,0.0,0.8181818181818182,0.13636363636363635
6951474,0.0,0.0,0.0,1.0
1355273,0.5454545454545454,0.0,0.09090909090909091,0.36363636363636365
516669,0.5333333333333333,0.06666666666666667,0.13333333333333333,0.26666666666666666
1349835,0.36363636363636365,0.0,0.0,0.6363636363636364
1397531,0.6,0.0,0.13333333333333333,0.26666666666666666
1140963,0.5555555555555556,0.1111111111111111,0.2222222222222222,0.1111111111111111
991764,0.06666666666666667,0.0,0.26666666666666666,0.6666666666666666
300381,0.36363636363636365,0.45454545454545453,0.0,0.18181818181818182
733302,0.5294117647058824,0.058823529411764705,0.17647058823529413,0.23529411764705882
377923,0.9411764705882353,0.0,0.0,0.058823529411764705
505563,0.1,0.0,0.0,0.9
1006616,0.42857142857142855,0.0,0.0,0.5714285714285714
717741,0.6637168141592921,0.0,0.19469026548672566,0.1415929203539823
94061,0.2,0.0,0.1,0.7
1097348,0.5882352941176471,0.11764705882352941,0.058823529411764705,0.23529411764705882
80571,0.5333333333333333,0.0,0.0,0.4666666666666667
115854,0.14285714285714285,0.0,0.2857142857142857,0.5714285714285714
3682704,0.5,0.0,0.0,0.5
112998,0.3333333333333333,0.0,0.25,0.4166666666666667
783150,0.09090909090909091,0.09090909090909091,0.45454545454545453,0.36363636363636365
984827,0.0,0.0,0.09090909090909091,0.9090909090909091
1120633,0.8,0.0,0.0,0.2
904254,0.2,0.0,0.1,0.7
221579,0.18181818181818182,0.18181818181818182,0.45454545454545453,0.18181818181818182
156765,0.3333333333333333,0.0,0.0,0.6666666666666666
153462,0.5555555555555556,0.0,0.1111111111111111,0.3333333333333333
174520,0.8888888888888888,0.0,0.0,0.1111111111111111
941413,0.18518518518518517,0.0,0.037037037037037035,0.7777777777777778
10670,0.4,0.0,0.0,0.6
587431,0.5,0.0,0.0,0.5
616355,0.6875,0.0625,0.0,0.25
25231,0.7894736842105263,0.15789473684210525,0.0,0.05263157894736842
2587660,1.0,0.0,0.0,0.0
1361227,0.775,0.0,0.025,0.2
255349,0.4444444444444444,0.0,0.0,0.5555555555555556
273060,0.29411764705882354,0.0,0.11764705882352941,0.5882352941176471
372347,0.625,0.0,0.041666666666666664,0.3333333333333333
1055026,0.68,0.0,0.04,0.28
1386529,0.46153846153846156,0.0,0.15384615384615385,0.38461538461538464
649574,0.3333333333333333,0.0,0.0,0.6666666666666666
594026,0.5294117647058824,0.0,0.058823529411764705,0.4117647058823529
6932846,0.7307692307692307,0.038461538461538464,0.0,0.23076923076923078
7061694,0.5714285714285714,0.0,0.0,0.42857142857142855
1573705,0.1111111111111111,0.0,0.4444444444444444,0.4444444444444444
356215,0.7368421052631579,0.21052631578947367,0.0,0.05263157894736842
1404086,0.7692307692307693,0.0,0.07692307692307693,0.15384615384615385
1420649,0.5714285714285714,0.0,0.0,0.42857142857142855
988224,0.16666666666666666,0.0,0.0,0.8333333333333334
837229,0.375,0.0,0.0,0.625
377663,0.45454545454545453,0.045454545454545456,0.0,0.5
170105,0.7777777777777778,0.0,0.0,0.2222222222222222
170787,0.25,0.08333333333333333,0.16666666666666666,0.5
524751,0.6,0.0,0.0,0.4
171673,0.75,0.0,0.0,0.25
170068,0.6,0.1,0.2,0.1
148295,0.5,0.0,0.0,0.5
151104,0.3076923076923077,0.0,0.0,0.6923076923076923
265757,0.7,0.2,0.0,0.1
747214,0.7777777777777778,0.0,0.0,0.2222222222222222
940206,0.09090909090909091,0.09090909090909091,0.18181818181818182,0.6363636363636364
512596,0.7777777777777778,0.1111111111111111,0.0,0.1111111111111111
1126111,0.25,0.0,0.25,0.5
280709,0.5,0.0,0.0,0.5
224890,0.47058823529411764,0.0,0.0,0.5294117647058824
485883,0.8571428571428571,0.0,0.0,0.14285714285714285
5365268,0.0,0.0,0.5714285714285714,0.42857142857142855
399372,0.9090909090909091,0.09090909090909091,0.0,0.0
6249058,0.7272727272727273,0.09090909090909091,0.030303030303030304,0.15151515151515152
6477186,0.0,0.0,0.0,1.0
247628,0.45454545454545453,0.0,0.18181818181818182,0.36363636363636365
705100,0.28125,0.0,0.53125,0.1875
105073,0.5882352941176471,0.058823529411764705,0.0,0.35294117647058826
578838,0.4,0.0,0.0,0.6
318923,0.3076923076923077,0.07692307692307693,0.07692307692307693,0.5384615384615384
753292,0.375,0.0,0.125,0.5
23179,0.45454545454545453,0.006060606060606061,0.32727272727272727,0.21212121212121213
24533,0.5660377358490566,0.0,0.22641509433962265,0.20754716981132076
244268,0.410958904109589,0.0273972602739726,0.4657534246575342,0.0958904109589041
634361,0.3389830508474576,0.0,0.5423728813559322,0.11864406779661017
56242,0.5925925925925926,0.0,0.3950617283950617,0.012345679012345678
4045589,0.2222222222222222,0.0,0.4444444444444444,0.3333333333333333
68697,0.5517241379310345,0.0,0.13793103448275862,0.3103448275862069
826299,0.5294117647058824,0.0,0.11764705882352941,0.35294117647058826
119155,0.4090909090909091,0.0,0.4090909090909091,0.18181818181818182
372096,0.7142857142857143,0.047619047619047616,0.047619047619047616,0.19047619047619047
73512,0.5454545454545454,0.0,0.0,0.45454545454545453
14689,0.5555555555555556,0.0,0.0,0.4444444444444444
883087,0.0,0.0,0.8,0.2
109815,0.5,0.0,0.24,0.26
24782,0.5735294117647058,0.007352941176470588,0.3235294117647059,0.09558823529411764
7199220,0.5925925925925926,0.07407407407407407,0.14814814814814814,0.18518518518518517
113461,0.5,0.0625,0.0,0.4375
487784,0.6,0.0,0.0,0.4
985806,0.15384615384615385,0.0,0.3076923076923077,0.5384615384615384
598580,0.0,0.0,0.6666666666666666,0.3333333333333333
6188911,0.15384615384615385,0.0,0.0,0.8461538461538461
561981,0.9375,0.0,0.0,0.0625
3856903,1.0,0.0,0.0,0.0
407665,0.2894736842105263,0.0,0.05263157894736842,0.6578947368421053
510913,0.09090909090909091,0.0,0.09090909090909091,0.8181818181818182
1669916,0.375,0.125,0.0,0.5
641239,0.09090909090909091,0.0,0.7272727272727273,0.18181818181818182
789219,0.2222222222222222,0.0,0.5555555555555556,0.2222222222222222
300175,0.8333333333333334,0.16666666666666666,0.0,0.0
4590520,0.5,0.0,0.16666666666666666,0.3333333333333333
1567691,0.8888888888888888,0.0,0.0,0.1111111111111111
492093,0.625,0.0,0.25,0.125
73879,0.2857142857142857,0.0,0.5714285714285714,0.14285714285714285
54923,0.45454545454545453,0.0,0.45454545454545453,0.09090909090909091
231370,0.4444444444444444,0.0,0.1111111111111111,0.4444444444444444
152853,0.5,0.0,0.08823529411764706,0.4117647058823529
35615,0.4166666666666667,0.0,0.0,0.5833333333333334
98453,0.4666666666666667,0.0,0.26666666666666666,0.26666666666666666
951145,0.6,0.0,0.2,0.2
26179,0.2777777777777778,0.0,0.05555555555555555,0.6666666666666666
210698,0.5882352941176471,0.0,0.21568627450980393,0.19607843137254902
763221,0.1111111111111111,0.0,0.0,0.8888888888888888
256011,0.7142857142857143,0.07142857142857142,0.07142857142857142,0.14285714285714285
492849,0.6363636363636364,0.0,0.0,0.36363636363636365
3483960,0.6216216216216216,0.2972972972972973,0.0,0.08108108108108109
383148,0.9375,0.0625,0.0,0.0
2857173,0.3333333333333333,0.0,0.3333333333333333,0.3333333333333333
296716,0.8461538461538461,0.0,0.0,0.15384615384615385
543577,0.7333333333333333,0.0,0.0,0.26666666666666666
5068160,0.24489795918367346,0.12244897959183673,0.0,0.6326530612244898
200803,0.09090909090909091,0.0,0.18181818181818182,0.7272727272727273
2466480,0.7777777777777778,0.0,0.1111111111111111,0.1111111111111111
2539830,0.5714285714285714,0.14285714285714285,0.14285714285714285,0.14285714285714285
1104313,0.18181818181818182,0.0,0.0,0.8181818181818182
220530,0.45454545454545453,0.0,0.09090909090909091,0.45454545454545453
1251972,0.6071428571428571,0.0,0.21428571428571427,0.17857142857142858
1360791,0.5,0.0,0.0625,0.4375
355721,0.8666666666666667,0.13333333333333333,0.0,0.0
1242623,0.9230769230769231,0.0,0.0,0.07692307692307693
1279194,0.6742424242424242,0.14393939393939395,0.05303030303030303,0.12878787878787878
1885880,0.5,0.0,0.0,0.5
1693514,0.0,0.0,0.0,1.0
1693382,0.5,0.0,0.0,0.5
341426,0.42857142857142855,0.0,0.0,0.5714285714285714
1233111,0.625,0.0,0.0,0.375
65520,0.5384615384615384,0.0,0.0,0.46153846153846156
234626,0.2,0.0,0.5,0.3
255505,0.5555555555555556,0.1111111111111111,0.05555555555555555,0.2777777777777778
300758,0.6,0.2,0.13333333333333333,0.06666666666666667
322266,0.6,0.0,0.1,0.3
47093,0.05555555555555555,0.4444444444444444,0.3333333333333333,0.16666666666666666
153973,0.7777777777777778,0.0,0.0,0.2222222222222222
75143,0.3333333333333333,0.0,0.0,0.6666666666666666
228504,0.045454545454545456,0.0,0.7727272727272727,0.18181818181818182
228671,0.25,0.0,0.0,0.75
4067979,0.0625,0.0,0.25,0.6875
20313,0.541374474053296,0.014025245441795231,0.23281907433380084,0.211781206171108
176081,0.6923076923076923,0.07692307692307693,0.07692307692307693,0.15384615384615385
63226,0.48863636363636365,0.011363636363636364,0.32954545454545453,0.17045454545454544
24780,0.5859375,0.0,0.2734375,0.140625
242933,0.6571428571428571,0.0,0.02857142857142857,0.3142857142857143
23181,0.5315315315315315,0.013513513513513514,0.26126126126126126,0.19369369369369369
292998,0.5,0.0,0.18181818181818182,0.3181818181818182
375910,0.5833333333333334,0.0,0.16666666666666666,0.25
88438,0.5576923076923077,0.019230769230769232,0.21153846153846154,0.21153846153846154
3356872,0.2564102564102564,0.02564102564102564,0.07692307692307693,0.6410256410256411
206740,0.32432432432432434,0.013513513513513514,0.5,0.16216216216216217
218602,0.4,0.0,0.36666666666666664,0.23333333333333334
23944,0.48148148148148145,0.0,0.18518518518518517,0.3333333333333333
102183,0.4642857142857143,0.0,0.2857142857142857,0.25
145594,0.6923076923076923,0.0,0.07692307692307693,0.23076923076923078
29575,0.4583333333333333,0.0,0.20833333333333334,0.3333333333333333
1245999,0.23809523809523808,0.0,0.0,0.7619047619047619
1418554,1.0,0.0,0.0,0.0
746752,0.2727272727272727,0.0,0.45454545454545453,0.2727272727272727
17180,0.7777777777777778,0.0,0.0,0.2222222222222222
164910,0.43478260869565216,0.0,0.34782608695652173,0.21739130434782608
347562,0.7142857142857143,0.0,0.0,0.2857142857142857
2953630,0.0,0.0,0.07142857142857142,0.9285714285714286
99025,0.45454545454545453,0.09090909090909091,0.09090909090909091,0.36363636363636365
6354103,0.0,0.0,0.0,1.0
6420514,0.9166666666666666,0.0,0.08333333333333333,0.0
511665,0.14285714285714285,0.14285714285714285,0.0,0.7142857142857143
64684,0.55,0.0,0.35,0.1
1902173,0.42857142857142855,0.0,0.0,0.5714285714285714
270914,0.75,0.0,0.125,0.125
1566368,0.21621621621621623,0.16216216216216217,0.16216216216216217,0.4594594594594595
1208312,0.0,0.0,0.5833333333333334,0.4166666666666667
949206,0.6666666666666666,0.0,0.0,0.3333333333333333
941566,0.5,0.0,0.0,0.5
840389,1.0,0.0,0.0,0.0
1291209,0.2857142857142857,0.0,0.23809523809523808,0.47619047619047616
1450170,0.1111111111111111,0.0,0.0,0.8888888888888888
1176556,1.0,0.0,0.0,0.0
403550,0.3,0.0,0.0,0.7
682015,0.6,0.0,0.2,0.2
722924,0.3333333333333333,0.0,0.16666666666666666,0.5
800845,0.4,0.0,0.35,0.25
231368,0.6666666666666666,0.0,0.1111111111111111,0.2222222222222222
733015,0.3888888888888889,0.1111111111111111,0.16666666666666666,0.3333333333333333
682578,0.5,0.0,0.3,0.2
165951,0.6153846153846154,0.0,0.0,0.38461538461538464
576504,0.22058823529411764,0.014705882352941176,0.5882352941176471,0.17647058823529413
239784,0.4,0.2,0.0,0.4
233236,0.6,0.1,0.0,0.3
123968,0.5555555555555556,0.3333333333333333,0.1111111111111111,0.0
165204,0.4,0.0,0.0,0.6
25707,0.4782608695652174,0.0,0.17391304347826086,0.34782608695652173
982488,0.22727272727272727,0.0,0.09090909090909091,0.6818181818181818
1592509,0.0,0.0,0.0,1.0
329750,0.5,0.0,0.0,0.5
1265370,0.3333333333333333,0.0,0.0,0.6666666666666666
6545505,0.6333333333333333,0.26666666666666666,0.0,0.1
4593181,0.11764705882352941,0.0,0.0,0.8823529411764706
1477807,0.2222222222222222,0.0,0.4444444444444444,0.3333333333333333
779099,0.125,0.0,0.125,0.75
1139093,0.1,0.0,0.1,0.8
1178517,0.1,0.0,0.3,0.6
563731,0.1,0.0,0.72,0.18
823609,0.22727272727272727,0.0,0.6363636363636364,0.13636363636363635
895838,0.3,0.0,0.6,0.1
701849,0.14285714285714285,0.0,0.14285714285714285,0.7142857142857143
813720,0.875,0.0,0.0,0.125
1846198,0.0,0.0,0.0,1.0
7230102,0.25,0.4375,0.0,0.3125
6370233,0.03571428571428571,0.0,0.5714285714285714,0.39285714285714285
7353347,0.8571428571428571,0.14285714285714285,0.0,0.0
7310487,0.5833333333333334,0.0,0.16666666666666666,0.25
1551366,0.2,0.0,0.2,0.6
6701027,1.0,0.0,0.0,0.0
3312329,0.5,0.0,0.07142857142857142,0.42857142857142855
570532,0.0,0.8333333333333334,0.16666666666666666,0.0
840908,0.9090909090909091,0.0,0.0,0.09090909090909091
833003,0.4666666666666667,0.2,0.06666666666666667,0.26666666666666666
6429359,0.6666666666666666,0.25,0.0,0.08333333333333333
1298112,0.07692307692307693,0.0,0.07692307692307693,0.8461538461538461
1174456,0.5217391304347826,0.0,0.13043478260869565,0.34782608695652173
6334180,0.0,0.0,0.25,0.75
6554425,1.0,0.0,0.0,0.0
177949,0.14285714285714285,0.0,0.21428571428571427,0.6428571428571429
520778,0.8333333333333334,0.0,0.06666666666666667,0.1
659620,0.5454545454545454,0.2727272727272727,0.09090909090909091,0.09090909090909091
432902,0.7818181818181819,0.10909090909090909,0.01818181818181818,0.09090909090909091
111792,0.41509433962264153,0.018867924528301886,0.03773584905660377,0.5283018867924528
4040829,0.0,0.0,0.38461538461538464,0.6153846153846154
2954414,1.0,0.0,0.0,0.0
1181531,0.5833333333333334,0.0,0.16666666666666666,0.25
731872,1.0,0.0,0.0,0.0
575174,0.6923076923076923,0.07692307692307693,0.0,0.23076923076923078
841240,0.15384615384615385,0.0,0.23076923076923078,0.6153846153846154
6487036,0.0,0.0,0.0,1.0
900864,0.6666666666666666,0.1111111111111111,0.0,0.2222222222222222
747800,0.6666666666666666,0.0,0.06666666666666667,0.26666666666666666
3297387,0.5555555555555556,0.16666666666666666,0.05555555555555555,0.2222222222222222
3340744,0.07692307692307693,0.0,0.9230769230769231,0.0
6522252,1.0,0.0,0.0,0.0
682846,0.625,0.25,0.0,0.125
408500,0.42857142857142855,0.0,0.0,0.5714285714285714
726838,0.42857142857142855,0.03571428571428571,0.2857142857142857,0.25
6418190,0.0,0.0,0.0,1.0
562741,0.5454545454545454,0.45454545454545453,0.0,0.0
6972741,0.4666666666666667,0.23333333333333334,0.0,0.3
6892367,0.7948717948717948,0.02564102564102564,0.05128205128205128,0.1282051282051282
1373054,0.9166666666666666,0.0,0.0,0.08333333333333333
7039409,0.18181818181818182,0.0,0.2727272727272727,0.5454545454545454
5494766,0.07142857142857142,0.0,0.35714285714285715,0.5714285714285714
2387968,0.9354838709677419,0.06451612903225806,0.0,0.0
7207074,0.1,0.0,0.2,0.7
96487,0.18181818181818182,0.0,0.0,0.8181818181818182
2963183,0.7272727272727273,0.0,0.0,0.2727272727272727
602353,0.6923076923076923,0.0,0.0,0.3076923076923077
826429,0.3,0.1,0.0,0.6
658090,0.7,0.05,0.0,0.25
6291088,0.1038961038961039,0.012987012987012988,0.512987012987013,0.37012987012987014
1480187,0.7361111111111112,0.08333333333333333,0.0,0.18055555555555555
6910790,0.26666666666666666,0.4,0.0,0.3333333333333333
769872,0.023255813953488372,0.0,0.3488372093023256,0.627906976744186
1485697,0.5405405405405406,0.0,0.0,0.4594594594594595
7135358,0.9444444444444444,0.0,0.0,0.05555555555555555
540910,0.6666666666666666,0.0,0.0,0.3333333333333333
1311039,0.2857142857142857,0.42857142857142855,0.047619047619047616,0.23809523809523808
4740549,0.0,0.0,0.4090909090909091,0.5909090909090909
3762582,0.3888888888888889,0.05555555555555555,0.3333333333333333,0.2222222222222222
716844,0.6111111111111112,0.1111111111111111,0.05555555555555555,0.2222222222222222
928302,0.0,0.0,0.0,1.0
1174905,0.09523809523809523,0.0,0.047619047619047616,0.8571428571428571
6545890,0.2,0.0,0.2,0.6
7324223,0.3333333333333333,0.0,0.0,0.6666666666666666
549899,0.5,0.3,0.0,0.2
3423665,0.5454545454545454,0.09090909090909091,0.0,0.36363636363636365
530342,0.0,0.0,0.0,1.0
7110637,0.0,0.0,0.21428571428571427,0.7857142857142857
7416428,0.0,0.0,0.0,1.0
3641926,0.0,0.0,0.7692307692307693,0.23076923076923078
3316692,0.7647058823529411,0.0,0.058823529411764705,0.17647058823529413
6697419,1.0,0.0,0.0,0.0
1513212,0.5,0.0,0.0,0.5
6590289,0.4666666666666667,0.3333333333333333,0.0,0.2
1576798,1.0,0.0,0.0,0.0
1119539,0.0,0.0,0.0,1.0
7239187,0.21774193548387097,0.24193548387096775,0.04838709677419355,0.49193548387096775
1116963,1.0,0.0,0.0,0.0
6990740,0.7,0.1,0.1,0.1
6816325,0.875,0.0,0.0,0.125
6754149,0.041666666666666664,0.0,0.5416666666666666,0.4166666666666667
